# Blender 4.4.3
# www.blender.org
mtllib Cowboy Hat.mtl
o Hat
v -0.052943 0.028561 -0.584581
v -0.048436 0.026587 -0.538854
v -0.043929 0.024515 -0.493094
v -0.039448 0.022429 -0.447297
v -0.035016 0.020410 -0.401473
v -0.000000 0.019888 -0.402610
v -0.000000 0.021882 -0.448742
v -0.000000 0.023967 -0.494981
v -0.000000 0.026061 -0.541349
v -0.000000 0.028093 -0.587755
v -0.104956 0.029371 -0.575645
v -0.095947 0.027432 -0.531170
v -0.086961 0.025363 -0.486472
v -0.078051 0.023247 -0.441570
v -0.069258 0.021172 -0.396507
v -0.155500 0.030531 -0.561374
v -0.142035 0.028609 -0.518508
v -0.128641 0.026517 -0.475255
v -0.115397 0.024341 -0.431654
v -0.102362 0.022171 -0.387776
v -0.204064 0.032055 -0.542065
v -0.186224 0.030130 -0.501100
v -0.168535 0.027983 -0.459619
v -0.151097 0.025706 -0.417682
v -0.133983 0.023399 -0.375378
v -0.250161 0.033960 -0.517993
v -0.228068 0.032001 -0.479176
v -0.206236 0.029758 -0.439757
v -0.184786 0.027333 -0.399812
v -0.163802 0.024839 -0.359445
v -0.293337 0.036258 -0.489405
v -0.267150 0.034226 -0.452958
v -0.241371 0.031834 -0.415868
v -0.216135 0.029200 -0.378220
v -0.191531 0.026461 -0.340132
v -0.333172 0.038960 -0.456525
v -0.303095 0.036800 -0.422665
v -0.273607 0.034185 -0.388158
v -0.244854 0.031268 -0.353100
v -0.216923 0.028220 -0.317615
v -0.369302 0.042074 -0.419571
v -0.335585 0.039702 -0.388515
v -0.302668 0.036764 -0.356845
v -0.270705 0.033471 -0.324665
v -0.239775 0.030047 -0.292097
v -0.401429 0.045592 -0.378765
v -0.364365 0.042873 -0.350743
v -0.328342 0.039469 -0.322170
v -0.293513 0.035699 -0.293151
v -0.259939 0.031847 -0.263806
v -0.429337 0.049465 -0.334360
v -0.389270 0.046156 -0.309614
v -0.350499 0.042104 -0.284402
v -0.313174 0.037777 -0.258826
v -0.277287 0.033533 -0.232961
v -0.452917 0.053454 -0.286651
v -0.410237 0.049124 -0.265435
v -0.369106 0.044299 -0.243852
v -0.329661 0.039461 -0.221994
v -0.291509 0.035231 -0.199664
v -0.472222 0.056045 -0.235998
v -0.427341 0.050761 -0.218572
v -0.384228 0.045532 -0.200881
v -0.342819 0.040661 -0.182884
v -0.302813 0.036607 -0.164481
v -0.487371 0.056524 -0.182836
v -0.440667 0.051321 -0.169454
v -0.395946 0.046150 -0.155905
v -0.352850 0.041546 -0.142028
v -0.311561 0.037599 -0.127957
v -0.498336 0.056998 -0.127682
v -0.450261 0.051896 -0.118580
v -0.404342 0.046799 -0.109391
v -0.360115 0.042316 -0.099967
v -0.317987 0.038361 -0.090467
v -0.505161 0.057458 -0.071132
v -0.456207 0.052480 -0.066508
v -0.409524 0.047473 -0.061857
v -0.364622 0.043057 -0.057075
v -0.321924 0.039137 -0.052256
v -0.507547 0.057881 -0.013853
v -0.458282 0.053049 -0.013853
v -0.411326 0.048150 -0.013853
v -0.366133 0.043844 -0.013804
v -0.323211 0.039977 -0.013734
v -0.505164 0.057687 0.043426
v -0.456212 0.052823 0.038803
v -0.409518 0.047939 0.034151
v -0.364477 0.043743 0.029452
v -0.321734 0.039988 0.024769
v -0.498338 0.057141 0.099976
v -0.450264 0.052120 0.090874
v -0.404322 0.047130 0.081681
v -0.359875 0.042917 0.072309
v -0.317674 0.039157 0.062935
v -0.487371 0.056545 0.155130
v -0.440668 0.051393 0.141748
v -0.395925 0.046312 0.128192
v -0.352491 0.042065 0.114293
v -0.311151 0.038308 0.100352
v -0.472335 0.053784 0.208291
v -0.427406 0.049553 0.190865
v -0.384249 0.044849 0.173166
v -0.342171 0.040837 0.154931
v -0.301948 0.037302 0.136571
v -0.453082 0.049591 0.258942
v -0.410364 0.046356 0.237726
v -0.369196 0.042392 0.216143
v -0.329151 0.038665 0.193971
v -0.290436 0.035502 0.171419
v -0.429474 0.045501 0.306648
v -0.389392 0.042830 0.281902
v -0.350599 0.039501 0.256691
v -0.313069 0.035997 0.230990
v -0.276393 0.033134 0.204600
v -0.401531 0.041761 0.351051
v -0.364464 0.039415 0.323029
v -0.328429 0.036538 0.294457
v -0.293584 0.033342 0.265439
v -0.259579 0.030511 0.235738
v -0.369373 0.038428 0.391856
v -0.335657 0.036273 0.360800
v -0.302736 0.033707 0.329131
v -0.270764 0.030882 0.296951
v -0.239772 0.027957 0.264333
v -0.333219 0.035510 0.428810
v -0.303146 0.033466 0.394949
v -0.273656 0.031111 0.360442
v -0.244899 0.028541 0.325386
v -0.216960 0.025673 0.289901
v -0.293366 0.033006 0.461690
v -0.267182 0.031018 0.425243
v -0.241404 0.028803 0.388152
v -0.216166 0.026275 0.350504
v -0.191558 0.023477 0.312415
v -0.250178 0.030907 0.490279
v -0.228087 0.028937 0.451461
v -0.206257 0.026749 0.412042
v -0.184807 0.024137 0.372095
v -0.163820 0.021389 0.331727
v -0.204072 0.029203 0.514353
v -0.186235 0.027224 0.473386
v -0.168548 0.024887 0.431904
v -0.151109 0.022187 0.389964
v -0.133994 0.019476 0.347658
v -0.155504 0.027883 0.533663
v -0.142040 0.025816 0.490796
v -0.128648 0.023266 0.447539
v -0.115403 0.020484 0.403935
v -0.102368 0.017801 0.360053
v -0.104957 0.026936 0.547936
v -0.095950 0.024672 0.503460
v -0.086964 0.021941 0.458757
v -0.078053 0.019086 0.413851
v -0.069261 0.016422 0.368784
v -0.052943 0.026345 0.556874
v -0.048437 0.023851 0.511145
v -0.043930 0.020972 0.465381
v -0.039449 0.018052 0.419578
v -0.035017 0.015395 0.373749
v -0.000000 0.026085 0.560049
v -0.000000 0.023405 0.513642
v -0.000000 0.020410 0.467269
v -0.000000 0.017432 0.421025
v -0.000000 0.014766 0.374888
v 0.052943 0.026299 0.556874
v 0.048437 0.023652 0.511144
v 0.043930 0.020667 0.465380
v 0.039449 0.017688 0.419577
v 0.035017 0.015012 0.373748
v 0.104957 0.026898 0.547936
v 0.095950 0.024333 0.503459
v 0.086964 0.021385 0.458755
v 0.078053 0.018403 0.413848
v 0.069260 0.015695 0.368780
v 0.155504 0.027873 0.533663
v 0.142040 0.025443 0.490795
v 0.128647 0.022552 0.447537
v 0.115402 0.019564 0.403931
v 0.102367 0.016799 0.360049
v 0.204072 0.029203 0.514353
v 0.186235 0.026951 0.473385
v 0.168547 0.024136 0.431901
v 0.151107 0.021137 0.389959
v 0.133992 0.018291 0.347652
v 0.250178 0.030907 0.490279
v 0.228087 0.028817 0.451460
v 0.206256 0.026093 0.412039
v 0.184805 0.023075 0.372090
v 0.163817 0.020125 0.331721
v 0.293366 0.033006 0.461690
v 0.267182 0.030999 0.425243
v 0.241403 0.028371 0.388151
v 0.216164 0.025322 0.350500
v 0.191556 0.022242 0.312410
v 0.333219 0.035510 0.428810
v 0.303146 0.033466 0.394949
v 0.273656 0.030918 0.360442
v 0.244897 0.027815 0.325383
v 0.216957 0.024575 0.289897
v 0.369373 0.038428 0.391856
v 0.335657 0.036273 0.360800
v 0.302736 0.033668 0.329131
v 0.270763 0.030474 0.296950
v 0.239728 0.027153 0.264286
v 0.401531 0.041761 0.351051
v 0.364464 0.039415 0.323029
v 0.328429 0.036538 0.294457
v 0.293573 0.033206 0.265429
v 0.259446 0.030142 0.235623
v 0.429474 0.045501 0.306648
v 0.389392 0.042830 0.281902
v 0.350599 0.039501 0.256691
v 0.312952 0.036094 0.230909
v 0.276173 0.033166 0.204447
v 0.453082 0.049591 0.258942
v 0.410364 0.046356 0.237726
v 0.369196 0.042392 0.216143
v 0.328948 0.038839 0.193860
v 0.290153 0.035749 0.171264
v 0.472335 0.053784 0.208291
v 0.427406 0.049553 0.190865
v 0.384197 0.044886 0.173144
v 0.341916 0.041045 0.154825
v 0.301635 0.037593 0.136443
v 0.487371 0.056545 0.155130
v 0.440668 0.051393 0.141748
v 0.395868 0.046351 0.128175
v 0.352235 0.042266 0.114219
v 0.310842 0.038585 0.100264
v 0.498338 0.057141 0.099976
v 0.450264 0.052120 0.090874
v 0.404279 0.047159 0.081674
v 0.359672 0.043073 0.072275
v 0.317428 0.039373 0.062895
v 0.505164 0.057687 0.043426
v 0.456212 0.052823 0.038803
v 0.409498 0.047952 0.034149
v 0.364348 0.043840 0.029446
v 0.321573 0.040126 0.024763
v 0.507547 0.057881 -0.013853
v 0.458282 0.053049 -0.013853
v 0.411313 0.048158 -0.013852
v 0.366011 0.043936 -0.013796
v 0.323054 0.040112 -0.013722
v 0.505161 0.057458 -0.071132
v 0.456207 0.052480 -0.066508
v 0.409521 0.047474 -0.061856
v 0.364570 0.043097 -0.057066
v 0.321855 0.039196 -0.052242
v 0.498336 0.056998 -0.127682
v 0.450261 0.051896 -0.118580
v 0.404342 0.046799 -0.109391
v 0.360114 0.042317 -0.099967
v 0.317985 0.038363 -0.090466
v 0.487371 0.056524 -0.182836
v 0.440667 0.051321 -0.169454
v 0.395946 0.046150 -0.155905
v 0.352849 0.041547 -0.142027
v 0.311559 0.037601 -0.127956
v 0.472337 0.053913 -0.235998
v 0.427407 0.049655 -0.218572
v 0.384269 0.044880 -0.200881
v 0.342860 0.040237 -0.182892
v 0.302848 0.036320 -0.164491
v 0.453085 0.049887 -0.286649
v 0.410366 0.046648 -0.265433
v 0.369198 0.042641 -0.243850
v 0.329727 0.038343 -0.221994
v 0.291586 0.034442 -0.199688
v 0.429478 0.045976 -0.334356
v 0.389396 0.043321 -0.309610
v 0.350601 0.039960 -0.284398
v 0.313251 0.036216 -0.258823
v 0.277356 0.032405 -0.232972
v 0.401534 0.042423 -0.378760
v 0.364467 0.040109 -0.350738
v 0.328432 0.037209 -0.322165
v 0.293586 0.033939 -0.293147
v 0.259993 0.030526 -0.263803
v 0.369377 0.039278 -0.419565
v 0.335660 0.037167 -0.388509
v 0.302738 0.034585 -0.356840
v 0.270766 0.031687 -0.324660
v 0.239823 0.028646 -0.292094
v 0.333222 0.036546 -0.456519
v 0.303148 0.034555 -0.422659
v 0.273658 0.032188 -0.388152
v 0.244900 0.029567 -0.353095
v 0.216961 0.026832 -0.317611
v 0.293368 0.034219 -0.489400
v 0.267184 0.032290 -0.452953
v 0.241405 0.030065 -0.415862
v 0.216168 0.027647 -0.378215
v 0.191560 0.025152 -0.340127
v 0.250179 0.032284 -0.517989
v 0.228088 0.030376 -0.479171
v 0.206258 0.028238 -0.439752
v 0.184808 0.025962 -0.399807
v 0.163821 0.023651 -0.359441
v 0.204073 0.030724 -0.542062
v 0.186236 0.028809 -0.501096
v 0.168548 0.026716 -0.459615
v 0.151110 0.024534 -0.417678
v 0.133995 0.022355 -0.375374
v 0.155504 0.029524 -0.561372
v 0.142040 0.027578 -0.518505
v 0.128648 0.025500 -0.475252
v 0.115404 0.023372 -0.431651
v 0.102369 0.021284 -0.387772
v 0.104957 0.028667 -0.575644
v 0.095950 0.026675 -0.531169
v 0.086964 0.024585 -0.486470
v 0.078054 0.022480 -0.441567
v 0.069262 0.020446 -0.396504
v 0.052943 0.028138 -0.584580
v 0.048437 0.026085 -0.538853
v 0.043930 0.023963 -0.493093
v 0.039449 0.021855 -0.447295
v 0.035017 0.019843 -0.401470
v -0.229591 0.193316 -0.161586
v -0.236609 0.154442 -0.166570
v -0.243522 0.114045 -0.171100
v -0.249799 0.072746 -0.174780
v -0.216184 0.227528 -0.185551
v -0.221451 0.190361 -0.190707
v -0.227309 0.151516 -0.195919
v -0.233121 0.111350 -0.200632
v -0.238380 0.070470 -0.204393
v -0.206736 0.224374 -0.213820
v -0.210935 0.186982 -0.218990
v -0.215646 0.148164 -0.224181
v -0.220330 0.108260 -0.228820
v -0.224507 0.067890 -0.232390
v -0.194437 0.220998 -0.240918
v -0.197666 0.183388 -0.245919
v -0.201307 0.144616 -0.250877
v -0.204904 0.105025 -0.255203
v -0.207997 0.065274 -0.258305
v -0.179079 0.217563 -0.266270
v -0.181459 0.179770 -0.270950
v -0.184138 0.141089 -0.275491
v -0.186728 0.101886 -0.279280
v -0.188784 0.062893 -0.281630
v -0.160643 0.214216 -0.289322
v -0.162296 0.176300 -0.293553
v -0.164136 0.137778 -0.297509
v -0.165822 0.099066 -0.300539
v -0.166881 0.061074 -0.301748
v -0.139255 0.211090 -0.309562
v -0.140303 0.173128 -0.313221
v -0.141430 0.134860 -0.316426
v -0.142337 0.096772 -0.318466
v -0.142787 0.059536 -0.318800
v -0.115159 0.208304 -0.326511
v -0.115723 0.170393 -0.329476
v -0.116273 0.132494 -0.331757
v -0.116564 0.095164 -0.332614
v -0.116849 0.058141 -0.332838
v -0.088701 0.205969 -0.339724
v -0.088905 0.168222 -0.341866
v -0.089025 0.130836 -0.343037
v -0.089126 0.093819 -0.343504
v -0.089314 0.056925 -0.343729
v 0.030582 0.054589 -0.355667
v 0.030534 0.091287 -0.355450
v 0.030511 0.128158 -0.354997
v 0.030516 0.165256 -0.354318
v 0.030550 0.202636 -0.353428
v -0.060319 0.204189 -0.348788
v -0.060297 0.166733 -0.349981
v -0.060293 0.129614 -0.350676
v -0.060349 0.092691 -0.351140
v -0.060458 0.055912 -0.351364
v -0.030550 0.203035 -0.353418
v -0.030516 0.165703 -0.354309
v -0.030511 0.128643 -0.354990
v -0.030533 0.091801 -0.355445
v -0.030581 0.055119 -0.355665
v -0.000000 0.054554 -0.356592
v -0.000000 0.091159 -0.356378
v -0.000000 0.127939 -0.355938
v -0.000000 0.164954 -0.355281
v -0.000000 0.202261 -0.354423
v -0.030612 0.240696 -0.352326
v -0.030129 0.266043 -0.345851
v -0.028645 0.287199 -0.328996
v -0.026381 0.300907 -0.304219
v -0.000000 0.239917 -0.353386
v -0.000000 0.300120 -0.306830
v -0.000000 0.286380 -0.330984
v -0.000000 0.265247 -0.347148
v -0.060339 0.241970 -0.347008
v -0.059306 0.267309 -0.340081
v -0.056284 0.288395 -0.322848
v -0.051741 0.301991 -0.297925
v -0.088569 0.243763 -0.337271
v -0.086947 0.269000 -0.330061
v -0.082393 0.289920 -0.312798
v -0.075630 0.303331 -0.288163
v -0.114778 0.245995 -0.323482
v -0.112549 0.271046 -0.316144
v -0.106516 0.291716 -0.299159
v -0.097655 0.304874 -0.275206
v -0.138534 0.248577 -0.306051
v -0.135696 0.273365 -0.298725
v -0.128275 0.293711 -0.282295
v -0.117489 0.306559 -0.259381
v -0.159489 0.251410 -0.285420
v -0.156051 0.275867 -0.278236
v -0.147368 0.295826 -0.262610
v -0.134880 0.308317 -0.241061
v -0.177396 0.254386 -0.262069
v -0.173378 0.278457 -0.255146
v -0.163588 0.297976 -0.240555
v -0.149668 0.310079 -0.220667
v -0.192124 0.257390 -0.236519
v -0.187554 0.281031 -0.229975
v -0.176845 0.300076 -0.216630
v -0.161801 0.311778 -0.198664
v -0.203695 0.260300 -0.209340
v -0.198611 0.283486 -0.203290
v -0.187192 0.302046 -0.191375
v -0.171364 0.313356 -0.175547
v -0.212322 0.262986 -0.181134
v -0.206765 0.285722 -0.175685
v -0.194857 0.303817 -0.165350
v -0.178592 0.314770 -0.151811
v -0.218444 0.265322 -0.152486
v -0.212449 0.287651 -0.147738
v -0.200258 0.305337 -0.139083
v -0.183879 0.315996 -0.127905
v -0.222728 0.267190 -0.123882
v -0.216306 0.289201 -0.119923
v -0.203987 0.306578 -0.112992
v -0.187765 0.317036 -0.104169
v -0.226021 0.268596 -0.095590
v -0.219129 0.290406 -0.092499
v -0.206747 0.307597 -0.087295
v -0.190907 0.317963 -0.080766
v -0.229309 0.269592 -0.067577
v -0.221789 0.291335 -0.065414
v -0.209165 0.308471 -0.061910
v -0.194008 0.318875 -0.057593
v -0.231087 0.270715 -0.038931
v -0.222831 0.292359 -0.037674
v -0.208454 0.309183 -0.035763
v -0.194940 0.319428 -0.033555
v -0.232625 0.271655 -0.010264
v -0.224552 0.293158 -0.009978
v -0.210287 0.309412 -0.009759
v -0.196767 0.319287 -0.009652
v -0.230797 0.271607 0.018489
v -0.222710 0.292828 0.017850
v -0.208488 0.308767 0.016421
v -0.195021 0.318471 0.014449
v -0.228900 0.269828 0.047001
v -0.221566 0.291321 0.045457
v -0.209133 0.307732 0.042421
v -0.194067 0.317258 0.038357
v -0.225753 0.267902 0.075023
v -0.218982 0.289506 0.072562
v -0.206710 0.306414 0.067864
v -0.190939 0.316193 0.061664
v -0.220703 0.265701 0.102230
v -0.214536 0.287306 0.098967
v -0.202727 0.304239 0.092762
v -0.187152 0.314258 0.084586
v -0.213956 0.263021 0.128619
v -0.207947 0.284721 0.124444
v -0.196148 0.301732 0.116565
v -0.180488 0.311785 0.106253
v -0.206257 0.259641 0.154751
v -0.200482 0.281576 0.149713
v -0.188835 0.298821 0.140151
v -0.173282 0.309042 0.127651
v -0.196959 0.255665 0.180545
v -0.191523 0.277931 0.174729
v -0.180234 0.295521 0.163528
v -0.165038 0.306017 0.148835
v -0.185481 0.251229 0.205693
v -0.180490 0.273873 0.199210
v -0.169791 0.291878 0.186469
v -0.155247 0.302725 0.169642
v -0.171403 0.246488 0.229746
v -0.166949 0.269518 0.222728
v -0.157074 0.287967 0.208597
v -0.143503 0.299210 0.189767
v -0.154490 0.241607 0.252192
v -0.150642 0.265000 0.244781
v -0.141812 0.283888 0.229454
v -0.129531 0.295545 0.208816
v -0.134693 0.236618 0.272522
v -0.131491 0.260436 0.264851
v -0.123892 0.279769 0.248548
v -0.113196 0.291833 0.226352
v -0.112102 0.231743 0.290222
v -0.109576 0.255834 0.282445
v -0.103354 0.275723 0.265393
v -0.094494 0.288199 0.241927
v -0.086945 0.227265 0.304805
v -0.085096 0.251563 0.297064
v -0.080367 0.271777 0.279536
v -0.073548 0.284789 0.255111
v -0.059564 0.223396 0.315835
v -0.058375 0.247828 0.308272
v -0.055211 0.268290 0.290539
v -0.050588 0.281734 0.265511
v -0.030403 0.220354 0.322923
v -0.029838 0.244845 0.315679
v -0.028265 0.265463 0.298031
v -0.025938 0.279130 0.272788
v -0.000000 0.218368 0.325689
v 0.000000 0.242838 0.318905
v 0.000000 0.263507 0.301656
v 0.000000 0.277288 0.276612
v 0.030397 0.219271 0.322879
v 0.029832 0.243706 0.315650
v 0.028261 0.264318 0.298016
v 0.025934 0.278045 0.272779
v 0.059556 0.221336 0.315833
v 0.058370 0.245689 0.308292
v 0.055208 0.266169 0.290570
v 0.050587 0.279743 0.265541
v 0.086945 0.224419 0.304861
v 0.085100 0.248639 0.297139
v 0.080373 0.268905 0.279613
v 0.073552 0.282228 0.255170
v 0.112122 0.228324 0.290335
v 0.109599 0.252351 0.282569
v 0.103374 0.272322 0.265509
v 0.094505 0.285306 0.242005
v 0.134741 0.232836 0.272681
v 0.131539 0.256608 0.265012
v 0.123927 0.276210 0.248676
v 0.113219 0.288635 0.226446
v 0.154565 0.237739 0.252369
v 0.150707 0.261196 0.244943
v 0.141857 0.280361 0.229579
v 0.129566 0.292186 0.208916
v 0.171488 0.242819 0.229904
v 0.167022 0.265897 0.222873
v 0.157133 0.284408 0.208720
v 0.143546 0.295814 0.189863
v 0.185574 0.247725 0.205831
v 0.180577 0.270339 0.199343
v 0.169858 0.288404 0.186579
v 0.155294 0.299397 0.169726
v 0.197051 0.252344 0.180658
v 0.191610 0.274584 0.174838
v 0.180301 0.292222 0.163618
v 0.165085 0.302839 0.148904
v 0.206330 0.256586 0.154828
v 0.200556 0.278492 0.149791
v 0.188895 0.295766 0.140218
v 0.173325 0.306076 0.127704
v 0.213991 0.260295 0.128657
v 0.207995 0.281956 0.124490
v 0.196195 0.298973 0.116609
v 0.180527 0.309077 0.106291
v 0.220684 0.263353 0.102236
v 0.214550 0.284903 0.098987
v 0.202759 0.301812 0.092789
v 0.187190 0.311841 0.084614
v 0.225750 0.265968 0.075030
v 0.219005 0.287509 0.072577
v 0.206744 0.304371 0.067883
v 0.190972 0.314129 0.061682
v 0.228820 0.268378 0.046993
v 0.221540 0.289780 0.045458
v 0.209144 0.306106 0.042428
v 0.194094 0.315567 0.038366
v 0.230737 0.270671 0.018489
v 0.222695 0.291774 0.017852
v 0.208500 0.307578 0.016425
v 0.195042 0.317194 0.014452
v 0.232474 0.271287 -0.010249
v 0.224478 0.292633 -0.009970
v 0.210272 0.308701 -0.009756
v 0.196779 0.318439 -0.009652
v 0.230988 0.270699 -0.038910
v 0.222774 0.292280 -0.037662
v 0.208438 0.308955 -0.035759
v 0.194945 0.319017 -0.033556
v 0.229306 0.269593 -0.067576
v 0.221787 0.291336 -0.065413
v 0.209164 0.308471 -0.061910
v 0.194009 0.318816 -0.057594
v 0.226018 0.268597 -0.095589
v 0.219127 0.290406 -0.092498
v 0.206746 0.307597 -0.087295
v 0.190906 0.317963 -0.080766
v 0.222738 0.267095 -0.123889
v 0.216309 0.289120 -0.119927
v 0.203985 0.306513 -0.112994
v 0.187762 0.316985 -0.104170
v 0.218471 0.265042 -0.152514
v 0.212458 0.287414 -0.147755
v 0.200255 0.305146 -0.139091
v 0.183872 0.315846 -0.127908
v 0.212357 0.262543 -0.181181
v 0.206777 0.285345 -0.175714
v 0.194854 0.303512 -0.165365
v 0.178583 0.314529 -0.151818
v 0.203730 0.259727 -0.209402
v 0.198623 0.282995 -0.203329
v 0.187188 0.301646 -0.191396
v 0.171355 0.313039 -0.175557
v 0.192154 0.256730 -0.236589
v 0.187564 0.280460 -0.230022
v 0.176841 0.299607 -0.216656
v 0.161792 0.311404 -0.198678
v 0.177418 0.253682 -0.262140
v 0.173385 0.277843 -0.255196
v 0.163584 0.297467 -0.240585
v 0.149660 0.309669 -0.220684
v 0.159504 0.250702 -0.285487
v 0.156055 0.275246 -0.278284
v 0.147364 0.295306 -0.262640
v 0.134874 0.307894 -0.241079
v 0.138542 0.247900 -0.306109
v 0.135697 0.272768 -0.298769
v 0.128271 0.293208 -0.282323
v 0.117484 0.306144 -0.259399
v 0.114782 0.245377 -0.323529
v 0.112549 0.270499 -0.316180
v 0.106513 0.291252 -0.299184
v 0.097651 0.304488 -0.275223
v 0.088569 0.243225 -0.337305
v 0.086946 0.268524 -0.330089
v 0.082390 0.289514 -0.312818
v 0.075627 0.302989 -0.288177
v 0.060339 0.241525 -0.347030
v 0.059305 0.266917 -0.340100
v 0.056283 0.288059 -0.322864
v 0.051740 0.301706 -0.297936
v 0.030612 0.240353 -0.352337
v 0.030128 0.265744 -0.345862
v 0.028644 0.286944 -0.329006
v 0.026380 0.300689 -0.304227
v -0.223204 0.230286 -0.156670
v -0.259022 0.074481 -0.143948
v -0.251883 0.116114 -0.140612
v -0.243998 0.156717 -0.136537
v -0.235912 0.195641 -0.132057
v -0.228433 0.232477 -0.127636
v -0.266305 0.075699 -0.112198
v -0.258561 0.117563 -0.109435
v -0.249964 0.158323 -0.106066
v -0.241052 0.197306 -0.102361
v -0.232653 0.234077 -0.098700
v -0.271854 0.076504 -0.079753
v -0.263859 0.118468 -0.077727
v -0.254940 0.159309 -0.075255
v -0.245621 0.198338 -0.072538
v -0.236688 0.235113 -0.069856
v -0.275147 0.077450 -0.046651
v -0.266965 0.119539 -0.045357
v -0.257825 0.160465 -0.043787
v -0.248243 0.199533 -0.042067
v -0.238979 0.236298 -0.040372
v -0.276210 0.078410 -0.013314
v -0.268013 0.120551 -0.012782
v -0.258897 0.161483 -0.012148
v -0.249395 0.200522 -0.011465
v -0.240284 0.237250 -0.010805
v -0.274832 0.078598 0.019995
v -0.266558 0.120774 0.019764
v -0.257352 0.161724 0.019469
v -0.247749 0.200754 0.019134
v -0.238546 0.237369 0.018794
v -0.271330 0.077657 0.053012
v -0.263185 0.119705 0.052017
v -0.254174 0.160510 0.050796
v -0.244874 0.199262 0.049456
v -0.236069 0.235665 0.048134
v -0.265824 0.076625 0.085415
v -0.258051 0.118446 0.083703
v -0.249375 0.158947 0.081580
v -0.240509 0.197450 0.079264
v -0.232231 0.233734 0.076979
v -0.257779 0.075759 0.116710
v -0.250262 0.117291 0.114238
v -0.242110 0.157353 0.111272
v -0.233863 0.195535 0.108048
v -0.226333 0.231615 0.104891
v -0.248015 0.073969 0.146911
v -0.241090 0.115039 0.143817
v -0.233588 0.154778 0.140097
v -0.226017 0.192791 0.136038
v -0.219122 0.228848 0.132036
v -0.236321 0.071344 0.175847
v -0.230222 0.111875 0.172334
v -0.223607 0.151261 0.168082
v -0.216935 0.189124 0.163413
v -0.210852 0.225238 0.158772
v -0.222456 0.068135 0.203272
v -0.217320 0.108048 0.199576
v -0.211723 0.147036 0.195043
v -0.206070 0.184739 0.190022
v -0.200904 0.220944 0.184982
v -0.206219 0.064605 0.228868
v -0.202099 0.103819 0.225233
v -0.197560 0.142356 0.220667
v -0.192960 0.179869 0.215550
v -0.188739 0.216159 0.210352
v -0.187496 0.061011 0.252265
v -0.184379 0.099443 0.248929
v -0.180869 0.137469 0.244563
v -0.177285 0.174743 0.239578
v -0.173979 0.211084 0.234442
v -0.166281 0.057496 0.273067
v -0.164106 0.095038 0.270263
v -0.161548 0.132510 0.266306
v -0.158893 0.169533 0.261649
v -0.156426 0.205915 0.256757
v -0.142666 0.054388 0.290844
v -0.141333 0.090898 0.288801
v -0.139620 0.127684 0.285451
v -0.137787 0.164324 0.281302
v -0.136061 0.200638 0.276820
v -0.116853 0.051956 0.305141
v -0.116234 0.087280 0.304107
v -0.115232 0.123289 0.301544
v -0.114088 0.159470 0.298055
v -0.112984 0.195625 0.294119
v -0.089316 0.050024 0.316033
v -0.089099 0.084411 0.315766
v -0.088651 0.119541 0.314160
v -0.088050 0.155179 0.311468
v -0.087439 0.191095 0.308194
v -0.060459 0.048422 0.323669
v -0.060349 0.082430 0.323510
v -0.060250 0.116656 0.322902
v -0.060033 0.151666 0.321135
v -0.059777 0.187261 0.318625
v -0.030581 0.047209 0.327971
v -0.030533 0.080977 0.327818
v -0.030512 0.114823 0.327464
v -0.030498 0.149141 0.326692
v -0.030449 0.184336 0.325038
v -0.000000 0.046437 0.328899
v -0.000000 0.080039 0.328750
v -0.000000 0.113728 0.328410
v -0.000000 0.147781 0.327893
v -0.000000 0.182540 0.327089
v 0.030581 0.046712 0.327972
v 0.030533 0.080351 0.327822
v 0.030512 0.114070 0.327474
v 0.030494 0.148287 0.326658
v 0.030442 0.183370 0.324983
v 0.060458 0.047467 0.323670
v 0.060349 0.081226 0.323519
v 0.060243 0.115236 0.322876
v 0.060020 0.150027 0.321087
v 0.059764 0.185399 0.318591
v 0.089316 0.048680 0.316035
v 0.089091 0.082733 0.315749
v 0.088633 0.117547 0.314117
v 0.088033 0.152865 0.311442
v 0.087430 0.188486 0.308207
v 0.116853 0.050312 0.305144
v 0.116211 0.085242 0.304061
v 0.115209 0.120838 0.301510
v 0.114078 0.156629 0.298067
v 0.112991 0.192451 0.294187
v 0.142642 0.052591 0.290800
v 0.141297 0.088610 0.288743
v 0.139600 0.124913 0.285435
v 0.137793 0.161121 0.281354
v 0.136094 0.197089 0.276938
v 0.166230 0.055651 0.272990
v 0.164058 0.092627 0.270201
v 0.161532 0.129566 0.266306
v 0.158920 0.166135 0.261730
v 0.156489 0.202190 0.256906
v 0.187412 0.059230 0.252161
v 0.184311 0.097069 0.248854
v 0.180846 0.134582 0.244555
v 0.177314 0.171457 0.239649
v 0.174049 0.207535 0.234575
v 0.206087 0.063082 0.228731
v 0.201990 0.101701 0.225127
v 0.197506 0.139730 0.220628
v 0.192970 0.176847 0.215586
v 0.188806 0.212827 0.210458
v 0.222264 0.066919 0.203108
v 0.217160 0.106191 0.199446
v 0.211635 0.144615 0.194980
v 0.206065 0.181875 0.190039
v 0.200966 0.217780 0.185064
v 0.236066 0.070418 0.175671
v 0.230004 0.110286 0.172188
v 0.223470 0.149096 0.167997
v 0.216891 0.186514 0.163399
v 0.210887 0.222333 0.158818
v 0.247689 0.073407 0.146734
v 0.240799 0.113800 0.143661
v 0.233381 0.152955 0.139991
v 0.225910 0.190517 0.135991
v 0.219103 0.226276 0.132041
v 0.257382 0.075628 0.116549
v 0.249890 0.116476 0.114087
v 0.241816 0.155945 0.111156
v 0.233672 0.193666 0.107977
v 0.226240 0.229434 0.104864
v 0.265379 0.076879 0.085292
v 0.257604 0.118112 0.083579
v 0.249148 0.157919 0.081519
v 0.240351 0.195986 0.079225
v 0.232166 0.231962 0.076968
v 0.270951 0.077989 0.052954
v 0.262756 0.119798 0.051951
v 0.253803 0.160056 0.050739
v 0.244600 0.198335 0.049416
v 0.235899 0.234407 0.048111
v 0.274578 0.078818 0.019987
v 0.266241 0.120998 0.019754
v 0.257042 0.161710 0.019459
v 0.247519 0.200336 0.019128
v 0.238410 0.236625 0.018792
v 0.275959 0.078625 -0.013291
v 0.267699 0.120779 -0.012754
v 0.258547 0.161688 -0.012117
v 0.249065 0.200585 -0.011435
v 0.240031 0.237080 -0.010782
v 0.275034 0.077548 -0.046627
v 0.266822 0.119644 -0.045327
v 0.257665 0.160560 -0.043753
v 0.248081 0.199607 -0.042032
v 0.238834 0.236342 -0.040341
v 0.271851 0.076506 -0.079752
v 0.263855 0.118471 -0.077725
v 0.254936 0.159312 -0.075253
v 0.245616 0.198341 -0.072536
v 0.236684 0.235115 -0.069854
v 0.266301 0.075702 -0.112197
v 0.258557 0.117566 -0.109433
v 0.249959 0.158326 -0.106064
v 0.241048 0.197309 -0.102359
v 0.232649 0.234078 -0.098699
v 0.259050 0.074290 -0.143960
v 0.251913 0.115934 -0.140626
v 0.244027 0.156556 -0.136552
v 0.235937 0.195503 -0.132071
v 0.228451 0.232362 -0.127647
v 0.249873 0.072198 -0.174819
v 0.243603 0.113527 -0.171150
v 0.236688 0.153976 -0.166624
v 0.229660 0.192913 -0.161638
v 0.223255 0.229948 -0.156711
v 0.238476 0.069642 -0.204455
v 0.233227 0.110561 -0.200713
v 0.227413 0.150800 -0.196007
v 0.221541 0.189735 -0.190791
v 0.216251 0.226997 -0.185621
v 0.224599 0.066879 -0.232459
v 0.220437 0.107287 -0.228919
v 0.215752 0.147272 -0.224292
v 0.211027 0.186193 -0.219097
v 0.206803 0.223696 -0.213909
v 0.208070 0.064175 -0.258366
v 0.204995 0.103956 -0.255303
v 0.201399 0.143624 -0.250994
v 0.197746 0.182500 -0.246035
v 0.194495 0.220226 -0.241017
v 0.188828 0.061790 -0.281665
v 0.186794 0.100796 -0.279367
v 0.184208 0.140066 -0.275600
v 0.181520 0.178844 -0.271062
v 0.179124 0.216747 -0.266367
v 0.166899 0.060026 -0.301751
v 0.165862 0.098016 -0.300600
v 0.164182 0.136781 -0.297599
v 0.162338 0.175387 -0.293651
v 0.160674 0.213404 -0.289410
v 0.142799 0.058555 -0.318802
v 0.142353 0.095807 -0.318494
v 0.141456 0.133929 -0.316491
v 0.140328 0.172268 -0.313299
v 0.139273 0.210318 -0.309635
v 0.116857 0.057254 -0.332841
v 0.116569 0.094302 -0.332622
v 0.116283 0.131662 -0.331793
v 0.115735 0.169615 -0.329531
v 0.115168 0.207602 -0.326567
v 0.089319 0.056150 -0.343731
v 0.089129 0.093065 -0.343511
v 0.089026 0.130119 -0.343048
v 0.088908 0.167548 -0.341897
v 0.088704 0.205358 -0.339762
v 0.060461 0.055258 -0.351365
v 0.060350 0.092056 -0.351146
v 0.060294 0.129010 -0.350685
v 0.060297 0.166173 -0.349993
v 0.060319 0.203681 -0.348809
v -0.023699 0.305109 -0.275361
v -0.000000 0.304358 -0.278317
v -0.046413 0.306104 -0.269204
v -0.067764 0.307308 -0.260030
v -0.087427 0.308672 -0.248077
v -0.105131 0.310145 -0.233636
v -0.120679 0.311668 -0.217047
v -0.133958 0.313185 -0.198691
v -0.144955 0.314644 -0.178985
v -0.153774 0.316003 -0.158358
v -0.160644 0.317235 -0.137227
v -0.165920 0.318329 -0.115950
v -0.170074 0.319295 -0.094785
v -0.173688 0.320204 -0.073840
v -0.177385 0.321146 -0.053003
v -0.178599 0.321383 -0.031214
v -0.180288 0.321003 -0.009611
v -0.178684 0.320138 0.012191
v -0.177462 0.318813 0.033819
v -0.173742 0.317727 0.054851
v -0.170097 0.316073 0.075638
v -0.163444 0.313641 0.095086
v -0.156384 0.311011 0.114186
v -0.148499 0.308168 0.133019
v -0.139349 0.305115 0.151479
v -0.128573 0.301882 0.169335
v -0.115916 0.298527 0.186269
v -0.101235 0.295134 0.201911
v -0.084499 0.291810 0.215872
v -0.065789 0.288682 0.227772
v -0.045281 0.285891 0.237256
v -0.023239 0.283586 0.244018
v 0.000000 0.281921 0.247765
v 0.023235 0.282701 0.244001
v 0.045277 0.284257 0.237267
v 0.065790 0.286461 0.227809
v 0.084507 0.289156 0.215931
v 0.101252 0.292191 0.201983
v 0.115942 0.295423 0.186346
v 0.128605 0.298727 0.169409
v 0.139384 0.302002 0.151545
v 0.148535 0.305171 0.133073
v 0.156419 0.308186 0.114229
v 0.163477 0.311029 0.095119
v 0.170131 0.313707 0.075663
v 0.173772 0.315672 0.054867
v 0.177488 0.317079 0.033829
v 0.178705 0.318770 0.012195
v 0.180304 0.320003 -0.009611
v 0.178608 0.320761 -0.031216
v 0.177389 0.320892 -0.053004
v 0.173688 0.320186 -0.073840
v 0.170072 0.319255 -0.094786
v 0.165914 0.318211 -0.115952
v 0.160636 0.317046 -0.137231
v 0.153766 0.315753 -0.158365
v 0.144947 0.314346 -0.178994
v 0.133951 0.312855 -0.198702
v 0.120673 0.311324 -0.217059
v 0.105126 0.309804 -0.233649
v 0.087423 0.308351 -0.248089
v 0.067762 0.307019 -0.260041
v 0.046412 0.305860 -0.269213
v 0.023698 0.304916 -0.275367
v -0.019764 0.304097 -0.232885
v -0.003527 0.303033 -0.052444
v -0.016287 0.303587 -0.194799
v -0.012950 0.303505 -0.157834
v -0.009740 0.303774 -0.122000
v -0.006618 0.303632 -0.087031
v -0.000001 0.302890 -0.052790
v -0.000000 0.303390 -0.235875
v -0.000000 0.303359 -0.087866
v -0.000000 0.303374 -0.123456
v -0.000000 0.302981 -0.159944
v -0.000000 0.302957 -0.197463
v -0.038667 0.304995 -0.227336
v -0.006992 0.303178 -0.051720
v -0.031878 0.304367 -0.190114
v -0.025393 0.304141 -0.154190
v -0.019157 0.304239 -0.119442
v -0.013068 0.303928 -0.085474
v -0.056427 0.306054 -0.219378
v -0.010362 0.303321 -0.050630
v -0.046566 0.305269 -0.183529
v -0.037184 0.304867 -0.149103
v -0.028154 0.304756 -0.115840
v -0.019286 0.304240 -0.083225
v -0.072805 0.307235 -0.209209
v -0.013610 0.303461 -0.049186
v -0.060182 0.306266 -0.175203
v -0.048205 0.305664 -0.142688
v -0.036651 0.305312 -0.111267
v -0.025222 0.304561 -0.080321
v -0.087610 0.308497 -0.197071
v -0.016705 0.303595 -0.047407
v -0.072590 0.307325 -0.165328
v -0.058364 0.306509 -0.135083
v -0.044582 0.305889 -0.105806
v -0.030826 0.304885 -0.076804
v -0.100711 0.309796 -0.183245
v -0.019621 0.303720 -0.045312
v -0.083706 0.308416 -0.154122
v -0.067600 0.307383 -0.126436
v -0.051898 0.306469 -0.099550
v -0.036060 0.305203 -0.072724
v -0.112051 0.311092 -0.168040
v -0.022337 0.303834 -0.042923
v -0.093496 0.309508 -0.141816
v -0.075886 0.308265 -0.116905
v -0.058570 0.307035 -0.092593
v -0.040893 0.305506 -0.068130
v -0.121647 0.312347 -0.151784
v -0.024822 0.303937 -0.040244
v -0.101980 0.310578 -0.128649
v -0.083227 0.309127 -0.106647
v -0.064582 0.307570 -0.085029
v -0.045298 0.305785 -0.063074
v -0.129602 0.313535 -0.134798
v -0.027048 0.304030 -0.037293
v -0.109235 0.311605 -0.114847
v -0.089659 0.309925 -0.095810
v -0.069933 0.308057 -0.076947
v -0.049257 0.306034 -0.057609
v -0.136107 0.314636 -0.117380
v -0.029011 0.304104 -0.034129
v -0.115387 0.312575 -0.100610
v -0.095239 0.310634 -0.084520
v -0.074634 0.308484 -0.068430
v -0.052755 0.306243 -0.051785
v -0.141429 0.315644 -0.099772
v -0.030703 0.304155 -0.030789
v -0.120601 0.313475 -0.086095
v -0.100042 0.311236 -0.072878
v -0.078698 0.308838 -0.059546
v -0.055779 0.306408 -0.045653
v -0.145901 0.316567 -0.082131
v -0.032109 0.304183 -0.027296
v -0.125061 0.314225 -0.071398
v -0.104143 0.311719 -0.060955
v -0.082141 0.309108 -0.050356
v -0.058211 0.306534 -0.039165
v -0.149879 0.317428 -0.064499
v -0.033217 0.304189 -0.023680
v -0.128935 0.314823 -0.056545
v -0.107601 0.312086 -0.048788
v -0.084774 0.309304 -0.040786
v -0.060108 0.306613 -0.032462
v -0.153216 0.318135 -0.046616
v -0.034022 0.304172 -0.019971
v -0.131690 0.315275 -0.041242
v -0.109768 0.312346 -0.036096
v -0.086599 0.309425 -0.030954
v -0.061501 0.306640 -0.025626
v -0.154754 0.318253 -0.028132
v -0.034517 0.304131 -0.016204
v -0.133255 0.315542 -0.025629
v -0.111205 0.312488 -0.023307
v -0.087799 0.309460 -0.021037
v -0.062380 0.306612 -0.018701
v -0.156114 0.317931 -0.009728
v -0.034695 0.304067 -0.012411
v -0.134310 0.315496 -0.010030
v -0.111989 0.312504 -0.010492
v -0.088352 0.309401 -0.011078
v -0.062733 0.306529 -0.011737
v -0.154826 0.317352 0.008845
v -0.034512 0.303991 -0.008597
v -0.133305 0.315309 0.005704
v -0.111232 0.312389 0.002421
v -0.087812 0.309265 -0.001052
v -0.062381 0.306407 -0.004732
v -0.153303 0.315783 0.027232
v -0.034022 0.303890 -0.004833
v -0.131761 0.313659 0.021260
v -0.109824 0.311152 0.015180
v -0.086638 0.308653 0.008850
v -0.061518 0.306228 0.002185
v -0.149945 0.314407 0.045212
v -0.033223 0.303767 -0.001146
v -0.128993 0.311987 0.036550
v -0.107642 0.309498 0.027756
v -0.084832 0.307295 0.018592
v -0.060138 0.305562 0.008972
v -0.145970 0.312718 0.062800
v -0.032118 0.303622 0.002434
v -0.125138 0.310069 0.051416
v -0.104206 0.307760 0.039956
v -0.082175 0.305880 0.028084
v -0.058246 0.304547 0.015583
v -0.140351 0.310437 0.079596
v -0.030716 0.303334 0.005875
v -0.120476 0.307947 0.065848
v -0.100127 0.305919 0.051791
v -0.078748 0.304413 0.037228
v -0.055794 0.303510 0.021959
v -0.133610 0.307991 0.095659
v -0.029026 0.302782 0.009146
v -0.114275 0.305742 0.079408
v -0.095042 0.304013 0.063066
v -0.074698 0.302897 0.045993
v -0.052777 0.302467 0.028026
v -0.126189 0.305389 0.111314
v -0.027058 0.302236 0.012218
v -0.107408 0.303432 0.092450
v -0.088989 0.302069 0.073667
v -0.069919 0.301360 0.054269
v -0.049285 0.301419 0.033746
v -0.117810 0.302638 0.126527
v -0.024828 0.301704 0.015063
v -0.099739 0.301028 0.104955
v -0.082238 0.300078 0.083691
v -0.064366 0.299839 0.061926
v -0.045330 0.300378 0.039073
v -0.108213 0.299762 0.141156
v -0.022340 0.301197 0.017649
v -0.091124 0.298553 0.116844
v -0.074732 0.298064 0.093083
v -0.058222 0.298325 0.069001
v -0.040934 0.299357 0.043964
v -0.097200 0.296808 0.154989
v -0.019625 0.300718 0.019951
v -0.081440 0.296044 0.127982
v -0.066422 0.296055 0.101759
v -0.051485 0.296843 0.075435
v -0.036046 0.298397 0.048305
v -0.084645 0.293841 0.167760
v -0.016708 0.300272 0.021949
v -0.070605 0.293552 0.138194
v -0.057279 0.294089 0.109609
v -0.044163 0.295418 0.081164
v -0.030778 0.297489 0.052110
v -0.070506 0.290948 0.179180
v -0.013613 0.299865 0.023620
v -0.058590 0.291144 0.147281
v -0.047296 0.292214 0.116513
v -0.036275 0.294078 0.086116
v -0.025160 0.296649 0.055339
v -0.054822 0.288230 0.188955
v -0.010366 0.299503 0.024948
v -0.045417 0.288896 0.155035
v -0.036501 0.290481 0.122338
v -0.027856 0.292855 0.090217
v -0.019227 0.295893 0.057954
v -0.037708 0.285798 0.196807
v -0.006994 0.299190 0.025917
v -0.031166 0.286890 0.161255
v -0.024953 0.288945 0.126955
v -0.018955 0.291781 0.093394
v -0.013022 0.295235 0.059919
v -0.019352 0.283771 0.202491
v -0.003528 0.298933 0.026515
v -0.015968 0.285213 0.165758
v -0.012745 0.287662 0.130246
v -0.009642 0.290886 0.095582
v -0.006594 0.294690 0.061204
v 0.000000 0.282276 0.205756
v 0.000000 0.298737 0.026733
v 0.000000 0.283958 0.168349
v 0.000000 0.286689 0.132075
v 0.000000 0.290202 0.096704
v 0.000000 0.294272 0.061775
v 0.019348 0.283074 0.202461
v 0.003527 0.298872 0.026514
v 0.015964 0.284693 0.165725
v 0.012742 0.287294 0.130218
v 0.009639 0.290644 0.095565
v 0.006593 0.294549 0.061197
v 0.037703 0.284484 0.196798
v 0.006993 0.299067 0.025915
v 0.031160 0.285891 0.161235
v 0.024948 0.288230 0.126934
v 0.018951 0.291306 0.093380
v 0.013020 0.294956 0.059913
v 0.054818 0.286414 0.188965
v 0.010365 0.299320 0.024947
v 0.045410 0.287490 0.155028
v 0.036494 0.289459 0.122324
v 0.027850 0.292167 0.090205
v 0.019224 0.295484 0.057949
v 0.070506 0.288749 0.179207
v 0.013611 0.299626 0.023619
v 0.058584 0.289411 0.147285
v 0.047289 0.290932 0.116506
v 0.036269 0.293202 0.086108
v 0.025156 0.296123 0.055335
v 0.084652 0.291372 0.167798
v 0.016707 0.299983 0.021948
v 0.070603 0.291572 0.138207
v 0.057273 0.292599 0.109608
v 0.044157 0.294382 0.081159
v 0.030775 0.296858 0.052107
v 0.097212 0.294171 0.155034
v 0.019623 0.300383 0.019951
v 0.081441 0.293894 0.128001
v 0.066418 0.294407 0.101762
v 0.051479 0.295678 0.075433
v 0.036042 0.297675 0.048304
v 0.108231 0.297048 0.141202
v 0.022338 0.300821 0.017649
v 0.091129 0.296304 0.116867
v 0.074729 0.296308 0.093090
v 0.058217 0.297062 0.069001
v 0.040930 0.298561 0.043964
v 0.117831 0.299922 0.126569
v 0.024826 0.301293 0.015063
v 0.099747 0.298741 0.104978
v 0.082237 0.298260 0.083700
v 0.064362 0.298506 0.061928
v 0.045326 0.299526 0.039073
v 0.126212 0.302734 0.111351
v 0.027057 0.301798 0.012219
v 0.107418 0.301159 0.092471
v 0.088991 0.300229 0.073676
v 0.069916 0.299987 0.054273
v 0.049281 0.300526 0.033747
v 0.133633 0.305445 0.095689
v 0.029024 0.302322 0.009147
v 0.114287 0.303525 0.079427
v 0.095045 0.302186 0.063076
v 0.074697 0.301511 0.045997
v 0.052773 0.301549 0.028027
v 0.140374 0.308040 0.079619
v 0.030715 0.302859 0.005875
v 0.120489 0.305822 0.065863
v 0.100134 0.304142 0.051800
v 0.078748 0.303042 0.037232
v 0.055791 0.302581 0.021960
v 0.145995 0.310510 0.062819
v 0.032117 0.303139 0.002435
v 0.125154 0.308081 0.051429
v 0.104213 0.306065 0.039963
v 0.082175 0.304543 0.028088
v 0.058245 0.303623 0.015585
v 0.149967 0.312433 0.045225
v 0.033221 0.303280 -0.001144
v 0.129007 0.310165 0.036560
v 0.107649 0.307906 0.027763
v 0.084837 0.306012 0.018596
v 0.060138 0.304655 0.008975
v 0.153328 0.314061 0.027239
v 0.034021 0.303406 -0.004832
v 0.131780 0.312026 0.021266
v 0.109835 0.309688 0.015184
v 0.086643 0.307443 0.008853
v 0.061518 0.305350 0.002187
v 0.154844 0.315911 0.008848
v 0.034511 0.303515 -0.008596
v 0.133319 0.313885 0.005706
v 0.111242 0.311068 0.002423
v 0.087816 0.308139 -0.001051
v 0.062381 0.305566 -0.004731
v 0.156126 0.316773 -0.009728
v 0.034693 0.303603 -0.012409
v 0.134319 0.314285 -0.010029
v 0.111995 0.311332 -0.010491
v 0.088353 0.308366 -0.011077
v 0.062732 0.305732 -0.011736
v 0.154767 0.317390 -0.028134
v 0.034517 0.303683 -0.016204
v 0.133268 0.314557 -0.025632
v 0.111216 0.311477 -0.023309
v 0.087807 0.308526 -0.021039
v 0.062383 0.305867 -0.018702
v 0.153222 0.317559 -0.046618
v 0.034022 0.303744 -0.019971
v 0.131699 0.314509 -0.041245
v 0.109776 0.311494 -0.036099
v 0.086605 0.308596 -0.030956
v 0.061503 0.305951 -0.025627
v 0.149884 0.317129 -0.064501
v 0.033217 0.303785 -0.023678
v 0.128945 0.314270 -0.056549
v 0.107613 0.311387 -0.048793
v 0.084778 0.308577 -0.040787
v 0.060110 0.305983 -0.032462
v 0.145901 0.316471 -0.082132
v 0.032108 0.303804 -0.027295
v 0.125067 0.313851 -0.071403
v 0.104151 0.311157 -0.060961
v 0.082149 0.308475 -0.050361
v 0.058211 0.305961 -0.039165
v 0.141427 0.315562 -0.099774
v 0.030703 0.303800 -0.030789
v 0.120602 0.313241 -0.086099
v 0.100048 0.310786 -0.072885
v 0.078704 0.308288 -0.059552
v 0.055783 0.305886 -0.045657
v 0.136104 0.314503 -0.117383
v 0.029010 0.303776 -0.034128
v 0.115386 0.312446 -0.100612
v 0.095243 0.310282 -0.084525
v 0.074638 0.308011 -0.068435
v 0.052758 0.305775 -0.051789
v 0.129598 0.313358 -0.134803
v 0.027047 0.303731 -0.037292
v 0.109233 0.311482 -0.114850
v 0.089660 0.309658 -0.095814
v 0.069937 0.307655 -0.076953
v 0.049259 0.305616 -0.057612
v 0.121643 0.312135 -0.151790
v 0.024822 0.303668 -0.040243
v 0.101978 0.310430 -0.128653
v 0.083227 0.308931 -0.106651
v 0.064584 0.307229 -0.085034
v 0.045300 0.305417 -0.063077
v 0.112047 0.310855 -0.168048
v 0.022338 0.303594 -0.042924
v 0.093494 0.309341 -0.141821
v 0.075886 0.308123 -0.116908
v 0.058571 0.306750 -0.092598
v 0.040894 0.305185 -0.068133
v 0.100708 0.309545 -0.183253
v 0.019622 0.303511 -0.045313
v 0.083704 0.308237 -0.154127
v 0.067599 0.307262 -0.126439
v 0.051899 0.306232 -0.099554
v 0.036061 0.304927 -0.072727
v 0.087607 0.308244 -0.197079
v 0.016705 0.303417 -0.047408
v 0.072589 0.307143 -0.165334
v 0.058363 0.306386 -0.135086
v 0.044582 0.305693 -0.105810
v 0.030826 0.304653 -0.076807
v 0.072802 0.306992 -0.209217
v 0.013610 0.303315 -0.049187
v 0.060181 0.306088 -0.175208
v 0.048204 0.305541 -0.142691
v 0.036651 0.305151 -0.111269
v 0.025222 0.304370 -0.080323
v 0.056425 0.305830 -0.219385
v 0.010363 0.303208 -0.050630
v 0.046566 0.305102 -0.183533
v 0.037184 0.304750 -0.149105
v 0.028154 0.304626 -0.115842
v 0.019287 0.304089 -0.083227
v 0.038666 0.304800 -0.227342
v 0.006993 0.303097 -0.051720
v 0.031877 0.304217 -0.190118
v 0.025392 0.304034 -0.154192
v 0.019157 0.304135 -0.119443
v 0.013068 0.303816 -0.085475
v 0.019763 0.303936 -0.232889
v 0.003527 0.302986 -0.052444
v 0.016286 0.303460 -0.194802
v 0.012950 0.303412 -0.157836
v 0.009740 0.303695 -0.122001
v 0.006618 0.303560 -0.087032
v -0.225398 0.040276 0.204999
v -0.252094 0.045054 0.148443
v -0.270360 0.047445 0.086244
v -0.279607 0.049202 0.020096
v -0.279838 0.048164 -0.047278
v -0.270748 0.046595 -0.113527
v -0.253337 0.044178 -0.176466
v -0.226610 0.040388 -0.233657
v -0.189513 0.036796 -0.281775
v -0.143164 0.033814 -0.318789
v -0.089498 0.031422 -0.343715
v -0.060567 0.030501 -0.351349
v -0.263103 0.045583 -0.145532
v -0.239885 0.042898 0.177556
v -0.030629 0.029785 -0.355652
v -0.241251 0.042354 -0.205992
v -0.262200 0.046605 0.117931
v -0.209295 0.038555 -0.258978
v -0.276052 0.048342 0.053485
v -0.167379 0.035231 -0.301741
v -0.280936 0.049050 -0.013580
v -0.117122 0.032533 -0.332825
v -0.276434 0.047326 -0.080726
v -0.208491 0.037426 0.230439
v -0.000000 0.029281 -0.356581
v 0.030630 0.029251 -0.355651
v -0.189090 0.034608 0.253495
v -0.167208 0.032054 0.273728
v -0.143136 0.029759 0.290997
v -0.117129 0.027781 0.305111
v -0.089501 0.026107 0.315999
v -0.060569 0.024724 0.323633
v -0.030629 0.023685 0.327937
v -0.000000 0.023033 0.328867
v 0.030629 0.023278 0.327936
v 0.060569 0.023944 0.323632
v 0.089501 0.025015 0.315997
v 0.117127 0.026458 0.305108
v 0.143127 0.028311 0.290980
v 0.167191 0.030578 0.273701
v 0.189038 0.033242 0.253428
v 0.208386 0.036327 0.230329
v 0.225234 0.039506 0.204857
v 0.239659 0.042441 0.177400
v 0.251806 0.044947 0.148287
v 0.261867 0.046772 0.117797
v 0.270014 0.047740 0.086149
v 0.275768 0.048614 0.053442
v 0.279419 0.049379 0.020090
v 0.280752 0.049222 -0.013563
v 0.279756 0.048242 -0.047261
v 0.276431 0.047329 -0.080725
v 0.270746 0.046597 -0.113526
v 0.263126 0.045392 -0.145540
v 0.253399 0.043633 -0.176492
v 0.241326 0.041534 -0.206029
v 0.226672 0.039401 -0.233685
v 0.209342 0.037483 -0.258995
v 0.189547 0.035704 -0.281784
v 0.167400 0.034176 -0.301739
v 0.143179 0.032827 -0.318787
v 0.117132 0.031642 -0.332824
v 0.089504 0.030643 -0.343713
v 0.060570 0.029843 -0.351348
v -0.053108 0.018570 -0.584977
v -0.048622 0.016597 -0.539277
v -0.044130 0.014527 -0.493528
v -0.039661 0.012440 -0.447724
v -0.035236 0.010421 -0.401876
v -0.000080 0.009897 -0.403024
v -0.000072 0.011892 -0.449183
v -0.000062 0.013977 -0.495431
v -0.000051 0.016071 -0.541792
v -0.000039 0.018101 -0.588175
v -0.105226 0.019381 -0.576001
v -0.096246 0.017444 -0.531558
v -0.087280 0.015376 -0.486874
v -0.078383 0.013261 -0.441970
v -0.069595 0.011185 -0.396888
v -0.155870 0.020542 -0.561675
v -0.142443 0.018623 -0.518845
v -0.129077 0.016533 -0.475611
v -0.115849 0.014357 -0.432015
v -0.102817 0.012188 -0.388124
v -0.204526 0.022069 -0.542294
v -0.186738 0.020147 -0.501370
v -0.169085 0.018002 -0.459917
v -0.151666 0.015727 -0.417992
v -0.134555 0.013421 -0.375685
v -0.250709 0.023976 -0.518135
v -0.228681 0.022022 -0.479366
v -0.206896 0.019783 -0.439985
v -0.185470 0.017359 -0.400062
v -0.164488 0.014866 -0.359703
v -0.293961 0.026277 -0.489446
v -0.267856 0.024251 -0.453059
v -0.242135 0.021864 -0.416018
v -0.216929 0.019233 -0.378406
v -0.192327 0.016495 -0.340338
v -0.333863 0.028984 -0.456458
v -0.303890 0.026831 -0.422671
v -0.274471 0.024223 -0.388229
v -0.245752 0.021309 -0.353224
v -0.217819 0.018261 -0.317772
v -0.370053 0.032104 -0.419393
v -0.336463 0.029741 -0.388431
v -0.303627 0.026810 -0.356847
v -0.271700 0.023521 -0.324735
v -0.240762 0.020097 -0.292210
v -0.402238 0.035629 -0.378488
v -0.365328 0.032920 -0.350589
v -0.329391 0.029525 -0.322127
v -0.294591 0.025757 -0.293188
v -0.261000 0.021903 -0.263873
v -0.430216 0.039510 -0.334020
v -0.390321 0.036213 -0.309444
v -0.351623 0.032168 -0.284363
v -0.314306 0.027841 -0.258853
v -0.278385 0.023593 -0.232969
v -0.453904 0.043506 -0.286380
v -0.411347 0.039186 -0.265373
v -0.370256 0.034365 -0.243891
v -0.330786 0.029524 -0.222033
v -0.292584 0.025289 -0.199636
v -0.473269 0.046100 -0.236012
v -0.428448 0.040823 -0.218683
v -0.385349 0.035595 -0.200999
v -0.343885 0.030718 -0.182935
v -0.303836 0.026659 -0.164457
v -0.488402 0.046579 -0.183001
v -0.441754 0.041381 -0.169594
v -0.397030 0.036209 -0.155999
v -0.353861 0.031597 -0.142050
v -0.312551 0.027649 -0.127933
v -0.499343 0.047050 -0.127762
v -0.451329 0.041954 -0.118632
v -0.405398 0.036855 -0.109404
v -0.361096 0.032364 -0.099932
v -0.318965 0.028409 -0.090403
v -0.506135 0.047505 -0.071136
v -0.457248 0.042534 -0.066481
v -0.410553 0.037526 -0.061792
v -0.365579 0.033104 -0.056969
v -0.322889 0.029184 -0.052115
v -0.508497 0.047926 -0.013833
v -0.459299 0.043101 -0.013820
v -0.412328 0.038200 -0.013802
v -0.367060 0.033887 -0.013726
v -0.324149 0.030022 -0.013622
v -0.506124 0.047733 0.043442
v -0.457236 0.042876 0.038796
v -0.410516 0.037989 0.034123
v -0.365395 0.033785 0.029412
v -0.322665 0.030031 0.024731
v -0.499334 0.047191 0.100037
v -0.451318 0.042175 0.090899
v -0.405340 0.037182 0.081662
v -0.360806 0.032961 0.072245
v -0.318618 0.029202 0.062847
v -0.488382 0.046596 0.155027
v -0.441751 0.041452 0.141729
v -0.396967 0.036366 0.128172
v -0.353434 0.032109 0.114247
v -0.312097 0.028353 0.100304
v -0.473273 0.043836 0.207900
v -0.428488 0.039614 0.190663
v -0.385320 0.034907 0.173031
v -0.343145 0.030886 0.154795
v -0.302911 0.027349 0.136458
v -0.453919 0.039637 0.258485
v -0.411391 0.036413 0.237414
v -0.370272 0.032453 0.215912
v -0.330165 0.028720 0.193734
v -0.291430 0.025555 0.171188
v -0.430258 0.035539 0.306256
v -0.390344 0.032879 0.281611
v -0.351638 0.029557 0.256471
v -0.314096 0.026052 0.230756
v -0.277404 0.023188 0.204328
v -0.402277 0.031794 0.350764
v -0.365348 0.029456 0.322813
v -0.329405 0.026587 0.294304
v -0.294590 0.023394 0.265286
v -0.260597 0.020565 0.235518
v -0.370080 0.028454 0.391686
v -0.336476 0.026307 0.360683
v -0.303634 0.023747 0.329063
v -0.271720 0.020928 0.296904
v -0.240778 0.018009 0.264233
v -0.333877 0.025532 0.428762
v -0.303893 0.023494 0.394940
v -0.274477 0.021145 0.360467
v -0.245796 0.018581 0.325438
v -0.217927 0.015719 0.289933
v -0.293963 0.023024 0.461758
v -0.267853 0.021041 0.425340
v -0.242152 0.018832 0.388279
v -0.217005 0.016312 0.350655
v -0.192464 0.013519 0.312555
v -0.250701 0.020922 0.490455
v -0.228678 0.018956 0.451662
v -0.206935 0.016775 0.412278
v -0.185577 0.014170 0.372351
v -0.164643 0.011426 0.331958
v -0.204512 0.019216 0.514622
v -0.186743 0.017241 0.473690
v -0.169147 0.014911 0.432252
v -0.151789 0.012217 0.390323
v -0.134713 0.009507 0.347974
v -0.155854 0.017895 0.534014
v -0.142459 0.015833 0.491199
v -0.129149 0.013289 0.447994
v -0.115967 0.010510 0.404387
v -0.102960 0.007826 0.360446
v -0.105208 0.016948 0.548358
v -0.096263 0.014689 0.503951
v -0.087342 0.011963 0.459300
v -0.078476 0.009109 0.414378
v -0.069705 0.006442 0.369238
v -0.053083 0.016357 0.557355
v -0.048624 0.013869 0.511707
v -0.044161 0.010993 0.465986
v -0.039710 0.008073 0.420159
v -0.035296 0.005412 0.374247
v -0.000007 0.016098 0.560561
v -0.000019 0.013423 0.514242
v -0.000033 0.010430 0.467906
v -0.000045 0.007451 0.421630
v -0.000053 0.004779 0.375404
v 0.053076 0.016313 0.557375
v 0.048595 0.013671 0.511738
v 0.044102 0.010688 0.466009
v 0.039627 0.007707 0.420174
v 0.035195 0.005026 0.374255
v 0.105213 0.016912 0.548391
v 0.096256 0.014353 0.504007
v 0.087307 0.011408 0.459343
v 0.078412 0.008425 0.414407
v 0.069619 0.005712 0.369254
v 0.155868 0.017887 0.534047
v 0.142481 0.015464 0.491267
v 0.129149 0.012578 0.448054
v 0.115933 0.009591 0.404426
v 0.102900 0.006822 0.360466
v 0.204530 0.019218 0.514645
v 0.186789 0.016973 0.473754
v 0.169187 0.014165 0.432322
v 0.151793 0.011169 0.390368
v 0.134684 0.008321 0.347995
v 0.250714 0.020923 0.490464
v 0.228731 0.018841 0.451710
v 0.207010 0.016126 0.412346
v 0.185623 0.013113 0.372397
v 0.164650 0.010163 0.331977
v 0.293968 0.023025 0.461760
v 0.267895 0.021025 0.425367
v 0.242242 0.018408 0.388332
v 0.217090 0.015367 0.350696
v 0.192509 0.012289 0.312565
v 0.333878 0.025532 0.428762
v 0.303917 0.023495 0.394950
v 0.274559 0.020959 0.360497
v 0.245906 0.017866 0.325463
v 0.218010 0.014631 0.289923
v 0.370080 0.028454 0.391686
v 0.336485 0.026308 0.360684
v 0.303689 0.023714 0.329073
v 0.271826 0.020531 0.296905
v 0.240845 0.017216 0.264152
v 0.402277 0.031794 0.350764
v 0.365350 0.029456 0.322813
v 0.329429 0.026589 0.294300
v 0.294651 0.023266 0.265252
v 0.260572 0.020210 0.235350
v 0.430258 0.035539 0.306256
v 0.390344 0.032879 0.281611
v 0.351638 0.029557 0.256460
v 0.314003 0.026153 0.230641
v 0.277261 0.023230 0.204126
v 0.453919 0.039637 0.258485
v 0.411390 0.036413 0.237413
v 0.370256 0.032452 0.215900
v 0.329948 0.028893 0.193598
v 0.291181 0.025806 0.171001
v 0.473273 0.043836 0.207900
v 0.428485 0.039614 0.190661
v 0.385246 0.034943 0.172999
v 0.342863 0.031091 0.154676
v 0.302598 0.027640 0.136318
v 0.488382 0.046596 0.155027
v 0.441747 0.041452 0.141728
v 0.396887 0.036403 0.128152
v 0.353150 0.032308 0.114173
v 0.311774 0.028629 0.100222
v 0.499334 0.047191 0.100036
v 0.451314 0.042175 0.090899
v 0.405278 0.037209 0.081656
v 0.360578 0.033114 0.072220
v 0.318358 0.029417 0.062825
v 0.506124 0.047733 0.043442
v 0.457234 0.042875 0.038796
v 0.410482 0.038001 0.034124
v 0.365248 0.033881 0.029412
v 0.322493 0.030169 0.024735
v 0.508497 0.047926 -0.013833
v 0.459298 0.043100 -0.013820
v 0.412306 0.038208 -0.013798
v 0.366925 0.033978 -0.013710
v 0.323987 0.030156 -0.013599
v 0.506135 0.047505 -0.071136
v 0.457248 0.042534 -0.066481
v 0.410546 0.037527 -0.061788
v 0.365521 0.033143 -0.056948
v 0.322818 0.029244 -0.052083
v 0.499343 0.047050 -0.127762
v 0.451329 0.041954 -0.118632
v 0.405397 0.036855 -0.109403
v 0.361093 0.032365 -0.099927
v 0.318964 0.028411 -0.090394
v 0.488383 0.046576 -0.182758
v 0.441756 0.041380 -0.169468
v 0.397038 0.036210 -0.155923
v 0.353868 0.031599 -0.141998
v 0.312558 0.027651 -0.127894
v 0.473267 0.043963 -0.235634
v 0.428485 0.039715 -0.218406
v 0.385393 0.034944 -0.200802
v 0.343941 0.030296 -0.182800
v 0.303890 0.026376 -0.164359
v 0.453905 0.039930 -0.286220
v 0.411380 0.036703 -0.265158
v 0.370303 0.032704 -0.243695
v 0.330839 0.028406 -0.221876
v 0.292663 0.024501 -0.199535
v 0.430237 0.036012 -0.333989
v 0.390327 0.033368 -0.309354
v 0.351638 0.030015 -0.284246
v 0.314329 0.026275 -0.258738
v 0.278424 0.022463 -0.232882
v 0.402249 0.032452 -0.378493
v 0.365325 0.030147 -0.350554
v 0.329388 0.027255 -0.322061
v 0.294592 0.023990 -0.293110
v 0.261005 0.020577 -0.263796
v 0.370047 0.029301 -0.419411
v 0.336448 0.027199 -0.388420
v 0.303610 0.024623 -0.356812
v 0.271685 0.021729 -0.324683
v 0.240752 0.018689 -0.292152
v 0.333841 0.026565 -0.456480
v 0.303863 0.024580 -0.422672
v 0.274443 0.022219 -0.388211
v 0.245726 0.019602 -0.353190
v 0.217797 0.016868 -0.317728
v 0.293926 0.024235 -0.489470
v 0.267819 0.022311 -0.453067
v 0.242097 0.020090 -0.416010
v 0.216894 0.017675 -0.378385
v 0.192295 0.015181 -0.340306
v 0.250666 0.022297 -0.518160
v 0.228636 0.020393 -0.479378
v 0.206851 0.018258 -0.439984
v 0.185428 0.015984 -0.400050
v 0.164450 0.013673 -0.359681
v 0.204479 0.020735 -0.542319
v 0.186689 0.018823 -0.501384
v 0.169037 0.016732 -0.459920
v 0.151620 0.014552 -0.417985
v 0.134513 0.012373 -0.375670
v 0.155820 0.019534 -0.561700
v 0.142392 0.017591 -0.518861
v 0.129027 0.015513 -0.475618
v 0.115801 0.013387 -0.432013
v 0.102773 0.011298 -0.388114
v 0.105177 0.018677 -0.576025
v 0.096196 0.016686 -0.531575
v 0.087231 0.014597 -0.486883
v 0.078335 0.012492 -0.441972
v 0.069551 0.010457 -0.396883
v 0.053044 0.018147 -0.584996
v 0.048547 0.016095 -0.539291
v 0.044044 0.013974 -0.493537
v 0.039566 0.011865 -0.447729
v 0.035134 0.009852 -0.401876
v -0.220118 0.191323 -0.159077
v -0.227216 0.152464 -0.163766
v -0.234174 0.112239 -0.168040
v -0.240471 0.071231 -0.171509
v -0.206743 0.225960 -0.182653
v -0.212156 0.188564 -0.187486
v -0.218127 0.149721 -0.192386
v -0.224024 0.109715 -0.196814
v -0.229342 0.069138 -0.200327
v -0.197585 0.222970 -0.210040
v -0.201948 0.185376 -0.214908
v -0.206804 0.146563 -0.219794
v -0.211611 0.106825 -0.224138
v -0.215890 0.066796 -0.227435
v -0.185740 0.219736 -0.236145
v -0.189150 0.181962 -0.240876
v -0.192962 0.143215 -0.245548
v -0.196722 0.103816 -0.249583
v -0.199961 0.064461 -0.252409
v -0.171021 0.216428 -0.260458
v -0.173593 0.178519 -0.264904
v -0.176470 0.139898 -0.269184
v -0.179269 0.100938 -0.272688
v -0.181519 0.062365 -0.274779
v -0.153412 0.213203 -0.282489
v -0.155271 0.175225 -0.286518
v -0.157338 0.136815 -0.290238
v -0.159275 0.098411 -0.293009
v -0.160546 0.060784 -0.294016
v -0.133036 0.210204 -0.301781
v -0.134308 0.172243 -0.305267
v -0.135698 0.134153 -0.308262
v -0.136867 0.096391 -0.310103
v -0.137478 0.059400 -0.310326
v -0.110124 0.207560 -0.317903
v -0.110937 0.169722 -0.320722
v -0.111764 0.132051 -0.322842
v -0.112260 0.094968 -0.323590
v -0.112622 0.058071 -0.323776
v -0.085002 0.205393 -0.330452
v -0.085460 0.167776 -0.332488
v -0.085789 0.130584 -0.333579
v -0.085984 0.093703 -0.334011
v -0.086193 0.056878 -0.334229
v 0.029717 0.054560 -0.345704
v 0.029667 0.091196 -0.345488
v 0.029642 0.128006 -0.345036
v 0.029631 0.165039 -0.344360
v 0.029610 0.202346 -0.343477
v -0.058043 0.203785 -0.339059
v -0.058194 0.166450 -0.340209
v -0.058277 0.129444 -0.340883
v -0.058352 0.092595 -0.341342
v -0.058465 0.055877 -0.341564
v -0.029610 0.202744 -0.343466
v -0.029631 0.165485 -0.344350
v -0.029642 0.128491 -0.345029
v -0.029667 0.091709 -0.345483
v -0.029716 0.055090 -0.345703
v 0.000000 0.054527 -0.346592
v -0.000000 0.091069 -0.346378
v -0.000000 0.127789 -0.345939
v -0.000000 0.164747 -0.345283
v -0.000000 0.202003 -0.344426
v -0.029616 0.239283 -0.342476
v -0.029204 0.261618 -0.336931
v -0.027999 0.279601 -0.322527
v -0.026186 0.291453 -0.300966
v -0.000005 0.238567 -0.343478
v -0.000039 0.290694 -0.303491
v -0.000033 0.278846 -0.324409
v -0.000019 0.260900 -0.338143
v -0.057948 0.240424 -0.337422
v -0.057142 0.262746 -0.331450
v -0.054810 0.280706 -0.316627
v -0.051202 0.292511 -0.294788
v -0.084783 0.242079 -0.328170
v -0.083593 0.264329 -0.321880
v -0.080130 0.282167 -0.306902
v -0.074758 0.293828 -0.285172
v -0.109709 0.244207 -0.315050
v -0.108090 0.266307 -0.308551
v -0.103508 0.283921 -0.293666
v -0.096462 0.295352 -0.272394
v -0.132318 0.246714 -0.298442
v -0.130227 0.268593 -0.291846
v -0.124568 0.285895 -0.277279
v -0.115987 0.297020 -0.256782
v -0.152283 0.249491 -0.278758
v -0.149689 0.271093 -0.272175
v -0.143018 0.288009 -0.258139
v -0.133083 0.298766 -0.238706
v -0.169373 0.252423 -0.256431
v -0.166255 0.273704 -0.249981
v -0.158663 0.290180 -0.236685
v -0.147595 0.300521 -0.218582
v -0.183468 0.255385 -0.231931
v -0.179817 0.276318 -0.225741
v -0.171423 0.292322 -0.213392
v -0.159474 0.302220 -0.196867
v -0.194587 0.258241 -0.205763
v -0.190413 0.278820 -0.199967
v -0.181360 0.294353 -0.188768
v -0.168810 0.303806 -0.174041
v -0.202926 0.260851 -0.178459
v -0.198254 0.281100 -0.173194
v -0.188705 0.296196 -0.163332
v -0.175839 0.305235 -0.150580
v -0.208896 0.263078 -0.150537
v -0.203753 0.283054 -0.145933
v -0.193870 0.297796 -0.137562
v -0.180953 0.306485 -0.126911
v -0.213128 0.264801 -0.122423
v -0.207528 0.284598 -0.118594
v -0.197434 0.299115 -0.111825
v -0.184690 0.307557 -0.103338
v -0.216438 0.266028 -0.094337
v -0.210349 0.285749 -0.091391
v -0.200078 0.300213 -0.086300
v -0.187683 0.308528 -0.079993
v -0.219740 0.266850 -0.066618
v -0.213042 0.286547 -0.064656
v -0.202348 0.301179 -0.061305
v -0.190470 0.309535 -0.057094
v -0.221527 0.267854 -0.038291
v -0.214205 0.287330 -0.037141
v -0.201661 0.301854 -0.035372
v -0.191331 0.310105 -0.033323
v -0.223050 0.268771 -0.010270
v -0.215977 0.288013 -0.009974
v -0.203525 0.302046 -0.009808
v -0.193072 0.309996 -0.009820
v -0.221234 0.268769 0.017790
v -0.214125 0.287735 0.017261
v -0.201838 0.301317 0.015905
v -0.191633 0.309078 0.013903
v -0.219323 0.267138 0.045973
v -0.212853 0.286492 0.044587
v -0.202496 0.300288 0.041686
v -0.190869 0.307806 0.037705
v -0.216214 0.265378 0.073395
v -0.210268 0.284843 0.071033
v -0.200229 0.298925 0.066484
v -0.188079 0.306665 0.060639
v -0.211285 0.263278 0.099899
v -0.205993 0.282640 0.096675
v -0.196517 0.296683 0.090680
v -0.184513 0.304733 0.083066
v -0.204678 0.260630 0.125756
v -0.199638 0.279953 0.121573
v -0.190321 0.294030 0.113971
v -0.178230 0.302222 0.104398
v -0.197142 0.257267 0.151392
v -0.192399 0.276715 0.146392
v -0.183310 0.291008 0.137246
v -0.171267 0.299454 0.125649
v -0.188115 0.253316 0.176510
v -0.183762 0.272992 0.170807
v -0.175060 0.287627 0.160223
v -0.163268 0.296419 0.146657
v -0.177050 0.248912 0.200841
v -0.173173 0.268875 0.194576
v -0.165036 0.283928 0.182702
v -0.153732 0.293128 0.167273
v -0.163545 0.244209 0.223997
v -0.160208 0.264480 0.217326
v -0.152806 0.279984 0.204348
v -0.142252 0.289623 0.187210
v -0.147373 0.239376 0.245531
v -0.144608 0.259946 0.238613
v -0.138090 0.275895 0.224736
v -0.128546 0.285975 0.206087
v -0.128477 0.234452 0.264994
v -0.126285 0.255395 0.257960
v -0.120763 0.271790 0.243395
v -0.112470 0.282283 0.223476
v -0.106927 0.229660 0.281923
v -0.105290 0.250841 0.274915
v -0.100853 0.267785 0.259850
v -0.094015 0.278672 0.238924
v -0.082924 0.225285 0.295866
v -0.081798 0.246636 0.289012
v -0.078499 0.263900 0.273664
v -0.073292 0.275290 0.251996
v -0.056790 0.221544 0.306407
v -0.056111 0.242990 0.299818
v -0.053980 0.260479 0.284417
v -0.050531 0.272263 0.262305
v -0.028952 0.218657 0.313175
v -0.028650 0.240122 0.306945
v -0.027674 0.257722 0.291729
v -0.026053 0.269683 0.269512
v -0.000036 0.216775 0.315817
v -0.000091 0.238226 0.310032
v -0.000154 0.255849 0.295228
v -0.000191 0.267882 0.273222
v 0.028888 0.217577 0.313139
v 0.028480 0.238990 0.306936
v 0.027384 0.256588 0.291733
v 0.025689 0.268602 0.269496
v 0.056743 0.219489 0.306416
v 0.055977 0.240863 0.299867
v 0.053744 0.258380 0.284471
v 0.050227 0.270286 0.262312
v 0.082899 0.222444 0.295931
v 0.081706 0.243727 0.289117
v 0.078322 0.261066 0.273752
v 0.073055 0.272752 0.252015
v 0.106933 0.226245 0.282043
v 0.105252 0.247377 0.275062
v 0.100734 0.264439 0.259952
v 0.093835 0.275806 0.238957
v 0.128522 0.230674 0.265154
v 0.126305 0.251595 0.258123
v 0.120711 0.268286 0.243493
v 0.112353 0.279108 0.223533
v 0.147453 0.235512 0.245701
v 0.144670 0.256165 0.238759
v 0.138094 0.272403 0.224833
v 0.128487 0.282635 0.206155
v 0.163637 0.240540 0.224145
v 0.160290 0.260865 0.217455
v 0.152848 0.276448 0.204448
v 0.142236 0.286247 0.187263
v 0.177148 0.245407 0.200970
v 0.173272 0.265341 0.194689
v 0.165108 0.280469 0.182776
v 0.153751 0.289820 0.167297
v 0.188213 0.249995 0.176613
v 0.183867 0.269641 0.170886
v 0.175148 0.284338 0.160258
v 0.163312 0.293259 0.146647
v 0.197219 0.254213 0.151459
v 0.192492 0.273625 0.146431
v 0.183401 0.287958 0.137242
v 0.171327 0.296504 0.125607
v 0.204714 0.257909 0.125783
v 0.199705 0.277185 0.121574
v 0.190405 0.291271 0.113932
v 0.178301 0.299527 0.104330
v 0.211271 0.260937 0.099878
v 0.206026 0.280232 0.096636
v 0.196589 0.294250 0.090609
v 0.184596 0.302325 0.082971
v 0.216215 0.263452 0.073374
v 0.210306 0.282841 0.070983
v 0.200302 0.296869 0.066393
v 0.188168 0.304601 0.060518
v 0.219246 0.265696 0.045928
v 0.212839 0.284943 0.044512
v 0.202546 0.298640 0.041573
v 0.190957 0.306106 0.037565
v 0.221174 0.267842 0.017749
v 0.214121 0.286670 0.017179
v 0.201891 0.300102 0.015780
v 0.191721 0.307788 0.013747
v 0.222896 0.268410 -0.010296
v 0.215911 0.287475 -0.010050
v 0.203544 0.301305 -0.009934
v 0.193152 0.309126 -0.009983
v 0.221423 0.267844 -0.038315
v 0.214151 0.287238 -0.037193
v 0.201669 0.301601 -0.035472
v 0.191401 0.309667 -0.033477
v 0.219735 0.266853 -0.066635
v 0.213040 0.286546 -0.064674
v 0.202357 0.301168 -0.061341
v 0.190512 0.309457 -0.057180
v 0.216435 0.266027 -0.094333
v 0.210349 0.285747 -0.091384
v 0.200081 0.300211 -0.086292
v 0.187697 0.308523 -0.080003
v 0.213139 0.264703 -0.122425
v 0.207535 0.284515 -0.118582
v 0.197439 0.299049 -0.111800
v 0.184696 0.307506 -0.103310
v 0.208926 0.262794 -0.150557
v 0.203768 0.282816 -0.145929
v 0.193873 0.297606 -0.137537
v 0.180953 0.306338 -0.126877
v 0.202964 0.260403 -0.178499
v 0.198271 0.280724 -0.173206
v 0.188703 0.295897 -0.163317
v 0.175830 0.304999 -0.150553
v 0.194625 0.257664 -0.205818
v 0.190429 0.278334 -0.199993
v 0.181353 0.293963 -0.188765
v 0.168793 0.303496 -0.174022
v 0.183501 0.254721 -0.231996
v 0.179828 0.275754 -0.225778
v 0.171411 0.291867 -0.213399
v 0.159452 0.301854 -0.196855
v 0.169398 0.251717 -0.256499
v 0.166260 0.273100 -0.250025
v 0.158647 0.289687 -0.236700
v 0.147568 0.300120 -0.218577
v 0.152300 0.248782 -0.278823
v 0.149689 0.270483 -0.272220
v 0.142998 0.287505 -0.258158
v 0.133055 0.298352 -0.238705
v 0.132327 0.246037 -0.298499
v 0.130221 0.268007 -0.291888
v 0.124545 0.285406 -0.277298
v 0.115957 0.296614 -0.256784
v 0.109713 0.243591 -0.315096
v 0.108080 0.265770 -0.308587
v 0.103484 0.283469 -0.293683
v 0.096432 0.294973 -0.272398
v 0.084783 0.241543 -0.328204
v 0.083581 0.263861 -0.321907
v 0.080106 0.281771 -0.306916
v 0.074729 0.293493 -0.285175
v 0.057946 0.239982 -0.337444
v 0.057129 0.262362 -0.331468
v 0.054786 0.280379 -0.316636
v 0.051174 0.292231 -0.294790
v 0.029609 0.238944 -0.342488
v 0.029177 0.261328 -0.336941
v 0.027954 0.279354 -0.322533
v 0.026134 0.291238 -0.300969
v -0.213605 0.228530 -0.154482
v -0.249501 0.072834 -0.141371
v -0.242377 0.114174 -0.138190
v -0.234485 0.154583 -0.134311
v -0.226356 0.193462 -0.130073
v -0.218775 0.230520 -0.125937
v -0.256654 0.073978 -0.110220
v -0.248954 0.115540 -0.107535
v -0.240385 0.156083 -0.104271
v -0.231468 0.194983 -0.100707
v -0.222996 0.231932 -0.097241
v -0.262103 0.074756 -0.078390
v -0.254163 0.116416 -0.076392
v -0.245291 0.157024 -0.073961
v -0.235991 0.195939 -0.071308
v -0.227015 0.232837 -0.068738
v -0.265326 0.075697 -0.045955
v -0.257203 0.117486 -0.044666
v -0.248115 0.158176 -0.043099
v -0.238563 0.197118 -0.041383
v -0.229275 0.233975 -0.039704
v -0.266365 0.076654 -0.013330
v -0.258226 0.118500 -0.012803
v -0.249161 0.159200 -0.012174
v -0.239688 0.198117 -0.011493
v -0.230556 0.234933 -0.010831
v -0.265016 0.076840 0.019251
v -0.256799 0.118724 0.019010
v -0.247645 0.159446 0.018706
v -0.238069 0.198362 0.018370
v -0.228839 0.235084 0.018049
v -0.261583 0.075910 0.051619
v -0.253491 0.117666 0.050649
v -0.244525 0.158248 0.049460
v -0.235241 0.196902 0.048176
v -0.226389 0.233446 0.046964
v -0.256200 0.074902 0.083316
v -0.248476 0.116433 0.081636
v -0.239836 0.156721 0.079564
v -0.230970 0.195153 0.077334
v -0.222619 0.231628 0.075195
v -0.248333 0.074061 0.113902
v -0.240856 0.115310 0.111479
v -0.232725 0.155178 0.108589
v -0.224459 0.193316 0.105471
v -0.216841 0.229623 0.102455
v -0.238779 0.072329 0.143445
v -0.231867 0.113121 0.140459
v -0.224359 0.152679 0.136870
v -0.216745 0.190660 0.132957
v -0.209750 0.226949 0.129108
v -0.227377 0.069814 0.171645
v -0.221258 0.110065 0.168288
v -0.214599 0.149275 0.164220
v -0.207849 0.187107 0.159754
v -0.201643 0.223432 0.155319
v -0.213913 0.066756 0.198261
v -0.208721 0.106381 0.194751
v -0.203043 0.145194 0.190431
v -0.197279 0.182862 0.185641
v -0.191964 0.219249 0.180834
v -0.198212 0.063417 0.222996
v -0.193999 0.102324 0.219562
v -0.189343 0.140679 0.215221
v -0.184601 0.178144 0.210339
v -0.180210 0.214581 0.205376
v -0.180182 0.060055 0.245513
v -0.176932 0.098143 0.242383
v -0.173270 0.135970 0.238238
v -0.169517 0.173178 0.233478
v -0.166024 0.209625 0.228561
v -0.159821 0.056806 0.265464
v -0.157475 0.093957 0.262856
v -0.154732 0.131203 0.259107
v -0.151885 0.168134 0.254654
v -0.149216 0.204581 0.249957
v -0.137220 0.053965 0.282467
v -0.135684 0.090068 0.280590
v -0.133749 0.126585 0.277430
v -0.131702 0.163099 0.273462
v -0.129763 0.199435 0.269146
v -0.112535 0.051748 0.296124
v -0.111712 0.086725 0.295205
v -0.110460 0.122420 0.292799
v -0.109078 0.158433 0.289463
v -0.107751 0.194564 0.285664
v -0.086163 0.049947 0.306544
v -0.085803 0.084105 0.306329
v -0.085111 0.118926 0.304828
v -0.084249 0.154350 0.302256
v -0.083400 0.190192 0.299091
v -0.058461 0.048393 0.313870
v -0.058294 0.082284 0.313724
v -0.058024 0.116290 0.313160
v -0.057551 0.151068 0.311466
v -0.057041 0.186537 0.309034
v -0.029715 0.047191 0.318009
v -0.029658 0.080892 0.317856
v -0.029569 0.114625 0.317510
v -0.029386 0.148769 0.316761
v -0.029101 0.183812 0.315143
v 0.000000 0.046422 0.318899
v 0.000000 0.079965 0.318751
v -0.000002 0.113581 0.318411
v -0.000009 0.147510 0.317897
v -0.000016 0.182121 0.317098
v 0.029715 0.046695 0.318010
v 0.029656 0.080266 0.317861
v 0.029561 0.113865 0.317521
v 0.029364 0.147909 0.316730
v 0.029073 0.182845 0.315091
v 0.058459 0.047439 0.313872
v 0.058288 0.081075 0.313735
v 0.058004 0.114862 0.313137
v 0.057525 0.149424 0.311423
v 0.057018 0.184677 0.309003
v 0.086159 0.048599 0.306547
v 0.085787 0.082418 0.306316
v 0.085083 0.116926 0.304789
v 0.084225 0.152037 0.302233
v 0.083388 0.187588 0.299104
v 0.112528 0.050095 0.296130
v 0.111681 0.084676 0.295164
v 0.110431 0.119966 0.292769
v 0.109066 0.155596 0.289476
v 0.107758 0.191395 0.285731
v 0.137188 0.052153 0.282430
v 0.135642 0.087773 0.280539
v 0.133725 0.123815 0.277417
v 0.131709 0.159902 0.273512
v 0.129799 0.195891 0.269260
v 0.159764 0.054943 0.265394
v 0.157423 0.091541 0.262798
v 0.154714 0.128262 0.259108
v 0.151912 0.164743 0.254733
v 0.149282 0.200860 0.250102
v 0.180094 0.058253 0.245416
v 0.176861 0.095764 0.242312
v 0.173246 0.133087 0.238231
v 0.169547 0.169899 0.233546
v 0.166096 0.206082 0.228689
v 0.198078 0.061873 0.222865
v 0.193889 0.100200 0.219460
v 0.189287 0.138056 0.215182
v 0.184610 0.175129 0.210374
v 0.180278 0.211255 0.205478
v 0.213721 0.065517 0.198102
v 0.208561 0.104516 0.194623
v 0.202953 0.142775 0.190370
v 0.197272 0.180005 0.185657
v 0.192026 0.216091 0.180914
v 0.227125 0.068862 0.171472
v 0.221042 0.108466 0.168143
v 0.214462 0.147111 0.164136
v 0.207804 0.184504 0.159739
v 0.201676 0.220535 0.155364
v 0.238459 0.071740 0.143267
v 0.231580 0.111869 0.140302
v 0.224152 0.150854 0.136762
v 0.216636 0.188393 0.132909
v 0.209729 0.224385 0.129114
v 0.247943 0.073899 0.113735
v 0.240490 0.114482 0.111317
v 0.232438 0.153768 0.108453
v 0.224273 0.191450 0.105377
v 0.216751 0.227451 0.102409
v 0.255764 0.075126 0.083175
v 0.248036 0.116088 0.081490
v 0.239616 0.155691 0.079479
v 0.230817 0.193689 0.077271
v 0.222556 0.229865 0.075162
v 0.261212 0.076218 0.051532
v 0.253070 0.117746 0.050551
v 0.244159 0.157789 0.049374
v 0.234971 0.195976 0.048107
v 0.226220 0.232196 0.046914
v 0.264766 0.077041 0.019226
v 0.256487 0.118934 0.018978
v 0.247339 0.159424 0.018669
v 0.237841 0.197944 0.018333
v 0.228703 0.234348 0.018018
v 0.266117 0.076856 -0.013325
v 0.257913 0.118718 -0.012797
v 0.248813 0.159400 -0.012169
v 0.239358 0.198181 -0.011493
v 0.230301 0.234773 -0.010837
v 0.265212 0.075787 -0.045963
v 0.257058 0.117585 -0.044675
v 0.247953 0.158269 -0.043111
v 0.238397 0.197194 -0.041397
v 0.229126 0.234025 -0.039719
v 0.262098 0.074757 -0.078403
v 0.254157 0.116418 -0.076408
v 0.245284 0.157026 -0.073979
v 0.235984 0.195942 -0.071328
v 0.227008 0.232840 -0.068757
v 0.256651 0.073980 -0.110219
v 0.248950 0.115543 -0.107533
v 0.240380 0.156086 -0.104268
v 0.231463 0.194985 -0.100705
v 0.222991 0.231934 -0.097239
v 0.249528 0.072645 -0.141382
v 0.242406 0.113995 -0.138204
v 0.234514 0.154422 -0.134326
v 0.226381 0.193324 -0.130086
v 0.218793 0.230403 -0.125947
v 0.240545 0.070688 -0.171546
v 0.234256 0.111724 -0.168087
v 0.227296 0.151999 -0.163817
v 0.220188 0.190918 -0.159125
v 0.213657 0.228188 -0.154521
v 0.229439 0.068318 -0.200383
v 0.224132 0.108931 -0.196890
v 0.218234 0.149007 -0.192469
v 0.212248 0.187937 -0.187565
v 0.206811 0.225424 -0.182718
v 0.215985 0.065796 -0.227497
v 0.211721 0.105858 -0.224230
v 0.206913 0.145673 -0.219897
v 0.202043 0.184585 -0.215009
v 0.197655 0.222287 -0.210123
v 0.200038 0.063375 -0.252462
v 0.196816 0.102754 -0.249675
v 0.193058 0.142226 -0.245658
v 0.189233 0.181073 -0.240985
v 0.185802 0.218959 -0.236238
v 0.181568 0.061273 -0.274807
v 0.179340 0.099858 -0.272767
v 0.176545 0.138879 -0.269286
v 0.173659 0.177592 -0.265010
v 0.171070 0.215609 -0.260551
v 0.160569 0.059743 -0.294015
v 0.159321 0.097372 -0.293064
v 0.157390 0.135822 -0.290323
v 0.155318 0.174312 -0.286611
v 0.153447 0.212388 -0.282574
v 0.137493 0.058422 -0.310327
v 0.136889 0.095434 -0.310127
v 0.135730 0.133229 -0.308322
v 0.134338 0.171385 -0.305341
v 0.133058 0.209430 -0.301851
v 0.112631 0.057187 -0.323778
v 0.112268 0.094111 -0.323596
v 0.111779 0.131224 -0.322875
v 0.110954 0.168948 -0.320774
v 0.110137 0.206858 -0.317957
v 0.086198 0.056104 -0.334231
v 0.085988 0.092952 -0.334018
v 0.085793 0.129870 -0.333589
v 0.085467 0.167105 -0.332518
v 0.085008 0.204782 -0.330488
v 0.058467 0.055224 -0.341566
v 0.058354 0.091961 -0.341347
v 0.058278 0.128841 -0.340892
v 0.058195 0.165892 -0.340220
v 0.058045 0.203278 -0.339079
v -0.023955 0.295134 -0.274697
v -0.000041 0.294382 -0.277625
v -0.046688 0.296130 -0.268539
v -0.068053 0.297334 -0.259366
v -0.087723 0.298699 -0.247418
v -0.105428 0.300170 -0.232990
v -0.120968 0.301692 -0.216421
v -0.134233 0.303207 -0.198093
v -0.145209 0.304663 -0.178423
v -0.154001 0.306019 -0.157838
v -0.160839 0.307248 -0.136752
v -0.166078 0.308339 -0.115519
v -0.170194 0.309304 -0.094385
v -0.173776 0.310212 -0.073446
v -0.177382 0.311149 -0.052747
v -0.178658 0.311383 -0.031233
v -0.180329 0.311006 -0.009862
v -0.178868 0.310152 0.011706
v -0.177721 0.308831 0.033276
v -0.174194 0.307756 0.054251
v -0.170676 0.306127 0.074778
v -0.164229 0.303723 0.094077
v -0.157281 0.301108 0.113130
v -0.149487 0.298277 0.131925
v -0.140407 0.295233 0.150367
v -0.129678 0.292005 0.168224
v -0.117040 0.288650 0.185179
v -0.102345 0.285252 0.200857
v -0.085560 0.281918 0.214866
v -0.066763 0.278776 0.226817
v -0.046131 0.275969 0.236346
v -0.023921 0.273648 0.243135
v -0.000194 0.271965 0.246842
v 0.023549 0.272746 0.243097
v 0.045808 0.274316 0.236321
v 0.066505 0.276536 0.226819
v 0.085356 0.279246 0.214895
v 0.102190 0.282295 0.200894
v 0.116932 0.285537 0.185207
v 0.129612 0.288848 0.168236
v 0.140376 0.292123 0.150355
v 0.149483 0.295287 0.131888
v 0.157298 0.298292 0.113069
v 0.164265 0.301123 0.093996
v 0.170732 0.303774 0.074674
v 0.174260 0.305711 0.054126
v 0.177800 0.307109 0.033132
v 0.178954 0.308794 0.011548
v 0.180423 0.310013 -0.010033
v 0.178752 0.310764 -0.031407
v 0.177457 0.310893 -0.052885
v 0.173818 0.310192 -0.073511
v 0.170209 0.309264 -0.094380
v 0.166080 0.308223 -0.115491
v 0.160832 0.307060 -0.136724
v 0.153988 0.305770 -0.157816
v 0.145190 0.304366 -0.178407
v 0.134210 0.302878 -0.198083
v 0.120943 0.301349 -0.216414
v 0.105401 0.299830 -0.232987
v 0.087697 0.298377 -0.247417
v 0.068027 0.297046 -0.259365
v 0.046663 0.295886 -0.268539
v 0.023902 0.294940 -0.274700
v -0.020205 0.294107 -0.233033
v -0.003952 0.293042 -0.052472
v -0.016734 0.293598 -0.194839
v -0.013388 0.293515 -0.157771
v -0.010178 0.293783 -0.121943
v -0.007066 0.293643 -0.087097
v -0.000058 0.292913 -0.052111
v -0.000040 0.293392 -0.236041
v -0.000052 0.293360 -0.087931
v -0.000042 0.293374 -0.123399
v -0.000038 0.292981 -0.159890
v -0.000039 0.292958 -0.197517
v -0.039237 0.295012 -0.227450
v -0.007444 0.293188 -0.051754
v -0.032435 0.294382 -0.190131
v -0.025921 0.294155 -0.154115
v -0.019668 0.294252 -0.119381
v -0.013573 0.293941 -0.085540
v -0.057116 0.296078 -0.219453
v -0.010676 0.293332 -0.050274
v -0.047227 0.295291 -0.183518
v -0.037797 0.294886 -0.149014
v -0.028735 0.294773 -0.115777
v -0.019847 0.294256 -0.083292
v -0.073603 0.297267 -0.209239
v -0.013940 0.293470 -0.048925
v -0.060937 0.296295 -0.175160
v -0.048898 0.295688 -0.142584
v -0.037300 0.295333 -0.111204
v -0.025836 0.294581 -0.080390
v -0.088505 0.298537 -0.197054
v -0.017056 0.293603 -0.047213
v -0.073431 0.297361 -0.165252
v -0.059131 0.296539 -0.134963
v -0.045296 0.295914 -0.105747
v -0.031492 0.294908 -0.076878
v -0.101691 0.299844 -0.183182
v -0.019991 0.293728 -0.045173
v -0.084622 0.298458 -0.154012
v -0.068437 0.297419 -0.126304
v -0.052676 0.296499 -0.099499
v -0.036773 0.295229 -0.072806
v -0.113101 0.301148 -0.167934
v -0.022726 0.293842 -0.042826
v -0.094475 0.299557 -0.141675
v -0.076787 0.298306 -0.116766
v -0.059410 0.297070 -0.092555
v -0.041650 0.295535 -0.068220
v -0.122754 0.302410 -0.151639
v -0.025229 0.293946 -0.040181
v -0.103011 0.300633 -0.128483
v -0.084186 0.299174 -0.106512
v -0.065480 0.297610 -0.085011
v -0.046097 0.295818 -0.063174
v -0.130753 0.303603 -0.134622
v -0.027467 0.294039 -0.037264
v -0.110311 0.301664 -0.114667
v -0.090672 0.299977 -0.095692
v -0.070884 0.298103 -0.076956
v -0.050092 0.296069 -0.057721
v -0.137288 0.304708 -0.117182
v -0.029439 0.294113 -0.034139
v -0.116506 0.302640 -0.100429
v -0.096310 0.300692 -0.084431
v -0.075632 0.298534 -0.068469
v -0.053619 0.296282 -0.051914
v -0.142628 0.305718 -0.099568
v -0.031143 0.294164 -0.030833
v -0.121762 0.303544 -0.085938
v -0.101169 0.301300 -0.072835
v -0.079739 0.298892 -0.059616
v -0.056673 0.296449 -0.045791
v -0.147121 0.306643 -0.081940
v -0.032561 0.294194 -0.027368
v -0.126272 0.304300 -0.071289
v -0.105321 0.301789 -0.060960
v -0.083222 0.299167 -0.050444
v -0.059133 0.296578 -0.039304
v -0.151138 0.307510 -0.064334
v -0.033680 0.294200 -0.023782
v -0.130208 0.304905 -0.056472
v -0.108835 0.302162 -0.048806
v -0.085895 0.299368 -0.040873
v -0.061056 0.296659 -0.032603
v -0.154496 0.308217 -0.046543
v -0.034493 0.294184 -0.020104
v -0.133000 0.305361 -0.041212
v -0.111050 0.302429 -0.036119
v -0.087757 0.299493 -0.031044
v -0.062470 0.296688 -0.025773
v -0.156001 0.308331 -0.028249
v -0.034995 0.294144 -0.016366
v -0.134540 0.305625 -0.025703
v -0.112515 0.302575 -0.023372
v -0.088987 0.299531 -0.021145
v -0.063368 0.296662 -0.018857
v -0.157292 0.308003 -0.009950
v -0.035180 0.294080 -0.012583
v -0.135525 0.305571 -0.010148
v -0.113308 0.302591 -0.010555
v -0.089564 0.299476 -0.011168
v -0.063734 0.296581 -0.011875
v -0.156010 0.307434 0.008371
v -0.034999 0.294005 -0.008782
v -0.134528 0.305395 0.005234
v -0.112575 0.302488 0.002029
v -0.089033 0.299344 -0.001329
v -0.063383 0.296459 -0.004910
v -0.154603 0.305888 0.026611
v -0.034522 0.293907 -0.005149
v -0.133076 0.303780 0.020437
v -0.111213 0.301288 0.014294
v -0.087881 0.298760 0.008079
v -0.062539 0.296294 0.001678
v -0.151420 0.304533 0.044644
v -0.033727 0.293793 -0.001675
v -0.130447 0.302126 0.035749
v -0.109083 0.299652 0.026771
v -0.086099 0.297434 0.017518
v -0.061171 0.295657 0.008071
v -0.147642 0.302882 0.062117
v -0.032590 0.293661 0.001684
v -0.126747 0.300235 0.050572
v -0.105696 0.297921 0.038971
v -0.083452 0.296023 0.026984
v -0.059246 0.294654 0.014524
v -0.142132 0.300625 0.078862
v -0.031180 0.293407 0.004759
v -0.122164 0.298127 0.064997
v -0.101642 0.296083 0.050810
v -0.080030 0.294557 0.036130
v -0.056792 0.293627 0.020807
v -0.135437 0.298187 0.094923
v -0.029508 0.292899 0.007698
v -0.115981 0.295923 0.078581
v -0.096557 0.294175 0.062112
v -0.075972 0.293038 0.044902
v -0.053783 0.292591 0.026823
v -0.128041 0.295590 0.110574
v -0.027538 0.292359 0.010732
v -0.109122 0.293615 0.091620
v -0.090495 0.292228 0.072724
v -0.071173 0.291498 0.053192
v -0.050275 0.291541 0.032543
v -0.119659 0.292837 0.125806
v -0.025299 0.291832 0.013540
v -0.101436 0.291208 0.104132
v -0.083717 0.290233 0.082751
v -0.065592 0.289972 0.060854
v -0.046297 0.290498 0.037873
v -0.110028 0.289951 0.140477
v -0.022794 0.291329 0.016093
v -0.092777 0.288723 0.116040
v -0.076166 0.288211 0.092147
v -0.059406 0.288453 0.067931
v -0.041865 0.289472 0.042769
v -0.098946 0.286981 0.154368
v -0.020060 0.290857 0.018352
v -0.083021 0.286200 0.127207
v -0.067789 0.286192 0.100833
v -0.052611 0.286964 0.074368
v -0.036931 0.288508 0.047114
v -0.086287 0.283993 0.167209
v -0.017127 0.290420 0.020289
v -0.072086 0.283690 0.137456
v -0.058556 0.284213 0.108697
v -0.045219 0.285531 0.080098
v -0.031617 0.287596 0.050917
v -0.072008 0.281073 0.178703
v -0.014012 0.290025 0.021883
v -0.059941 0.281261 0.146583
v -0.048464 0.282323 0.115616
v -0.037246 0.284182 0.085052
v -0.025943 0.286752 0.054144
v -0.056144 0.278326 0.188551
v -0.010741 0.289682 0.023100
v -0.046610 0.278989 0.154375
v -0.037538 0.280574 0.121455
v -0.028729 0.282950 0.089154
v -0.019946 0.285991 0.056757
v -0.038814 0.275865 0.196467
v -0.007343 0.289405 0.023888
v -0.032174 0.276960 0.160628
v -0.025841 0.279023 0.126085
v -0.019720 0.281867 0.092333
v -0.013670 0.285328 0.058721
v -0.020203 0.273812 0.202201
v -0.003847 0.289233 0.024108
v -0.016763 0.275263 0.165155
v -0.013467 0.277725 0.129383
v -0.010286 0.280963 0.094520
v -0.007164 0.284778 0.060003
v -0.000180 0.272281 0.205497
v -0.000089 0.289432 0.023072
v -0.000164 0.273976 0.167760
v -0.000146 0.276727 0.131216
v -0.000128 0.280260 0.095639
v -0.000109 0.284346 0.060569
v 0.019853 0.273092 0.202159
v 0.003661 0.289167 0.024105
v 0.016436 0.274724 0.165106
v 0.013173 0.277342 0.129341
v 0.010029 0.280709 0.094491
v 0.006944 0.284628 0.059987
v 0.038494 0.274522 0.196434
v 0.007156 0.289278 0.023879
v 0.031862 0.275938 0.160578
v 0.025555 0.278289 0.126037
v 0.019465 0.281378 0.092297
v 0.013451 0.285039 0.058699
v 0.055864 0.276478 0.188528
v 0.010556 0.289496 0.023086
v 0.046324 0.277556 0.154326
v 0.037266 0.279531 0.121403
v 0.028483 0.282247 0.089112
v 0.019732 0.285572 0.056731
v 0.071770 0.278843 0.178687
v 0.013829 0.289784 0.021864
v 0.059685 0.279500 0.146536
v 0.048209 0.281019 0.115560
v 0.037010 0.283290 0.085004
v 0.025734 0.286215 0.054112
v 0.086094 0.281495 0.167194
v 0.016948 0.290128 0.020265
v 0.071862 0.281684 0.137408
v 0.058324 0.282701 0.108637
v 0.044996 0.284480 0.080045
v 0.031416 0.286954 0.050879
v 0.098793 0.284321 0.154349
v 0.019884 0.290519 0.018325
v 0.082829 0.284027 0.127156
v 0.067579 0.284524 0.100769
v 0.052402 0.285785 0.074310
v 0.036738 0.287776 0.047072
v 0.109912 0.287219 0.140448
v 0.022623 0.290951 0.016064
v 0.092616 0.286455 0.115982
v 0.075978 0.286438 0.092079
v 0.059212 0.287176 0.067868
v 0.041681 0.288666 0.042723
v 0.119575 0.290109 0.125763
v 0.025134 0.291420 0.013506
v 0.101304 0.288905 0.104066
v 0.083553 0.288400 0.082677
v 0.065414 0.288627 0.060787
v 0.046122 0.289636 0.037822
v 0.127985 0.292928 0.110515
v 0.027377 0.291920 0.010695
v 0.109015 0.291331 0.091545
v 0.090352 0.290376 0.072644
v 0.071011 0.290114 0.053120
v 0.050109 0.290640 0.032489
v 0.135403 0.295639 0.094848
v 0.029353 0.292439 0.007659
v 0.115897 0.293699 0.078496
v 0.096434 0.292339 0.062026
v 0.075827 0.291645 0.044826
v 0.053627 0.291666 0.026765
v 0.142118 0.298229 0.078772
v 0.031029 0.292931 0.004716
v 0.122102 0.296000 0.064902
v 0.101542 0.294300 0.050719
v 0.079899 0.293179 0.036049
v 0.056647 0.292693 0.020745
v 0.147651 0.300682 0.062011
v 0.032444 0.293176 0.001640
v 0.126707 0.298250 0.050467
v 0.105612 0.296223 0.038873
v 0.083335 0.294682 0.026899
v 0.059112 0.293724 0.014460
v 0.151442 0.302568 0.044523
v 0.033585 0.293303 -0.001719
v 0.130422 0.300309 0.035635
v 0.109015 0.298061 0.026667
v 0.085999 0.296148 0.017431
v 0.061045 0.294744 0.008005
v 0.154644 0.304178 0.026476
v 0.034386 0.293419 -0.005195
v 0.133071 0.302156 0.020313
v 0.111164 0.299828 0.014184
v 0.087792 0.297547 0.007987
v 0.062421 0.295407 0.001609
v 0.156059 0.306004 0.008226
v 0.034867 0.293524 -0.008829
v 0.134534 0.303977 0.005102
v 0.112537 0.301166 0.001913
v 0.088955 0.298211 -0.001424
v 0.063273 0.295609 -0.004980
v 0.157350 0.306855 -0.010106
v 0.035053 0.293612 -0.012628
v 0.135540 0.304363 -0.010287
v 0.113279 0.301416 -0.010674
v 0.089494 0.298433 -0.011264
v 0.063630 0.295775 -0.011945
v 0.156071 0.307480 -0.028412
v 0.034875 0.293692 -0.016413
v 0.134571 0.304645 -0.025849
v 0.112504 0.301562 -0.023496
v 0.088932 0.298592 -0.021245
v 0.063275 0.295909 -0.018930
v 0.154567 0.307650 -0.046701
v 0.034377 0.293752 -0.020150
v 0.133038 0.304600 -0.041358
v 0.111046 0.301576 -0.036242
v 0.087710 0.298659 -0.031143
v 0.062383 0.295992 -0.025845
v 0.151205 0.307216 -0.064460
v 0.033569 0.293792 -0.023823
v 0.130259 0.304357 -0.056613
v 0.108845 0.301464 -0.048927
v 0.085855 0.298637 -0.040966
v 0.060975 0.296022 -0.032669
v 0.147169 0.306553 -0.082002
v 0.032454 0.293810 -0.027405
v 0.126326 0.303931 -0.071402
v 0.105338 0.301228 -0.061071
v 0.083194 0.298532 -0.050533
v 0.059057 0.295998 -0.039362
v 0.142648 0.305639 -0.099580
v 0.031040 0.293806 -0.030865
v 0.121806 0.303314 -0.086015
v 0.101190 0.300852 -0.072934
v 0.079716 0.298340 -0.059697
v 0.056606 0.295922 -0.045849
v 0.137288 0.304576 -0.117171
v 0.029338 0.293782 -0.034168
v 0.116530 0.302513 -0.100471
v 0.096332 0.300341 -0.084515
v 0.075612 0.298059 -0.068545
v 0.053555 0.295808 -0.051967
v 0.130745 0.303426 -0.134604
v 0.027369 0.293736 -0.037289
v 0.110321 0.301542 -0.114680
v 0.090689 0.299711 -0.095755
v 0.070865 0.297698 -0.077026
v 0.050030 0.295647 -0.057770
v 0.122742 0.302197 -0.151623
v 0.025133 0.293672 -0.040201
v 0.103007 0.300484 -0.128484
v 0.084190 0.298978 -0.106559
v 0.065462 0.297268 -0.085074
v 0.046037 0.295446 -0.063218
v 0.113086 0.300909 -0.167922
v 0.022634 0.293599 -0.042845
v 0.094462 0.299389 -0.141670
v 0.076783 0.298164 -0.116797
v 0.059393 0.296784 -0.092608
v 0.041592 0.295210 -0.068259
v 0.101674 0.299592 -0.183173
v 0.019900 0.293516 -0.045189
v 0.084607 0.298279 -0.154003
v 0.068432 0.297298 -0.126320
v 0.052660 0.296261 -0.099541
v 0.036716 0.294949 -0.072838
v 0.088486 0.298283 -0.197048
v 0.016965 0.293422 -0.047224
v 0.073416 0.297178 -0.165243
v 0.059124 0.296416 -0.134971
v 0.045277 0.295717 -0.105779
v 0.031435 0.294672 -0.076906
v 0.073583 0.297023 -0.209235
v 0.013850 0.293321 -0.048929
v 0.060921 0.296115 -0.175153
v 0.048886 0.295565 -0.142588
v 0.037277 0.295171 -0.111227
v 0.025781 0.294387 -0.080411
v 0.057096 0.295853 -0.219450
v 0.010586 0.293217 -0.050269
v 0.047211 0.295123 -0.183512
v 0.037783 0.294769 -0.149014
v 0.028710 0.294642 -0.115791
v 0.019793 0.294102 -0.083306
v 0.039215 0.294815 -0.227448
v 0.007361 0.293104 -0.051761
v 0.032418 0.294232 -0.190126
v 0.025905 0.294047 -0.154113
v 0.019641 0.294147 -0.119388
v 0.013518 0.293827 -0.085547
v 0.020154 0.293945 -0.233033
v 0.003829 0.292991 -0.052366
v 0.016686 0.293468 -0.194838
v 0.013342 0.293420 -0.157771
v 0.010122 0.293703 -0.121947
v 0.006987 0.293567 -0.087101
v -0.216907 0.039069 0.199856
v -0.242859 0.043576 0.144904
v -0.260713 0.045878 0.084127
v -0.269763 0.047605 0.019361
v -0.269990 0.046576 -0.046578
v -0.261079 0.045043 -0.111502
v -0.244034 0.042838 -0.173052
v -0.218091 0.039515 -0.228494
v -0.182373 0.036510 -0.274780
v -0.137905 0.033738 -0.310284
v -0.086382 0.031403 -0.334212
v -0.058577 0.030497 -0.341549
v -0.253582 0.044107 -0.142854
v -0.230965 0.041532 0.173247
v -0.029765 0.029788 -0.345689
v -0.232269 0.041211 -0.201746
v -0.252735 0.045066 0.115094
v -0.201388 0.037999 -0.252882
v -0.266280 0.046754 0.052077
v -0.161140 0.035094 -0.293927
v -0.271064 0.047457 -0.013590
v -0.112908 0.032491 -0.323756
v -0.266656 0.045746 -0.079348
v -0.200568 0.036425 0.224421
v -0.000000 0.029286 -0.346581
v 0.029766 0.029255 -0.345688
v -0.181899 0.033866 0.246586
v -0.160896 0.031607 0.265985
v -0.137823 0.029564 0.282528
v -0.112901 0.027722 0.296049
v -0.086387 0.026095 0.306497
v -0.058578 0.024728 0.313834
v -0.029765 0.023697 0.317974
v -0.000000 0.023048 0.318867
v 0.029764 0.023291 0.317973
v 0.058577 0.023950 0.313832
v 0.086385 0.025005 0.306494
v 0.112896 0.026396 0.296048
v 0.137809 0.028101 0.282514
v 0.160873 0.030105 0.265963
v 0.181840 0.032470 0.246529
v 0.200461 0.035296 0.224320
v 0.216743 0.038268 0.199721
v 0.230743 0.041041 0.173093
v 0.242577 0.043432 0.144747
v 0.252409 0.045195 0.114956
v 0.260376 0.046138 0.084019
v 0.266004 0.046997 0.052011
v 0.269579 0.047760 0.019341
v 0.270882 0.047612 -0.013588
v 0.269908 0.046644 -0.046584
v 0.266653 0.045746 -0.079358
v 0.261077 0.045046 -0.111501
v 0.253605 0.043918 -0.142861
v 0.244096 0.042298 -0.173075
v 0.232346 0.040402 -0.201777
v 0.218156 0.038543 -0.228514
v 0.201438 0.036942 -0.252893
v 0.182410 0.035429 -0.274784
v 0.161164 0.034043 -0.293923
v 0.137920 0.032753 -0.310282
v 0.112918 0.031601 -0.323755
v 0.086389 0.030625 -0.334211
v 0.058580 0.029840 -0.341548
v -0.000000 0.029904 -0.631387
v -0.000008 0.027672 -0.633828
v -0.057443 0.028031 -0.630288
v -0.057179 0.030269 -0.627867
v -0.113982 0.028769 -0.619986
v -0.113459 0.031009 -0.617617
v -0.169024 0.029870 -0.603917
v -0.168240 0.032111 -0.601629
v -0.222032 0.031347 -0.582550
v -0.220990 0.033590 -0.580373
v -0.272485 0.033218 -0.556208
v -0.271196 0.035463 -0.554170
v -0.319889 0.035504 -0.525166
v -0.318371 0.037749 -0.523291
v -0.363783 0.038223 -0.489657
v -0.362058 0.040467 -0.487965
v -0.403753 0.041396 -0.449892
v -0.401847 0.043637 -0.448397
v -0.439453 0.045040 -0.406081
v -0.437393 0.047275 -0.404791
v -0.470621 0.049171 -0.358460
v -0.468429 0.051394 -0.357375
v -0.497105 0.053799 -0.307327
v -0.494785 0.055991 -0.306424
v -0.518802 0.058922 -0.253072
v -0.516387 0.060999 -0.252283
v -0.535960 0.059295 -0.196030
v -0.533487 0.061379 -0.195380
v -0.548434 0.059637 -0.136676
v -0.545924 0.061730 -0.136244
v -0.556214 0.059935 -0.075709
v -0.553685 0.062038 -0.075497
v -0.558936 0.060171 -0.013849
v -0.556403 0.062284 -0.013853
v -0.556213 0.060053 0.048005
v -0.553687 0.062162 0.047791
v -0.548433 0.059711 0.108967
v -0.545925 0.061808 0.108538
v -0.535951 0.059284 0.168243
v -0.533487 0.061372 0.167674
v -0.518986 0.054025 0.225261
v -0.516602 0.056224 0.224574
v -0.497239 0.049232 0.279587
v -0.494960 0.051460 0.278713
v -0.470735 0.044921 0.330745
v -0.468561 0.047160 0.329662
v -0.439536 0.041090 0.378371
v -0.437487 0.043332 0.377076
v -0.403809 0.037727 0.422184
v -0.401911 0.039970 0.420682
v -0.363817 0.034819 0.461951
v -0.362099 0.037061 0.460250
v -0.319908 0.032351 0.497462
v -0.318395 0.034591 0.495577
v -0.272494 0.030306 0.528506
v -0.271209 0.032543 0.526457
v -0.222033 0.028669 0.554851
v -0.220996 0.030903 0.552662
v -0.169021 0.027425 0.576222
v -0.168242 0.029656 0.573921
v -0.113976 0.026561 0.592293
v -0.113460 0.028789 0.589911
v -0.057435 0.026068 0.602597
v -0.057179 0.028292 0.600162
v -0.000000 0.025950 0.606135
v -0.000000 0.028167 0.603682
v 0.057434 0.026068 0.602598
v 0.057179 0.028290 0.600162
v 0.113977 0.026561 0.592295
v 0.113460 0.028787 0.589911
v 0.169022 0.027425 0.576222
v 0.168242 0.029656 0.573921
v 0.222034 0.028669 0.554851
v 0.220996 0.030903 0.552662
v 0.272494 0.030306 0.528506
v 0.271209 0.032543 0.526457
v 0.319908 0.032351 0.497462
v 0.318395 0.034591 0.495577
v 0.363817 0.034819 0.461951
v 0.362099 0.037061 0.460250
v 0.403809 0.037727 0.422184
v 0.401911 0.039970 0.420682
v 0.439536 0.041090 0.378371
v 0.437487 0.043332 0.377076
v 0.470735 0.044921 0.330745
v 0.468561 0.047160 0.329662
v 0.497239 0.049232 0.279587
v 0.494960 0.051460 0.278713
v 0.518986 0.054025 0.225261
v 0.516602 0.056224 0.224574
v 0.535951 0.059284 0.168243
v 0.533487 0.061372 0.167674
v 0.548433 0.059711 0.108967
v 0.545925 0.061808 0.108538
v 0.556213 0.060053 0.048005
v 0.553687 0.062162 0.047791
v 0.558936 0.060171 -0.013849
v 0.556403 0.062284 -0.013853
v 0.556214 0.059935 -0.075709
v 0.553685 0.062038 -0.075497
v 0.548434 0.059637 -0.136676
v 0.545924 0.061730 -0.136244
v 0.535952 0.059293 -0.195954
v 0.533487 0.061379 -0.195380
v 0.518985 0.054147 -0.252973
v 0.516603 0.056347 -0.252281
v 0.497237 0.049489 -0.307299
v 0.494962 0.051720 -0.306421
v 0.470732 0.045330 -0.358458
v 0.468564 0.047572 -0.357370
v 0.439531 0.041662 -0.406083
v 0.437490 0.043909 -0.404785
v 0.403803 0.038469 -0.449895
v 0.401914 0.040719 -0.448391
v 0.363810 0.035734 -0.489661
v 0.362101 0.037983 -0.487960
v 0.319901 0.033433 -0.525170
v 0.318397 0.035680 -0.523287
v 0.272486 0.031545 -0.556213
v 0.271211 0.033790 -0.554166
v 0.222026 0.030049 -0.582555
v 0.220997 0.032291 -0.580371
v 0.169015 0.028923 -0.603924
v 0.168242 0.031162 -0.601628
v 0.113971 0.028149 -0.619993
v 0.113460 0.030385 -0.617617
v 0.057429 0.027714 -0.630293
v 0.057179 0.029946 -0.627867
v -0.000025 0.022339 -0.634045
v -0.000033 0.019912 -0.631794
v -0.057331 0.020277 -0.628247
v -0.057524 0.022699 -0.630491
v -0.113714 0.021018 -0.617953
v -0.114118 0.023436 -0.620166
v -0.168589 0.022121 -0.601909
v -0.169210 0.024538 -0.604067
v -0.221426 0.023602 -0.580578
v -0.222264 0.026016 -0.582660
v -0.271710 0.025477 -0.554285
v -0.272759 0.027889 -0.556269
v -0.318951 0.027766 -0.523301
v -0.320198 0.030176 -0.525171
v -0.362694 0.030488 -0.487860
v -0.364122 0.032897 -0.489601
v -0.402528 0.033663 -0.448173
v -0.404115 0.036072 -0.449772
v -0.438112 0.037307 -0.404452
v -0.439836 0.039719 -0.405900
v -0.469196 0.041432 -0.356947
v -0.471030 0.043854 -0.358231
v -0.495684 0.046040 -0.306026
v -0.497586 0.048488 -0.307112
v -0.517395 0.051050 -0.252224
v -0.519340 0.053616 -0.253039
v -0.534486 0.051431 -0.195555
v -0.536493 0.053987 -0.196124
v -0.546897 0.051778 -0.136336
v -0.548953 0.054326 -0.136726
v -0.554623 0.052083 -0.075516
v -0.556715 0.054622 -0.075720
v -0.557316 0.052326 -0.013838
v -0.559424 0.054857 -0.013842
v -0.554611 0.052205 0.047818
v -0.556706 0.054740 0.048020
v -0.546887 0.051855 0.108614
v -0.548946 0.054400 0.109008
v -0.534449 0.051420 0.167505
v -0.536465 0.053976 0.168152
v -0.517439 0.046272 0.224069
v -0.519433 0.048713 0.224989
v -0.495676 0.041500 0.278185
v -0.497620 0.043916 0.279304
v -0.469250 0.037193 0.329223
v -0.471102 0.039602 0.330511
v -0.438159 0.033360 0.376755
v -0.439894 0.035767 0.378199
v -0.402559 0.029993 0.420486
v -0.404154 0.032402 0.422079
v -0.362710 0.027080 0.460181
v -0.364143 0.029492 0.461914
v -0.318955 0.024607 0.495629
v -0.320207 0.027022 0.497490
v -0.271704 0.022557 0.526619
v -0.272757 0.024976 0.528593
v -0.221412 0.020915 0.552920
v -0.222255 0.023338 0.554989
v -0.168567 0.019667 0.574256
v -0.169194 0.022094 0.576401
v -0.113685 0.018799 0.590304
v -0.114096 0.021229 0.592504
v -0.057297 0.018303 0.600601
v -0.057497 0.020737 0.602831
v -0.000002 0.018178 0.604144
v -0.000001 0.020618 0.606382
v 0.057296 0.018301 0.600608
v 0.057497 0.020737 0.602837
v 0.113688 0.018798 0.590311
v 0.114098 0.021230 0.592509
v 0.168570 0.019667 0.574258
v 0.169196 0.022094 0.576403
v 0.221413 0.020915 0.552920
v 0.222255 0.023338 0.554989
v 0.271704 0.022557 0.526619
v 0.272757 0.024976 0.528593
v 0.318955 0.024607 0.495629
v 0.320207 0.027022 0.497490
v 0.362710 0.027080 0.460181
v 0.364143 0.029492 0.461914
v 0.402559 0.029993 0.420486
v 0.404154 0.032402 0.422079
v 0.438159 0.033360 0.376755
v 0.439894 0.035767 0.378199
v 0.469250 0.037193 0.329223
v 0.471102 0.039602 0.330511
v 0.495675 0.041500 0.278185
v 0.497620 0.043916 0.279304
v 0.517439 0.046272 0.224069
v 0.519433 0.048713 0.224989
v 0.534449 0.051420 0.167505
v 0.536465 0.053976 0.168152
v 0.546887 0.051855 0.108614
v 0.548946 0.054400 0.109008
v 0.554611 0.052205 0.047818
v 0.556706 0.054740 0.048020
v 0.557316 0.052326 -0.013838
v 0.559424 0.054857 -0.013842
v 0.554623 0.052083 -0.075516
v 0.556715 0.054622 -0.075720
v 0.546897 0.051778 -0.136336
v 0.548953 0.054326 -0.136726
v 0.534450 0.051427 -0.195232
v 0.536466 0.053985 -0.195874
v 0.517431 0.046393 -0.251799
v 0.519427 0.048834 -0.252713
v 0.495659 0.041757 -0.305914
v 0.497608 0.044172 -0.307028
v 0.469226 0.037603 -0.356951
v 0.471084 0.040009 -0.358234
v 0.438128 0.033934 -0.404478
v 0.439871 0.036338 -0.405919
v 0.402523 0.030739 -0.448204
v 0.404127 0.033143 -0.449795
v 0.362670 0.027999 -0.487892
v 0.364114 0.030405 -0.489625
v 0.318915 0.025694 -0.523333
v 0.320177 0.028103 -0.525195
v 0.271665 0.023801 -0.554316
v 0.272728 0.026214 -0.556293
v 0.221377 0.022301 -0.580609
v 0.222229 0.024717 -0.582683
v 0.168539 0.021171 -0.601939
v 0.169173 0.023591 -0.604090
v 0.113664 0.020394 -0.617982
v 0.114080 0.022817 -0.620188
v 0.057274 0.019954 -0.628269
v 0.057480 0.022381 -0.630508
v -0.242746 0.113791 -0.170599
v -0.232378 0.111104 -0.200037
v -0.219628 0.108025 -0.228135
v -0.204251 0.104800 -0.254434
v -0.186133 0.101671 -0.278434
v -0.165294 0.098860 -0.299625
v -0.141884 0.096573 -0.317496
v -0.116193 0.094970 -0.331598
v -0.088842 0.093629 -0.342453
v 0.030436 0.091106 -0.354361
v -0.060156 0.092505 -0.350065
v -0.030436 0.091618 -0.354357
v -0.000000 0.090978 -0.355286
v -0.251080 0.115853 -0.140208
v -0.257737 0.117298 -0.109130
v -0.263018 0.118200 -0.077523
v -0.266114 0.119268 -0.045257
v -0.267159 0.120277 -0.012785
v -0.265708 0.120499 0.019657
v -0.262346 0.119433 0.051807
v -0.257228 0.118178 0.083392
v -0.249465 0.117026 0.113829
v -0.240321 0.114781 0.143314
v -0.229488 0.111628 0.171741
v -0.216627 0.107813 0.198896
v -0.201455 0.103598 0.224471
v -0.183791 0.099235 0.248092
v -0.163583 0.094844 0.269358
v -0.140882 0.090718 0.287836
v -0.115863 0.087112 0.303094
v -0.088815 0.084252 0.314716
v -0.060157 0.082277 0.322435
v -0.030436 0.080828 0.326729
v -0.000000 0.079893 0.327659
v 0.030436 0.080205 0.326734
v 0.060157 0.081077 0.322444
v 0.088807 0.082579 0.314699
v 0.115841 0.085079 0.303048
v 0.140847 0.088438 0.287779
v 0.163536 0.092441 0.269295
v 0.183724 0.096869 0.248016
v 0.201346 0.101487 0.224366
v 0.216468 0.105962 0.198766
v 0.229272 0.110044 0.171595
v 0.240032 0.113547 0.143159
v 0.249094 0.116214 0.113679
v 0.256783 0.117845 0.083268
v 0.261919 0.119525 0.051741
v 0.265392 0.120722 0.019647
v 0.266846 0.120503 -0.012757
v 0.265972 0.119372 -0.045227
v 0.263014 0.118203 -0.077522
v 0.257733 0.117301 -0.109129
v 0.251110 0.115674 -0.140223
v 0.242827 0.113275 -0.170649
v 0.232484 0.110318 -0.200118
v 0.219735 0.107055 -0.228234
v 0.204341 0.103734 -0.254534
v 0.186198 0.100585 -0.278521
v 0.165333 0.097813 -0.299687
v 0.141900 0.095611 -0.317523
v 0.116198 0.094111 -0.331606
v 0.088845 0.092878 -0.342460
v 0.060158 0.091872 -0.350071
v -0.224680 0.040257 0.204301
v -0.251291 0.045020 0.147926
v -0.269498 0.047404 0.085925
v -0.278716 0.049154 0.019988
v -0.278947 0.048120 -0.047171
v -0.269886 0.046556 -0.113210
v -0.252530 0.044147 -0.175948
v -0.225888 0.040369 -0.232957
v -0.188909 0.036788 -0.280922
v -0.142708 0.033816 -0.317817
v -0.089213 0.031431 -0.342663
v -0.060374 0.030513 -0.350274
v -0.262264 0.045547 -0.145112
v -0.239121 0.042870 0.176946
v -0.030532 0.029800 -0.354563
v -0.240482 0.042328 -0.205379
v -0.261365 0.046566 0.117512
v -0.208628 0.038541 -0.258197
v -0.275172 0.048298 0.053271
v -0.166845 0.035228 -0.300823
v -0.280041 0.049003 -0.013580
v -0.116748 0.032539 -0.331809
v -0.275553 0.047285 -0.080513
v -0.207827 0.037416 0.229661
v -0.000000 0.029297 -0.355489
v 0.030533 0.029268 -0.354562
v -0.188488 0.034608 0.252643
v -0.166676 0.032061 0.272812
v -0.142680 0.029774 0.290026
v -0.116755 0.027802 0.304095
v -0.089216 0.026133 0.314948
v -0.060376 0.024755 0.322558
v -0.030532 0.023719 0.326847
v -0.000000 0.023070 0.327775
v 0.030532 0.023313 0.326847
v 0.060376 0.023977 0.322556
v 0.089215 0.025045 0.314946
v 0.116754 0.026483 0.304092
v 0.142671 0.028330 0.290009
v 0.166658 0.030590 0.272784
v 0.188436 0.033246 0.252577
v 0.207722 0.036321 0.229551
v 0.224516 0.039490 0.204160
v 0.238895 0.042416 0.176790
v 0.251004 0.044913 0.147770
v 0.261032 0.046732 0.117377
v 0.269154 0.047697 0.085830
v 0.274890 0.048568 0.053228
v 0.278529 0.049331 0.019982
v 0.279857 0.049175 -0.013564
v 0.278865 0.048197 -0.047154
v 0.275551 0.047287 -0.080512
v 0.269883 0.046558 -0.113209
v 0.262288 0.045357 -0.145120
v 0.252591 0.043604 -0.175974
v 0.240557 0.041512 -0.205416
v 0.225950 0.039385 -0.232985
v 0.208675 0.037473 -0.258213
v 0.188943 0.035700 -0.280930
v 0.166866 0.034177 -0.300822
v 0.142723 0.032832 -0.317816
v 0.116758 0.031651 -0.331807
v 0.089219 0.030654 -0.342662
v 0.060377 0.029858 -0.350272
v -0.213944 0.065753 0.234242
v -0.230690 0.069470 0.207826
v -0.244932 0.072829 0.179642
v -0.256893 0.075559 0.150027
v -0.266846 0.077404 0.119234
v -0.275052 0.078295 0.087297
v -0.280670 0.079347 0.054256
v -0.284232 0.080298 0.020666
v -0.285636 0.080107 -0.013298
v -0.284551 0.079148 -0.047274
v -0.281196 0.078199 -0.080969
v -0.275558 0.077369 -0.113955
v -0.268164 0.076076 -0.146231
v -0.258767 0.074210 -0.177691
v -0.247082 0.071749 -0.208043
v -0.232812 0.068929 -0.236881
v -0.215746 0.066027 -0.263698
v -0.195788 0.063355 -0.287949
v -0.172981 0.061293 -0.308925
v -0.147889 0.059598 -0.326699
v -0.120902 0.058137 -0.341309
v -0.092297 0.056902 -0.352623
v -0.062352 0.055880 -0.360546
v -0.031389 0.055084 -0.365005
v -0.000000 0.054518 -0.365968
v 0.031390 0.054554 -0.365007
v -0.194555 0.061928 0.258486
v -0.172513 0.058143 0.280111
v -0.147912 0.054766 0.298642
v -0.121001 0.052117 0.313565
v -0.092332 0.050056 0.324916
v -0.062357 0.048406 0.332851
v -0.031389 0.047186 0.337311
v -0.000000 0.046414 0.338275
v 0.031389 0.046690 0.337312
v 0.062358 0.047454 0.332852
v 0.092335 0.048719 0.324917
v 0.121008 0.050487 0.313563
v 0.147897 0.052990 0.298592
v 0.172469 0.056325 0.280027
v 0.194476 0.060173 0.258374
v 0.213814 0.064256 0.234098
v 0.230498 0.068282 0.207657
v 0.244674 0.071932 0.179463
v 0.256563 0.075029 0.149851
v 0.266443 0.077306 0.119079
v 0.274598 0.078580 0.087192
v 0.280282 0.079704 0.054229
v 0.283974 0.080536 0.020675
v 0.285383 0.080337 -0.013258
v 0.284439 0.079253 -0.047218
v 0.281195 0.078204 -0.080954
v 0.275555 0.077372 -0.113954
v 0.268191 0.075884 -0.146243
v 0.258841 0.073659 -0.177733
v 0.247176 0.070915 -0.208110
v 0.232901 0.067909 -0.236957
v 0.215814 0.064918 -0.263767
v 0.195825 0.062243 -0.287991
v 0.172993 0.060240 -0.308932
v 0.147899 0.058616 -0.326703
v 0.120909 0.057252 -0.341312
v 0.092301 0.056128 -0.352625
v 0.062355 0.055227 -0.360548
v -0.207348 0.104608 0.228655
v -0.210234 0.101879 0.230777
v -0.230885 0.041133 0.208032
v -0.233260 0.044668 0.209450
v -0.236030 0.112869 0.174735
v -0.239338 0.110267 0.176313
v -0.258032 0.046097 0.150497
v -0.260524 0.049702 0.151444
v -0.256347 0.118381 0.115857
v -0.259896 0.115849 0.116924
v -0.276536 0.048547 0.087469
v -0.279111 0.052175 0.088050
v -0.269443 0.120824 0.052810
v -0.273124 0.118315 0.053320
v -0.285898 0.050319 0.020527
v -0.288513 0.053953 0.020752
v -0.274324 0.121675 -0.012765
v -0.278039 0.119171 -0.012797
v -0.286131 0.049279 -0.047685
v -0.288755 0.052912 -0.047841
v -0.270118 0.119599 -0.078501
v -0.273790 0.117092 -0.079077
v -0.276941 0.047687 -0.114681
v -0.279532 0.051312 -0.115174
v -0.258027 0.117182 -0.142028
v -0.261572 0.114633 -0.143073
v -0.259326 0.045122 -0.178409
v -0.261898 0.048691 -0.179284
v -0.239002 0.112220 -0.202897
v -0.242276 0.109554 -0.204439
v -0.232131 0.041002 -0.236674
v -0.234616 0.044441 -0.238130
v -0.210182 0.105590 -0.258610
v -0.212997 0.102761 -0.260686
v -0.194143 0.036995 -0.286003
v -0.196341 0.040257 -0.288179
v -0.169991 0.099194 -0.305186
v -0.172120 0.096157 -0.307724
v -0.146542 0.033870 -0.324026
v -0.148169 0.037066 -0.326720
v -0.120668 0.091893 -0.341092
v -0.119292 0.095041 -0.338192
v -0.091481 0.031444 -0.349598
v -0.092446 0.034622 -0.352614
v -0.061822 0.030516 -0.357424
v -0.062439 0.033689 -0.360536
v -0.031354 0.088506 -0.364804
v -0.031073 0.091663 -0.361619
v -0.000001 0.091021 -0.362580
v -0.000002 0.087864 -0.365773
v -0.061619 0.092554 -0.357206
v -0.062266 0.089398 -0.360340
v -0.269215 0.046622 -0.147046
v -0.271798 0.050227 -0.147709
v -0.245635 0.043864 0.180074
v -0.248080 0.047441 0.181238
v -0.249565 0.115029 -0.172899
v -0.252995 0.112428 -0.174185
v -0.247062 0.116097 0.145794
v -0.250511 0.113540 0.147110
v -0.031425 0.032969 -0.364994
v -0.031158 0.029798 -0.361832
v -0.247051 0.043158 -0.208438
v -0.249594 0.046673 -0.209577
v -0.268270 0.047688 0.119579
v -0.270799 0.051308 0.120345
v -0.225964 0.108992 -0.231627
v -0.229036 0.106249 -0.233436
v -0.264236 0.119552 0.084907
v -0.267857 0.117031 0.085694
v -0.214434 0.038944 -0.262597
v -0.216816 0.042289 -0.264414
v -0.282302 0.049456 0.054297
v -0.284899 0.053088 0.054691
v -0.191514 0.102246 -0.283322
v -0.194015 0.099318 -0.285654
v -0.272853 0.121898 0.020203
v -0.276563 0.119396 0.020456
v -0.171402 0.035327 -0.306523
v -0.173333 0.038543 -0.308990
v -0.287243 0.050165 -0.013574
v -0.289872 0.053798 -0.013543
v -0.145800 0.096721 -0.323634
v -0.147545 0.093604 -0.326352
v -0.273263 0.120668 -0.045755
v -0.276969 0.118164 -0.046068
v -0.121122 0.035755 -0.341306
v -0.119819 0.032569 -0.338428
v -0.282686 0.048438 -0.081520
v -0.285297 0.052070 -0.081852
v -0.091130 0.093684 -0.349373
v -0.092143 0.090530 -0.352412
v 0.031071 0.091150 -0.361624
v 0.031351 0.087993 -0.364809
v -0.264768 0.118679 -0.110543
v -0.268391 0.116160 -0.111364
v -0.213624 0.038142 0.234026
v -0.215893 0.041621 0.235731
v -0.222893 0.108951 0.202463
v -0.226014 0.106289 0.204313
v -0.193762 0.035144 0.257651
v -0.195879 0.038549 0.259671
v -0.189200 0.100098 0.252913
v -0.191799 0.097293 0.255295
v -0.171316 0.032383 0.278432
v -0.173232 0.035700 0.280782
v -0.168385 0.095534 0.274805
v -0.170647 0.092646 0.277424
v -0.146577 0.029914 0.296194
v -0.148225 0.033153 0.298845
v -0.144950 0.091206 0.293867
v -0.146827 0.088226 0.296682
v -0.119839 0.027844 0.310709
v -0.121156 0.031040 0.313580
v -0.119095 0.087383 0.309619
v -0.120551 0.084308 0.312567
v -0.091480 0.026142 0.321885
v -0.092447 0.029322 0.324902
v -0.091162 0.084361 0.321611
v -0.092201 0.081216 0.324651
v -0.061821 0.024752 0.329710
v -0.062436 0.027926 0.332824
v -0.061631 0.082322 0.329571
v -0.062283 0.079152 0.332702
v -0.031423 0.026881 0.337282
v -0.031157 0.023710 0.334117
v -0.031359 0.077691 0.337171
v -0.031077 0.080863 0.333989
v 0.000001 0.023059 0.335075
v 0.000001 0.026229 0.338248
v -0.000001 0.079926 0.334951
v -0.000002 0.076754 0.338141
v 0.031160 0.023304 0.334116
v 0.031427 0.026475 0.337281
v 0.031072 0.080238 0.333995
v 0.031353 0.077066 0.337176
v 0.061823 0.023973 0.329708
v 0.062440 0.027147 0.332821
v 0.061629 0.081122 0.329580
v 0.062280 0.077953 0.332711
v 0.091482 0.025053 0.321882
v 0.092449 0.028232 0.324899
v 0.091155 0.082693 0.321594
v 0.092195 0.079551 0.324636
v 0.119844 0.026527 0.310703
v 0.121162 0.029724 0.313574
v 0.119077 0.085361 0.309571
v 0.120537 0.082290 0.312523
v 0.146574 0.028481 0.296172
v 0.148223 0.031725 0.298817
v 0.144920 0.088936 0.293806
v 0.146801 0.085960 0.296623
v 0.171302 0.030931 0.278400
v 0.173215 0.034256 0.280740
v 0.168341 0.093139 0.274738
v 0.170607 0.090254 0.277358
v 0.193713 0.033804 0.257580
v 0.195824 0.037219 0.259590
v 0.189136 0.097739 0.252832
v 0.191739 0.094936 0.255215
v 0.213520 0.037068 0.233912
v 0.215782 0.040557 0.235609
v 0.207242 0.102506 0.228545
v 0.210132 0.099779 0.230666
v 0.230719 0.040389 0.207888
v 0.233085 0.043935 0.209299
v 0.222735 0.107110 0.202328
v 0.225861 0.104451 0.204178
v 0.245405 0.043434 0.179917
v 0.247839 0.047022 0.181075
v 0.235813 0.111298 0.174586
v 0.239125 0.108699 0.176165
v 0.257739 0.046017 0.150343
v 0.260219 0.049633 0.151286
v 0.246770 0.114877 0.145638
v 0.250224 0.112325 0.146956
v 0.267932 0.047882 0.119448
v 0.270448 0.051512 0.120212
v 0.255972 0.117586 0.115710
v 0.259527 0.115061 0.116781
v 0.276185 0.048866 0.087384
v 0.278746 0.052503 0.087968
v 0.263784 0.119237 0.084796
v 0.267411 0.116724 0.085589
v 0.282013 0.049747 0.054273
v 0.284598 0.053386 0.054674
v 0.269009 0.120931 0.052768
v 0.272695 0.118431 0.053289
v 0.285707 0.050512 0.020532
v 0.288315 0.054151 0.020761
v 0.272533 0.122133 0.020206
v 0.276246 0.119637 0.020466
v 0.287057 0.050349 -0.013547
v 0.289679 0.053987 -0.013510
v 0.274009 0.121911 -0.012723
v 0.277727 0.119411 -0.012748
v 0.286050 0.049363 -0.047649
v 0.288670 0.052999 -0.047795
v 0.273121 0.120777 -0.045699
v 0.276830 0.118274 -0.046001
v 0.282684 0.048442 -0.081510
v 0.285296 0.052075 -0.081839
v 0.270115 0.119604 -0.078487
v 0.273788 0.117096 -0.079058
v 0.276938 0.047690 -0.114680
v 0.279530 0.051314 -0.115173
v 0.264764 0.118682 -0.110541
v 0.268387 0.116162 -0.111362
v 0.269238 0.046430 -0.147056
v 0.271822 0.050035 -0.147719
v 0.258057 0.117002 -0.142042
v 0.261602 0.114451 -0.143087
v 0.259387 0.044574 -0.178439
v 0.261960 0.048143 -0.179317
v 0.249646 0.114511 -0.172950
v 0.253076 0.111907 -0.174235
v 0.247124 0.042333 -0.208480
v 0.249670 0.045847 -0.209624
v 0.239108 0.111430 -0.202981
v 0.242381 0.108761 -0.204522
v 0.232191 0.040007 -0.236708
v 0.234678 0.043442 -0.238171
v 0.226069 0.108017 -0.231730
v 0.229139 0.105270 -0.233538
v 0.214478 0.037864 -0.262619
v 0.216861 0.041205 -0.264444
v 0.210269 0.104517 -0.258716
v 0.213082 0.101684 -0.260791
v 0.196370 0.039160 -0.288197
v 0.194172 0.035900 -0.286016
v 0.194071 0.098217 -0.285745
v 0.191574 0.101151 -0.283415
v 0.171421 0.034274 -0.306523
v 0.173350 0.037489 -0.308992
v 0.170025 0.098138 -0.305252
v 0.172151 0.095096 -0.307787
v 0.146558 0.032886 -0.324024
v 0.148184 0.036082 -0.326719
v 0.145812 0.095753 -0.323664
v 0.147555 0.092634 -0.326380
v 0.119829 0.031680 -0.338426
v 0.121132 0.034865 -0.341304
v 0.119295 0.094180 -0.338201
v 0.120671 0.091031 -0.341101
v 0.091487 0.030667 -0.349596
v 0.092453 0.033844 -0.352613
v 0.091132 0.092932 -0.349380
v 0.092144 0.089777 -0.352420
v 0.061826 0.029860 -0.357423
v 0.062443 0.033032 -0.360534
v 0.061620 0.091919 -0.357212
v 0.062266 0.088763 -0.360346
v 0.000001 0.029294 -0.362788
v 0.000001 0.032464 -0.365959
v 0.031162 0.029265 -0.361830
v 0.031429 0.032436 -0.364993
v -0.031132 0.018749 -0.360701
v -0.030641 0.023533 -0.355649
v -0.030789 0.020065 -0.357127
v -0.000000 0.023055 -0.356579
v -0.000000 0.018266 -0.361643
v -0.000000 0.019586 -0.358061
v -0.061572 0.019440 -0.356340
v -0.060594 0.024214 -0.351346
v -0.060890 0.020749 -0.352807
v -0.090999 0.020334 -0.348602
v -0.089543 0.025094 -0.343711
v -0.089985 0.021633 -0.345142
v -0.119109 0.021418 -0.337565
v -0.117189 0.026159 -0.332822
v -0.117774 0.022704 -0.334210
v -0.145624 0.022672 -0.323339
v -0.143258 0.027389 -0.318786
v -0.143981 0.023941 -0.320119
v -0.170295 0.024066 -0.306061
v -0.167503 0.028752 -0.301739
v -0.168361 0.025312 -0.303004
v -0.192906 0.025555 -0.285894
v -0.189697 0.030203 -0.281812
v -0.190695 0.026775 -0.283019
v -0.213285 0.027079 -0.263023
v -0.209629 0.031682 -0.259151
v -0.210800 0.028269 -0.260337
v -0.231268 0.028605 -0.237621
v -0.227163 0.033157 -0.233990
v -0.228523 0.029763 -0.235149
v -0.246524 0.030297 -0.209723
v -0.242018 0.034837 -0.206419
v -0.243547 0.031453 -0.207503
v -0.259145 0.031933 -0.179813
v -0.254295 0.036447 -0.176922
v -0.255969 0.033076 -0.177890
v -0.269351 0.033209 -0.148371
v -0.264217 0.037694 -0.145964
v -0.266010 0.034336 -0.146781
v -0.277319 0.034144 -0.115756
v -0.271968 0.038607 -0.113892
v -0.273847 0.035259 -0.114531
v -0.283186 0.034854 -0.082270
v -0.277693 0.039303 -0.080994
v -0.279622 0.035960 -0.081436
v -0.286717 0.035644 -0.048119
v -0.281132 0.040091 -0.047451
v -0.283094 0.036749 -0.047690
v -0.287856 0.036495 -0.013702
v -0.282241 0.040942 -0.013653
v -0.284214 0.037601 -0.013686
v -0.286524 0.036616 0.020696
v -0.280927 0.041076 0.020124
v -0.282898 0.037732 0.020299
v -0.282869 0.035790 0.054799
v -0.277355 0.040255 0.053616
v -0.279298 0.036909 0.053995
v -0.276974 0.034948 0.088242
v -0.271607 0.039421 0.086472
v -0.273496 0.036071 0.087048
v -0.268599 0.034094 0.120599
v -0.263415 0.038594 0.118267
v -0.265243 0.035235 0.119035
v -0.258142 0.032603 0.151709
v -0.253209 0.037156 0.148861
v -0.254942 0.033779 0.149804
v -0.245468 0.030601 0.181326
v -0.240847 0.035219 0.178018
v -0.242457 0.031818 0.179110
v -0.230432 0.028207 0.209164
v -0.226180 0.032871 0.205458
v -0.227643 0.029451 0.206671
v -0.212918 0.025657 0.234886
v -0.209084 0.030336 0.230849
v -0.210379 0.026907 0.232150
v -0.192871 0.023206 0.258099
v -0.189497 0.027875 0.253808
v -0.190610 0.024443 0.255161
v -0.170318 0.021070 0.278349
v -0.167438 0.025756 0.273892
v -0.168357 0.022316 0.275251
v -0.145640 0.019117 0.295622
v -0.143250 0.023825 0.291034
v -0.143989 0.020377 0.292391
v -0.119118 0.017323 0.309844
v -0.117194 0.022047 0.305104
v -0.117781 0.018594 0.306490
v -0.091003 0.015749 0.320878
v -0.089545 0.020487 0.315991
v -0.089988 0.017031 0.317420
v -0.061574 0.014452 0.328614
v -0.060595 0.019201 0.323625
v -0.060891 0.015742 0.325083
v -0.031133 0.013482 0.332975
v -0.030641 0.018239 0.327928
v -0.030789 0.014777 0.329404
v -0.000000 0.012880 0.333918
v -0.000000 0.017641 0.328860
v -0.000000 0.014178 0.330338
v 0.031133 0.013114 0.332974
v 0.030641 0.017872 0.327927
v 0.030789 0.014410 0.329402
v 0.061574 0.013748 0.328611
v 0.060594 0.018499 0.323623
v 0.060891 0.015039 0.325080
v 0.091002 0.014767 0.320873
v 0.089544 0.019508 0.315988
v 0.089987 0.016051 0.317415
v 0.119117 0.016142 0.309839
v 0.117192 0.020867 0.305100
v 0.117779 0.017414 0.306485
v 0.145637 0.017826 0.295616
v 0.143243 0.022532 0.291023
v 0.143986 0.019084 0.292383
v 0.170315 0.019765 0.278343
v 0.167426 0.024444 0.273874
v 0.168351 0.021006 0.275242
v 0.192833 0.022034 0.258049
v 0.189448 0.026694 0.253748
v 0.190569 0.023265 0.255108
v 0.212825 0.024758 0.234787
v 0.208980 0.029427 0.230742
v 0.210283 0.025999 0.232050
v 0.230278 0.027658 0.209031
v 0.226014 0.032300 0.205317
v 0.227486 0.028886 0.206536
v 0.245251 0.030385 0.181176
v 0.240618 0.034970 0.177861
v 0.242238 0.031579 0.178959
v 0.257868 0.032715 0.151560
v 0.252920 0.037249 0.148707
v 0.254665 0.033878 0.149654
v 0.268293 0.034392 0.120475
v 0.263092 0.038890 0.118137
v 0.264932 0.035533 0.118910
v 0.276672 0.035257 0.088159
v 0.271288 0.039731 0.086384
v 0.273189 0.036382 0.086964
v 0.282628 0.036031 0.054763
v 0.277099 0.040497 0.053577
v 0.279053 0.037151 0.053958
v 0.286366 0.036772 0.020691
v 0.280759 0.041233 0.020119
v 0.282736 0.037889 0.020294
v 0.287701 0.036647 -0.013688
v 0.282076 0.041094 -0.013638
v 0.284056 0.037753 -0.013672
v 0.286649 0.035711 -0.048105
v 0.281059 0.040159 -0.047435
v 0.283025 0.036817 -0.047676
v 0.283185 0.034856 -0.082270
v 0.277691 0.039306 -0.080993
v 0.279620 0.035962 -0.081435
v 0.277318 0.034146 -0.115755
v 0.271966 0.038610 -0.113891
v 0.273845 0.035261 -0.114531
v 0.269375 0.033007 -0.148378
v 0.264239 0.037504 -0.145971
v 0.266032 0.034142 -0.146788
v 0.259204 0.031360 -0.179835
v 0.254353 0.035905 -0.176945
v 0.256027 0.032524 -0.177911
v 0.246595 0.029446 -0.209750
v 0.242088 0.034023 -0.206450
v 0.243616 0.030627 -0.207531
v 0.231320 0.027589 -0.237632
v 0.227217 0.032183 -0.234007
v 0.228574 0.028776 -0.235161
v 0.213322 0.025981 -0.263021
v 0.209669 0.030623 -0.259156
v 0.210837 0.027198 -0.260337
v 0.192937 0.024434 -0.285891
v 0.189728 0.029117 -0.281814
v 0.190725 0.025679 -0.283017
v 0.170318 0.022980 -0.306058
v 0.167525 0.027694 -0.301736
v 0.168384 0.024247 -0.303001
v 0.145641 0.021661 -0.323336
v 0.143274 0.026400 -0.318784
v 0.143998 0.022945 -0.320116
v 0.119120 0.020508 -0.337562
v 0.117200 0.025266 -0.332819
v 0.117784 0.021806 -0.334207
v 0.091005 0.019541 -0.348599
v 0.089550 0.024313 -0.343709
v 0.089991 0.020849 -0.345139
v 0.061575 0.018773 -0.356337
v 0.060598 0.023555 -0.351343
v 0.060893 0.020087 -0.352805
v 0.031133 0.018210 -0.360699
v 0.030642 0.022997 -0.355647
v 0.030790 0.019528 -0.357125
v -0.030129 0.014457 -0.348319
v -0.030524 0.011146 -0.352226
v -0.030277 0.012136 -0.349695
v -0.000064 0.010718 -0.353089
v -0.000052 0.014037 -0.349179
v -0.000060 0.011713 -0.350554
v -0.059307 0.015125 -0.344126
v -0.060103 0.011821 -0.347979
v -0.059604 0.012806 -0.345481
v -0.087483 0.015985 -0.336696
v -0.088675 0.012691 -0.340454
v -0.087929 0.013670 -0.338014
v -0.114376 0.017024 -0.326107
v -0.115952 0.013744 -0.329730
v -0.114966 0.014714 -0.327373
v -0.139728 0.018220 -0.312464
v -0.141671 0.014959 -0.315915
v -0.140456 0.015917 -0.313664
v -0.163310 0.019537 -0.295904
v -0.165599 0.016299 -0.299146
v -0.164168 0.017242 -0.297025
v -0.184928 0.020908 -0.276583
v -0.187550 0.017703 -0.279595
v -0.185916 0.018626 -0.277621
v -0.204442 0.022260 -0.254651
v -0.207393 0.019101 -0.257435
v -0.205566 0.019997 -0.255616
v -0.221704 0.023592 -0.230255
v -0.224965 0.020483 -0.232794
v -0.222961 0.021352 -0.231145
v -0.236329 0.025197 -0.203373
v -0.239850 0.022109 -0.205622
v -0.237695 0.022970 -0.204166
v -0.248431 0.026764 -0.174499
v -0.252164 0.023698 -0.176429
v -0.249884 0.024549 -0.175183
v -0.258238 0.027975 -0.144101
v -0.262141 0.024930 -0.145691
v -0.259760 0.025771 -0.144668
v -0.265910 0.028868 -0.112505
v -0.269943 0.025836 -0.113731
v -0.267483 0.026670 -0.112945
v -0.271584 0.029541 -0.080030
v -0.275709 0.026519 -0.080861
v -0.273190 0.027347 -0.080329
v -0.274977 0.030329 -0.046902
v -0.279156 0.027308 -0.047317
v -0.276603 0.028136 -0.047049
v -0.276041 0.031199 -0.013607
v -0.280233 0.028175 -0.013611
v -0.277669 0.029005 -0.013609
v -0.274739 0.031347 0.019579
v -0.278915 0.028314 0.019970
v -0.276363 0.029150 0.019711
v -0.271248 0.030508 0.052572
v -0.275377 0.027476 0.053362
v -0.272858 0.028312 0.052844
v -0.265586 0.029670 0.084977
v -0.269625 0.026634 0.086171
v -0.267163 0.027472 0.085395
v -0.257495 0.028886 0.116252
v -0.261411 0.025832 0.117820
v -0.259027 0.026681 0.116805
v -0.247455 0.027474 0.146285
v -0.251220 0.024389 0.148193
v -0.248932 0.025258 0.146956
v -0.235295 0.025582 0.174847
v -0.238866 0.022458 0.177081
v -0.236698 0.023352 0.175633
v -0.220892 0.023286 0.201672
v -0.224228 0.020130 0.204218
v -0.222202 0.021042 0.202570
v -0.204134 0.020806 0.226443
v -0.207191 0.017631 0.229278
v -0.205332 0.018550 0.227445
v -0.184978 0.018411 0.248762
v -0.187714 0.015228 0.251855
v -0.186044 0.016146 0.249856
v -0.163407 0.016416 0.268173
v -0.165780 0.013203 0.271470
v -0.164323 0.014135 0.269331
v -0.139816 0.014598 0.284719
v -0.141810 0.011355 0.288189
v -0.140579 0.012303 0.285933
v -0.114466 0.012886 0.298351
v -0.116078 0.009623 0.301985
v -0.115081 0.010582 0.299625
v -0.087566 0.011356 0.308945
v -0.088787 0.008081 0.312720
v -0.088032 0.009048 0.310274
v -0.059370 0.010087 0.316387
v -0.060189 0.006803 0.320263
v -0.059683 0.007775 0.317758
v -0.030165 0.009135 0.320589
v -0.030572 0.005845 0.324523
v -0.030321 0.006821 0.321984
v -0.000035 0.008584 0.321461
v -0.000043 0.005288 0.325401
v -0.000041 0.006268 0.322857
v 0.030096 0.008767 0.320592
v 0.030488 0.005476 0.324529
v 0.030242 0.006452 0.321989
v 0.059310 0.009384 0.316393
v 0.060116 0.006098 0.320273
v 0.059614 0.007071 0.317767
v 0.087520 0.010375 0.308951
v 0.088733 0.007098 0.312733
v 0.087980 0.008066 0.310285
v 0.114436 0.011701 0.298356
v 0.116046 0.008438 0.301998
v 0.115049 0.009397 0.299635
v 0.139804 0.013293 0.284721
v 0.141805 0.010053 0.288199
v 0.140572 0.010999 0.285940
v 0.163417 0.015081 0.268169
v 0.165804 0.011877 0.271475
v 0.164343 0.012804 0.269334
v 0.184971 0.017206 0.248698
v 0.187727 0.014034 0.251794
v 0.186051 0.014946 0.249794
v 0.204089 0.019872 0.226309
v 0.207169 0.016710 0.229142
v 0.205303 0.017621 0.227310
v 0.220791 0.022686 0.201496
v 0.224150 0.019550 0.204036
v 0.222118 0.020450 0.202390
v 0.235128 0.025301 0.174659
v 0.238720 0.022203 0.176889
v 0.236546 0.023081 0.175442
v 0.247206 0.027546 0.146109
v 0.250987 0.024478 0.148015
v 0.248695 0.025337 0.146779
v 0.257192 0.029173 0.116116
v 0.261120 0.026123 0.117686
v 0.258733 0.026971 0.116670
v 0.265283 0.029975 0.084891
v 0.269329 0.026940 0.086089
v 0.266865 0.027778 0.085312
v 0.271008 0.030745 0.052534
v 0.275142 0.027713 0.053330
v 0.272621 0.028549 0.052809
v 0.274588 0.031494 0.019573
v 0.278768 0.028462 0.019968
v 0.276215 0.029299 0.019707
v 0.275881 0.031352 -0.013594
v 0.280077 0.028328 -0.013596
v 0.277512 0.029158 -0.013595
v 0.274911 0.030394 -0.046890
v 0.279093 0.027373 -0.047300
v 0.276538 0.028201 -0.047035
v 0.271587 0.029539 -0.080031
v 0.275713 0.026517 -0.080860
v 0.273194 0.027345 -0.080328
v 0.265906 0.028876 -0.112485
v 0.269940 0.025844 -0.113705
v 0.267479 0.026678 -0.112922
v 0.258267 0.027794 -0.144051
v 0.262173 0.024742 -0.145627
v 0.259791 0.025588 -0.144610
v 0.248501 0.026233 -0.174453
v 0.252238 0.023150 -0.176368
v 0.249957 0.024013 -0.175127
v 0.236401 0.024403 -0.203348
v 0.239923 0.021292 -0.205585
v 0.237768 0.022169 -0.204133
v 0.221747 0.022645 -0.230227
v 0.225006 0.019509 -0.232757
v 0.223002 0.020397 -0.231111
v 0.204464 0.021232 -0.254623
v 0.207410 0.018045 -0.257402
v 0.205584 0.018960 -0.255584
v 0.184938 0.019848 -0.276566
v 0.187556 0.016619 -0.279575
v 0.185923 0.017558 -0.277602
v 0.163309 0.018500 -0.295894
v 0.165593 0.015243 -0.299136
v 0.164164 0.016198 -0.297014
v 0.139718 0.017247 -0.312460
v 0.141655 0.013971 -0.315910
v 0.140442 0.014939 -0.313660
v 0.114359 0.016143 -0.326104
v 0.115928 0.012852 -0.329728
v 0.114944 0.013829 -0.327370
v 0.087461 0.015213 -0.336693
v 0.088646 0.011911 -0.340452
v 0.087902 0.012895 -0.338012
v 0.059282 0.014471 -0.344124
v 0.060072 0.011161 -0.347977
v 0.059575 0.012151 -0.345479
v 0.030064 0.013910 -0.348333
v 0.030444 0.010597 -0.352242
v 0.030202 0.011588 -0.349711
vn -0.5035 0.0744 -0.8608
vn -0.6219 0.0886 -0.7781
vn -0.6216 0.1864 -0.7608
vn -0.5069 0.1788 -0.8433
vn -0.0000 0.0403 -0.9992
vn 0.1203 0.0406 -0.9919
vn -0.3265 0.0377 -0.9444
vn -0.2294 0.0386 -0.9726
vn -0.3266 0.0377 -0.9444
vn -0.4177 0.0367 -0.9078
vn -0.4178 0.0367 -0.9078
vn -0.5046 0.0357 -0.8626
vn -0.5047 0.0357 -0.8625
vn -0.5877 0.0348 -0.8083
vn -0.5878 0.0348 -0.8083
vn -0.6664 0.0346 -0.7448
vn -0.6665 0.0346 -0.7447
vn -0.7395 0.0355 -0.6723
vn -0.7395 0.0355 -0.6722
vn -0.8049 0.0387 -0.5921
vn -0.8050 0.0387 -0.5920
vn -0.8605 0.0479 -0.5073
vn -0.8604 0.0479 -0.5073
vn -0.9046 0.0674 -0.4209
vn -0.9044 0.0672 -0.4214
vn -0.9388 0.0889 -0.3327
vn -0.9387 0.0889 -0.3331
vn -0.9641 0.0987 -0.2465
vn -0.9641 0.0987 -0.2464
vn -0.9813 0.0975 -0.1658
vn -0.9813 0.0975 -0.1657
vn -0.9919 0.0941 -0.0853
vn -0.9919 0.0941 -0.0852
vn -0.9957 0.0923 -0.0001
vn -0.9957 0.0923 -0.0000
vn -0.9920 0.0931 0.0853
vn -0.9920 0.0931 0.0852
vn -0.9816 0.0938 0.1664
vn -0.9816 0.0938 0.1663
vn -0.9648 0.0849 0.2489
vn -0.9647 0.0848 0.2493
vn -0.9404 0.0646 0.3338
vn -0.9403 0.0645 0.3343
vn -0.9066 0.0463 0.4194
vn -0.8614 0.0379 0.5065
vn -0.8614 0.0379 0.5064
vn -0.8051 0.0353 0.5921
vn -0.8052 0.0353 0.5919
vn -0.7395 0.0348 0.6723
vn -0.7396 0.0348 0.6722
vn -0.6663 0.0355 0.7448
vn -0.6665 0.0355 0.7447
vn -0.5876 0.0370 0.8083
vn -0.5877 0.0370 0.8082
vn -0.5046 0.0388 0.8625
vn -0.5047 0.0388 0.8624
vn -0.4177 0.0405 0.9077
vn -0.4178 0.0405 0.9076
vn -0.3266 0.0421 0.9442
vn -0.2295 0.0435 0.9723
vn -0.1203 0.0448 0.9917
vn -0.1204 0.0448 0.9917
vn -0.0000 0.0457 0.9990
vn 0.1203 0.0454 0.9917
vn 0.2295 0.0441 0.9723
vn 0.3266 0.0425 0.9442
vn 0.3267 0.0425 0.9442
vn 0.4177 0.0407 0.9077
vn 0.4178 0.0407 0.9076
vn 0.5046 0.0388 0.8625
vn 0.5047 0.0388 0.8624
vn 0.5876 0.0370 0.8083
vn 0.5877 0.0370 0.8082
vn 0.6663 0.0355 0.7448
vn 0.6665 0.0355 0.7447
vn 0.7395 0.0348 0.6723
vn 0.7396 0.0348 0.6722
vn 0.8051 0.0353 0.5921
vn 0.8052 0.0353 0.5919
vn 0.8614 0.0379 0.5065
vn 0.8614 0.0379 0.5064
vn 0.9066 0.0463 0.4194
vn 0.9404 0.0646 0.3338
vn 0.9403 0.0645 0.3343
vn 0.9648 0.0849 0.2489
vn 0.9647 0.0848 0.2493
vn 0.9816 0.0938 0.1664
vn 0.9816 0.0938 0.1663
vn 0.9920 0.0931 0.0853
vn 0.9920 0.0931 0.0852
vn 0.9957 0.0923 -0.0001
vn 0.9957 0.0923 -0.0000
vn 0.9919 0.0941 -0.0853
vn 0.9919 0.0941 -0.0852
vn 0.9815 0.0949 -0.1663
vn 0.9815 0.0949 -0.1662
vn 0.9648 0.0855 -0.2488
vn 0.9647 0.0854 -0.2493
vn 0.9405 0.0645 -0.3337
vn 0.9403 0.0643 -0.3342
vn 0.9067 0.0455 -0.4193
vn 0.8615 0.0366 -0.5064
vn 0.8616 0.0366 -0.5064
vn 0.8053 0.0335 -0.5920
vn 0.8053 0.0335 -0.5919
vn 0.7396 0.0326 -0.6722
vn 0.7397 0.0326 -0.6721
vn 0.6665 0.0329 -0.7448
vn 0.6666 0.0329 -0.7447
vn 0.5878 0.0341 -0.8083
vn 0.5879 0.0341 -0.8082
vn 0.5048 0.0357 -0.8625
vn 0.5049 0.0357 -0.8624
vn 0.4179 0.0374 -0.9077
vn 0.4180 0.0374 -0.9077
vn 0.3267 0.0389 -0.9443
vn 0.3268 0.0389 -0.9443
vn 0.2295 0.0401 -0.9725
vn 0.2296 0.0401 -0.9725
vn -0.0165 -0.9991 -0.0396
vn -0.0153 -0.9992 -0.0381
vn -0.0033 -0.9992 -0.0407
vn -0.0039 -0.9991 -0.0420
vn -0.1202 0.0395 -0.9920
vn -0.1203 0.0395 -0.9920
vn -0.1982 0.0004 -0.9802
vn -0.3104 0.0018 -0.9506
vn -0.3116 0.0019 -0.9502
vn -0.1991 0.0004 -0.9800
vn 0.0080 0.9991 0.0414
vn -0.0116 0.9991 0.0405
vn -0.0117 0.9990 0.0434
vn 0.0072 0.9990 0.0441
vn -0.0115 0.9989 0.0444
vn 0.0062 0.9990 0.0450
vn -0.0110 0.9990 0.0438
vn 0.0051 0.9990 0.0442
vn -0.0101 0.9991 0.0416
vn 0.0039 0.9991 0.0420
vn -0.0289 0.9989 0.0378
vn -0.0281 0.9988 0.0404
vn -0.0267 0.9988 0.0414
vn -0.0246 0.9989 0.0406
vn -0.0220 0.9990 0.0382
vn 0.1983 0.0003 -0.9801
vn 0.0862 -0.0003 -0.9963
vn 0.0865 -0.0003 -0.9963
vn 0.1991 0.0003 -0.9800
vn -0.0404 0.9986 0.0342
vn -0.0397 0.9986 0.0362
vn -0.0379 0.9986 0.0367
vn -0.0352 0.9987 0.0355
vn -0.0316 0.9990 0.0328
vn 0.3105 0.0017 -0.9506
vn 0.3116 0.0017 -0.9502
vn -0.0518 0.9982 0.0295
vn -0.0511 0.9982 0.0308
vn -0.0488 0.9983 0.0305
vn -0.0453 0.9986 0.0289
vn -0.0406 0.9988 0.0257
vn 0.4201 0.0041 -0.9075
vn 0.4214 0.0041 -0.9069
vn -0.0629 0.9977 0.0240
vn -0.0621 0.9978 0.0243
vn -0.0593 0.9980 0.0231
vn -0.0548 0.9983 0.0207
vn -0.0487 0.9987 0.0170
vn 0.5245 0.0074 -0.8514
vn 0.5260 0.0075 -0.8505
vn -0.0736 0.9971 0.0179
vn -0.0726 0.9972 0.0170
vn -0.0692 0.9975 0.0148
vn -0.0635 0.9979 0.0114
vn -0.0559 0.9984 0.0070
vn 0.6216 0.0133 -0.7832
vn 0.6238 0.0134 -0.7815
vn -0.0836 0.9964 0.0117
vn -0.0826 0.9965 0.0095
vn -0.0785 0.9969 0.0059
vn -0.0715 0.9974 0.0013
vn -0.0620 0.9981 -0.0040
vn 0.7098 0.0274 -0.7038
vn 0.7142 0.0276 -0.6994
vn -0.0930 0.9957 0.0058
vn -0.0920 0.9958 0.0023
vn -0.0872 0.9962 -0.0028
vn -0.0788 0.9969 -0.0089
vn -0.0671 0.9976 -0.0154
vn 0.7851 0.0537 -0.6170
vn 0.7912 0.0541 -0.6092
vn -0.1011 0.9949 -0.0006
vn -0.1006 0.9949 -0.0037
vn -0.0956 0.9954 -0.0104
vn -0.0858 0.9961 -0.0184
vn -0.0715 0.9971 -0.0267
vn 0.8467 0.0855 -0.5251
vn 0.8523 0.0860 -0.5160
vn -0.1067 0.9943 -0.0089
vn -0.1078 0.9941 -0.0085
vn -0.1037 0.9945 -0.0152
vn -0.0931 0.9953 -0.0257
vn -0.0759 0.9964 -0.0367
vn 0.8946 0.1129 -0.4325
vn 0.8984 0.1133 -0.4243
vn -0.1077 0.9941 -0.0153
vn -0.1112 0.9937 -0.0118
vn -0.1105 0.9938 -0.0155
vn -0.1015 0.9945 -0.0275
vn -0.0820 0.9957 -0.0429
vn 0.9281 0.1332 -0.3476
vn 0.9305 0.1335 -0.3410
vn -0.1042 0.9945 -0.0132
vn -0.1081 0.9941 -0.0092
vn -0.1124 0.9936 -0.0079
vn -0.1079 0.9940 -0.0166
vn -0.0929 0.9950 -0.0361
vn 0.9510 0.1473 -0.2720
vn 0.9522 0.1474 -0.2674
vn -0.0998 0.9950 -0.0062
vn -0.1019 0.9948 -0.0030
vn -0.1091 0.9940 0.0018
vn -0.1089 0.9941 0.0014
vn -0.1011 0.9948 -0.0077
vn 0.9664 0.1551 -0.2047
vn 0.9669 0.1552 -0.2024
vn -0.0979 0.9952 -0.0072
vn -0.0979 0.9952 -0.0040
vn -0.1055 0.9944 0.0012
vn -0.1069 0.9943 0.0052
vn -0.1007 0.9949 0.0080
vn 0.9777 0.1583 -0.1381
vn 0.9779 0.1583 -0.1367
vn -0.0963 0.9952 -0.0159
vn -0.0950 0.9954 -0.0117
vn -0.1024 0.9947 -0.0068
vn -0.1041 0.9946 -0.0027
vn -0.0975 0.9952 0.0004
vn 0.9847 0.1598 -0.0690
vn 0.9848 0.1598 -0.0675
vn -0.0933 0.9956 -0.0121
vn -0.0915 0.9958 -0.0085
vn -0.0992 0.9950 -0.0053
vn -0.1017 0.9948 -0.0033
vn -0.0950 0.9955 -0.0020
vn 0.9870 0.1610 0.0015
vn 0.9870 0.1610 0.0025
vn -0.0921 0.9957 0.0028
vn -0.0900 0.9959 0.0034
vn -0.0985 0.9951 0.0026
vn -0.1022 0.9948 0.0007
vn -0.0960 0.9954 -0.0015
vn 0.9840 0.1619 0.0745
vn 0.9840 0.1619 0.0750
vn -0.0929 0.9956 0.0070
vn -0.0906 0.9959 0.0055
vn -0.0999 0.9950 0.0018
vn -0.1051 0.9945 -0.0025
vn -0.0996 0.9950 -0.0060
vn 0.9763 0.1616 0.1436
vn 0.9764 0.1616 0.1431
vn -0.0932 0.9956 0.0042
vn -0.0914 0.9958 0.0046
vn -0.1020 0.9948 0.0023
vn -0.1079 0.9942 0.0020
vn -0.1010 0.9948 0.0101
vn 0.9637 0.1602 0.2137
vn 0.9638 0.1602 0.2129
vn -0.0963 0.9953 0.0125
vn -0.0947 0.9954 0.0148
vn -0.1049 0.9944 0.0145
vn -0.1080 0.9939 0.0204
vn -0.0937 0.9948 0.0388
vn 0.9453 0.1576 0.2856
vn 0.9458 0.1577 0.2839
vn -0.1027 0.9944 0.0263
vn -0.1001 0.9946 0.0262
vn -0.1060 0.9941 0.0243
vn -0.1027 0.9942 0.0313
vn -0.0836 0.9955 0.0456
vn 0.9216 0.1513 0.3575
vn 0.9230 0.1515 0.3536
vn -0.1087 0.9936 0.0321
vn -0.1051 0.9941 0.0268
vn -0.1039 0.9943 0.0231
vn -0.0951 0.9950 0.0292
vn -0.0784 0.9961 0.0392
vn 0.8891 0.1397 0.4358
vn 0.8918 0.1400 0.4301
vn -0.1125 0.9933 0.0273
vn -0.1078 0.9940 0.0178
vn -0.1000 0.9949 0.0156
vn -0.0886 0.9958 0.0217
vn -0.0747 0.9968 0.0288
vn 0.8453 0.1234 0.5199
vn 0.8494 0.1239 0.5130
vn -0.1114 0.9937 0.0132
vn -0.1063 0.9943 0.0045
vn -0.0953 0.9954 0.0058
vn -0.0827 0.9965 0.0116
vn -0.0707 0.9974 0.0170
vn 0.7875 0.1026 0.6077
vn 0.7931 0.1032 0.6002
vn -0.1051 0.9945 -0.0028
vn -0.1009 0.9949 -0.0080
vn -0.0903 0.9959 -0.0055
vn -0.0772 0.9970 -0.0000
vn -0.0659 0.9978 0.0049
vn 0.7133 0.0767 0.6966
vn 0.7206 0.0774 0.6891
vn -0.0953 0.9953 -0.0155
vn -0.0926 0.9955 -0.0195
vn -0.0839 0.9963 -0.0181
vn -0.0713 0.9974 -0.0124
vn -0.0603 0.9982 -0.0070
vn 0.6250 0.0469 0.7792
vn 0.6327 0.0474 0.7729
vn -0.0832 0.9962 -0.0256
vn -0.0818 0.9962 -0.0307
vn -0.0753 0.9967 -0.0307
vn -0.0644 0.9976 -0.0249
vn -0.0537 0.9984 -0.0185
vn 0.5268 0.0207 0.8498
vn 0.5325 0.0211 0.8462
vn -0.0692 0.9970 -0.0343
vn -0.0686 0.9968 -0.0409
vn -0.0640 0.9971 -0.0421
vn -0.0554 0.9978 -0.0369
vn -0.0458 0.9985 -0.0292
vn 0.4205 0.0061 0.9073
vn 0.4234 0.0062 0.9059
vn -0.0532 0.9977 -0.0417
vn -0.0531 0.9974 -0.0495
vn -0.0502 0.9974 -0.0517
vn -0.0441 0.9979 -0.0472
vn -0.0365 0.9986 -0.0384
vn 0.3102 0.0010 0.9507
vn 0.3116 0.0011 0.9502
vn -0.0359 0.9982 -0.0473
vn -0.0359 0.9978 -0.0559
vn -0.0343 0.9977 -0.0588
vn -0.0307 0.9980 -0.0549
vn -0.0256 0.9986 -0.0455
vn 0.1982 -0.0005 0.9802
vn 0.1991 -0.0005 0.9800
vn -0.0178 0.9986 -0.0508
vn -0.0179 0.9981 -0.0597
vn -0.0173 0.9979 -0.0630
vn -0.0158 0.9981 -0.0593
vn -0.0133 0.9987 -0.0501
vn 0.0861 -0.0013 0.9963
vn 0.0865 -0.0013 0.9962
vn 0.0053 0.9987 -0.0516
vn 0.0045 0.9982 -0.0605
vn 0.0033 0.9980 -0.0636
vn 0.0019 0.9982 -0.0599
vn 0.0007 0.9987 -0.0512
vn 0.0001 -0.0014 1.0000
vn -0.0000 -0.0014 1.0000
vn 0.0279 0.9984 -0.0497
vn 0.0262 0.9980 -0.0580
vn 0.0231 0.9979 -0.0606
vn 0.0187 0.9982 -0.0562
vn 0.0140 0.9987 -0.0481
vn -0.0856 -0.0012 0.9963
vn -0.0865 -0.0012 0.9963
vn 0.0443 0.9980 -0.0454
vn 0.0423 0.9977 -0.0527
vn 0.0378 0.9978 -0.0542
vn 0.0313 0.9983 -0.0492
vn 0.0251 0.9988 -0.0422
vn -0.1978 -0.0004 0.9802
vn -0.1991 -0.0004 0.9800
vn 0.0591 0.9975 -0.0393
vn 0.0564 0.9974 -0.0452
vn 0.0501 0.9977 -0.0454
vn 0.0418 0.9983 -0.0403
vn 0.0350 0.9988 -0.0351
vn -0.3098 0.0012 0.9508
vn -0.3115 0.0012 0.9502
vn 0.0719 0.9969 -0.0317
vn 0.0680 0.9970 -0.0360
vn 0.0599 0.9976 -0.0348
vn 0.0508 0.9982 -0.0304
vn 0.0441 0.9987 -0.0269
vn -0.4201 0.0058 0.9074
vn -0.4230 0.0059 0.9061
vn 0.0823 0.9963 -0.0232
vn 0.0770 0.9967 -0.0257
vn 0.0678 0.9974 -0.0236
vn 0.0590 0.9981 -0.0202
vn 0.0524 0.9985 -0.0175
vn -0.5264 0.0193 0.8500
vn -0.5320 0.0196 0.8465
vn 0.0905 0.9958 -0.0140
vn 0.0839 0.9964 -0.0151
vn 0.0748 0.9971 -0.0127
vn 0.0671 0.9977 -0.0098
vn 0.0598 0.9982 -0.0068
vn -0.6245 0.0443 0.7797
vn -0.6321 0.0448 0.7736
vn 0.0964 0.9953 -0.0034
vn 0.0897 0.9960 -0.0052
vn 0.0821 0.9966 -0.0025
vn 0.0748 0.9972 0.0009
vn 0.0659 0.9978 0.0049
vn -0.7128 0.0737 0.6975
vn -0.7199 0.0743 0.6900
vn 0.1003 0.9949 0.0098
vn 0.0955 0.9954 0.0047
vn 0.0898 0.9959 0.0068
vn 0.0818 0.9966 0.0117
vn 0.0707 0.9974 0.0170
vn -0.7874 0.0996 0.6084
vn -0.7929 0.1001 0.6011
vn 0.1017 0.9946 0.0219
vn 0.1006 0.9948 0.0153
vn 0.0976 0.9951 0.0153
vn 0.0884 0.9958 0.0216
vn 0.0747 0.9968 0.0288
vn -0.8455 0.1202 0.5203
vn -0.8495 0.1207 0.5136
vn 0.1011 0.9945 0.0272
vn 0.1027 0.9944 0.0235
vn 0.1040 0.9943 0.0220
vn 0.0951 0.9950 0.0292
vn 0.0784 0.9961 0.0392
vn -0.8896 0.1363 0.4359
vn -0.8922 0.1366 0.4305
vn 0.0994 0.9948 0.0232
vn 0.1014 0.9946 0.0238
vn 0.1075 0.9939 0.0231
vn 0.1027 0.9942 0.0312
vn 0.0836 0.9955 0.0456
vn -0.9223 0.1477 0.3573
vn -0.9237 0.1478 0.3536
vn 0.0964 0.9953 0.0114
vn 0.0974 0.9952 0.0136
vn 0.1070 0.9942 0.0135
vn 0.1082 0.9939 0.0202
vn 0.0937 0.9948 0.0388
vn -0.9460 0.1539 0.2852
vn -0.9465 0.1539 0.2836
vn 0.0946 0.9955 0.0048
vn 0.0943 0.9955 0.0046
vn 0.1042 0.9945 0.0020
vn 0.1083 0.9941 0.0019
vn 0.1010 0.9948 0.0101
vn -0.9645 0.1567 0.2126
vn -0.9647 0.1567 0.2116
vn 0.0944 0.9955 0.0087
vn 0.0931 0.9956 0.0063
vn 0.1018 0.9948 0.0020
vn 0.1054 0.9944 -0.0025
vn 0.0996 0.9950 -0.0060
vn -0.9771 0.1588 0.1416
vn -0.9772 0.1588 0.1407
vn 0.0931 0.9957 0.0039
vn 0.0918 0.9958 0.0040
vn 0.0999 0.9950 0.0028
vn 0.1024 0.9947 0.0007
vn 0.0960 0.9954 -0.0015
vn -0.9844 0.1597 0.0734
vn -0.9844 0.1597 0.0736
vn 0.0939 0.9955 -0.0110
vn 0.0928 0.9957 -0.0079
vn 0.1002 0.9950 -0.0051
vn 0.1018 0.9948 -0.0032
vn 0.0950 0.9955 -0.0020
vn -0.9872 0.1593 0.0002
vn -0.9872 0.1593 0.0011
vn 0.0965 0.9952 -0.0140
vn 0.0957 0.9954 -0.0106
vn 0.1029 0.9947 -0.0064
vn 0.1041 0.9946 -0.0027
vn 0.0975 0.9952 0.0004
vn -0.9847 0.1589 -0.0710
vn -0.9848 0.1589 -0.0700
vn 0.0978 0.9952 -0.0064
vn 0.0981 0.9952 -0.0035
vn 0.1056 0.9944 0.0013
vn 0.1069 0.9943 0.0052
vn 0.1007 0.9949 0.0080
vn -0.9776 0.1580 -0.1390
vn -0.9778 0.1580 -0.1378
vn 0.0990 0.9951 -0.0024
vn 0.1010 0.9949 0.0023
vn 0.1083 0.9941 0.0094
vn 0.1087 0.9940 0.0139
vn 0.1031 0.9945 0.0164
vn -0.9665 0.1552 -0.2046
vn -0.9669 0.1552 -0.2023
vn 0.1023 0.9948 -0.0023
vn 0.1065 0.9943 0.0051
vn 0.1121 0.9936 0.0117
vn 0.1107 0.9938 0.0111
vn 0.1046 0.9945 0.0016
vn -0.9510 0.1475 -0.2716
vn -0.9522 0.1476 -0.2673
vn 0.1074 0.9942 -0.0027
vn 0.1125 0.9936 0.0039
vn 0.1150 0.9934 0.0039
vn 0.1110 0.9938 -0.0062
vn 0.0986 0.9948 -0.0269
vn -0.9283 0.1338 -0.3469
vn -0.9306 0.1340 -0.3407
vn 0.1097 0.9940 0.0009
vn 0.1132 0.9936 0.0027
vn 0.1124 0.9937 -0.0039
vn 0.1052 0.9943 -0.0170
vn 0.0879 0.9955 -0.0340
vn -0.8949 0.1139 -0.4315
vn -0.8986 0.1143 -0.4237
vn 0.1060 0.9943 0.0068
vn 0.1077 0.9942 0.0038
vn 0.1049 0.9945 -0.0043
vn 0.0962 0.9952 -0.0154
vn 0.0809 0.9963 -0.0278
vn -0.8471 0.0870 -0.5242
vn -0.8526 0.0874 -0.5153
vn 0.0988 0.9950 0.0112
vn 0.0994 0.9950 0.0071
vn 0.0959 0.9954 0.0002
vn 0.0878 0.9961 -0.0084
vn 0.0751 0.9970 -0.0178
vn -0.7854 0.0552 -0.6165
vn -0.7915 0.0557 -0.6086
vn 0.0897 0.9958 0.0156
vn 0.0898 0.9959 0.0123
vn 0.0864 0.9962 0.0072
vn 0.0794 0.9968 0.0006
vn 0.0692 0.9976 -0.0068
vn -0.7101 0.0283 -0.7036
vn -0.7146 0.0286 -0.6990
vn 0.0796 0.9966 0.0206
vn 0.0794 0.9967 0.0186
vn 0.0764 0.9970 0.0150
vn 0.0707 0.9975 0.0100
vn 0.0625 0.9980 0.0041
vn -0.6218 0.0136 -0.7831
vn -0.6241 0.0137 -0.7813
vn 0.0687 0.9973 0.0258
vn 0.0684 0.9973 0.0251
vn 0.0659 0.9976 0.0227
vn 0.0613 0.9979 0.0191
vn 0.0549 0.9984 0.0141
vn -0.5245 0.0075 -0.8514
vn -0.5260 0.0076 -0.8504
vn 0.0573 0.9979 0.0306
vn 0.0569 0.9979 0.0310
vn 0.0549 0.9980 0.0298
vn 0.0513 0.9983 0.0270
vn 0.0463 0.9987 0.0229
vn -0.4200 0.0042 -0.9075
vn -0.4214 0.0042 -0.9069
vn 0.0455 0.9984 0.0348
vn 0.0452 0.9983 0.0361
vn 0.0435 0.9984 0.0357
vn 0.0408 0.9986 0.0337
vn 0.0370 0.9989 0.0301
vn 0.0337 0.9987 0.0381
vn 0.0332 0.9986 0.0400
vn 0.0319 0.9987 0.0402
vn 0.0298 0.9988 0.0387
vn 0.0271 0.9990 0.0356
vn 0.0002 -0.0005 -1.0000
vn -0.0000 -0.0005 -1.0000
vn 0.0219 0.9989 0.0403
vn 0.0213 0.9989 0.0427
vn 0.0202 0.9989 0.0433
vn 0.0186 0.9989 0.0423
vn 0.0165 0.9991 0.0396
vn -0.0858 -0.0003 -0.9963
vn -0.0865 -0.0003 -0.9963
vn -0.0940 0.0291 -0.9951
vn -0.2276 0.0404 -0.9729
vn -0.2391 0.1546 -0.9586
vn -0.0997 0.1413 -0.9849
vn 0.8055 0.1139 -0.5816
vn 0.7227 0.1016 -0.6837
vn 0.7204 0.1920 -0.6664
vn 0.8020 0.1965 -0.5641
vn -0.1349 0.0524 0.9895
vn 0.0016 0.0419 0.9991
vn 0.0036 0.1592 0.9872
vn -0.1451 0.1697 0.9747
vn -0.7231 0.1013 -0.6833
vn -0.7206 0.1919 -0.6662
vn 0.6215 0.0888 -0.7784
vn 0.6215 0.1863 -0.7609
vn 0.1370 0.0525 0.9892
vn 0.1509 0.1694 0.9739
vn -0.8059 0.1134 -0.5811
vn -0.8023 0.1962 -0.5638
vn 0.5031 0.0744 -0.8610
vn 0.5069 0.1787 -0.8433
vn 0.2746 0.0722 0.9588
vn 0.2813 0.1847 0.9417
vn -0.8696 0.1262 -0.4773
vn -0.8656 0.2005 -0.4588
vn 0.3695 0.0575 -0.9274
vn 0.3786 0.1682 -0.9101
vn 0.4042 0.0898 0.9102
vn 0.4046 0.1974 0.8929
vn -0.9151 0.1404 -0.3780
vn -0.9108 0.2059 -0.3577
vn 0.2273 0.0403 -0.9730
vn 0.2393 0.1544 -0.9586
vn 0.5233 0.1056 0.8456
vn 0.5189 0.2079 0.8292
vn -0.9442 0.1568 -0.2898
vn -0.9396 0.2135 -0.2675
vn 0.0939 0.0290 -0.9952
vn 0.1003 0.1409 -0.9849
vn 0.6295 0.1198 0.7677
vn 0.6219 0.2162 0.7527
vn -0.9599 0.1756 -0.2187
vn -0.9548 0.2244 -0.1949
vn -0.0865 0.0029 -0.9962
vn -0.0000 0.0027 -1.0000
vn 0.7207 0.1329 0.6804
vn 0.7112 0.2227 0.6668
vn -0.9658 0.1958 -0.1699
vn -0.9600 0.2390 -0.1460
vn -0.3699 0.0576 -0.9273
vn -0.3785 0.1684 -0.9101
vn 0.7953 0.1453 0.5885
vn 0.7851 0.2279 0.5759
vn -0.9658 0.2145 -0.1460
vn -0.9583 0.2568 -0.1254
vn 0.8528 0.1573 0.4980
vn 0.8426 0.2318 0.4862
vn -0.9673 0.2276 -0.1118
vn -0.9569 0.2743 -0.0958
vn 0.8940 0.1689 0.4151
vn 0.8838 0.2349 0.4046
vn -0.9703 0.2323 -0.0668
vn -0.9561 0.2861 -0.0640
vn 0.9211 0.1798 0.3454
vn 0.9111 0.2373 0.3370
vn -0.9728 0.2317 0.0025
vn -0.9575 0.2884 0.0006
vn 0.9373 0.1891 0.2927
vn 0.9276 0.2386 0.2874
vn -0.9707 0.2285 0.0745
vn -0.9563 0.2838 0.0699
vn 0.9489 0.1983 0.2455
vn 0.9413 0.2416 0.2357
vn -0.9680 0.2219 0.1170
vn -0.9576 0.2690 0.1028
vn 0.9610 0.2097 0.1805
vn 0.9535 0.2517 0.1657
vn -0.9612 0.2106 0.1784
vn -0.9538 0.2524 0.1627
vn 0.9679 0.2210 0.1197
vn 0.9575 0.2682 0.1065
vn -0.9492 0.1992 0.2436
vn -0.9418 0.2423 0.2331
vn 0.9707 0.2277 0.0774
vn 0.9563 0.2830 0.0740
vn -0.9371 0.1900 0.2927
vn -0.9278 0.2391 0.2863
vn 0.9730 0.2308 0.0055
vn 0.9577 0.2877 0.0047
vn -0.9210 0.1806 0.3453
vn -0.9115 0.2374 0.3359
vn 0.9708 0.2316 -0.0621
vn 0.9565 0.2855 -0.0595
vn -0.8940 0.1696 0.4148
vn -0.8843 0.2348 0.4035
vn 0.9676 0.2274 -0.1097
vn 0.9571 0.2740 -0.0941
vn -0.8529 0.1578 0.4976
vn -0.8431 0.2316 0.4853
vn 0.9658 0.2145 -0.1460
vn 0.9582 0.2569 -0.1255
vn -0.7955 0.1458 0.5881
vn -0.7858 0.2278 0.5750
vn 0.9658 0.1959 -0.1700
vn 0.9598 0.2392 -0.1465
vn -0.7210 0.1334 0.6800
vn -0.7117 0.2230 0.6661
vn 0.9597 0.1759 -0.2190
vn 0.9546 0.2248 -0.1956
vn -0.6297 0.1203 0.7674
vn -0.6216 0.2166 0.7528
vn 0.9439 0.1573 -0.2902
vn 0.9393 0.2140 -0.2682
vn -0.5233 0.1061 0.8455
vn -0.5175 0.2083 0.8299
vn 0.0570 0.9983 0.0115
vn 0.0442 0.9989 0.0148
vn 0.0256 0.9975 -0.0664
vn 0.0275 0.9974 -0.0666
vn 0.9148 0.1409 -0.3785
vn 0.9105 0.2064 -0.3584
vn -0.4038 0.0903 0.9104
vn -0.4021 0.1980 0.8939
vn -0.0000 0.0258 -0.9997
vn 0.0005 0.1350 -0.9908
vn 0.8693 0.1267 -0.4778
vn 0.8653 0.2009 -0.4593
vn -0.2736 0.0724 0.9591
vn -0.2774 0.1852 0.9427
vn 0.0041 0.9976 -0.0692
vn 0.0039 0.9426 -0.3339
vn -0.0194 0.9454 -0.3253
vn 0.0033 0.7534 -0.6575
vn -0.0646 0.7599 -0.6469
vn 0.0019 0.4347 -0.9006
vn -0.0925 0.4425 -0.8920
vn -0.0539 0.9480 -0.3137
vn -0.1474 0.7689 -0.6221
vn -0.2164 0.4563 -0.8631
vn 0.0289 0.9974 -0.0665
vn -0.0872 0.9502 -0.2991
vn -0.2263 0.7754 -0.5895
vn -0.3354 0.4672 -0.8181
vn 0.0296 0.9974 -0.0659
vn -0.1193 0.9522 -0.2812
vn -0.3008 0.7796 -0.5493
vn -0.4460 0.4739 -0.7593
vn 0.0296 0.9975 -0.0646
vn -0.1503 0.9539 -0.2600
vn -0.3707 0.7817 -0.5016
vn -0.5468 0.4771 -0.6880
vn 0.0289 0.9976 -0.0626
vn -0.1797 0.9551 -0.2356
vn -0.4349 0.7817 -0.4471
vn -0.6362 0.4774 -0.6061
vn 0.0275 0.9978 -0.0598
vn -0.2073 0.9558 -0.2085
vn -0.4925 0.7795 -0.3870
vn -0.7123 0.4752 -0.5165
vn 0.0254 0.9981 -0.0562
vn -0.2327 0.9558 -0.1797
vn -0.5422 0.7754 -0.3238
vn -0.7737 0.4713 -0.4234
vn 0.0228 0.9984 -0.0520
vn -0.2554 0.9550 -0.1506
vn -0.5832 0.7694 -0.2607
vn -0.8197 0.4665 -0.3322
vn 0.0195 0.9987 -0.0475
vn -0.2753 0.9534 -0.1231
vn -0.6152 0.7621 -0.2019
vn -0.8511 0.4622 -0.2491
vn 0.0158 0.9989 -0.0431
vn -0.2926 0.9511 -0.0994
vn -0.6388 0.7542 -0.1521
vn -0.8695 0.4597 -0.1805
vn 0.0120 0.9991 -0.0401
vn -0.3075 0.9479 -0.0831
vn -0.6553 0.7463 -0.1167
vn -0.8778 0.4602 -0.1329
vn 0.0087 0.9992 -0.0395
vn -0.3223 0.9435 -0.0773
vn -0.6670 0.7384 -0.0996
vn -0.8780 0.4657 -0.1108
vn -0.0003 0.9997 -0.0256
vn -0.3538 0.9340 -0.0499
vn -0.6817 0.7291 -0.0605
vn -0.8747 0.4788 -0.0757
vn 0.0059 1.0000 0.0019
vn -0.3610 0.9323 -0.0233
vn -0.6793 0.7329 -0.0391
vn -0.8627 0.5030 -0.0533
vn 0.0041 0.9997 0.0251
vn -0.1055 0.9942 0.0232
vn -0.5894 0.8078 0.0096
vn -0.6762 0.7367 0.0049
vn -0.8575 0.5145 -0.0005
vn 0.0184 0.9987 0.0485
vn -0.3388 0.9393 0.0546
vn -0.6650 0.7451 0.0516
vn -0.8586 0.5093 0.0589
vn 0.0260 0.9982 0.0543
vn -0.3198 0.9452 0.0652
vn -0.6637 0.7444 0.0735
vn -0.8713 0.4829 0.0870
vn 0.0452 0.9972 0.0600
vn -0.2860 0.9527 0.1025
vn -0.6482 0.7489 0.1380
vn -0.8713 0.4663 0.1529
vn 0.0579 0.9946 0.0860
vn -0.2639 0.9525 0.1520
vn -0.6210 0.7556 0.2082
vn -0.8543 0.4666 0.2292
vn 0.0786 0.9918 0.1009
vn -0.2258 0.9564 0.1855
vn -0.5827 0.7702 0.2594
vn -0.8308 0.4767 0.2871
vn 0.0897 0.9904 0.1056
vn -0.2015 0.9588 0.2003
vn -0.5525 0.7812 0.2905
vn -0.8083 0.4862 0.3321
vn 0.0987 0.9891 0.1094
vn -0.1770 0.9598 0.2179
vn -0.5174 0.7894 0.3305
vn -0.7761 0.4938 0.3922
vn 0.1058 0.9881 0.1112
vn -0.1515 0.9597 0.2369
vn -0.4755 0.7950 0.3766
vn -0.7317 0.4998 0.4634
vn 0.1105 0.9877 0.1111
vn -0.1251 0.9586 0.2557
vn -0.4268 0.7983 0.4249
vn -0.6741 0.5038 0.5402
vn 0.1123 0.9877 0.1090
vn -0.0985 0.9570 0.2728
vn -0.3722 0.7993 0.4718
vn -0.6034 0.5054 0.6168
vn 0.1110 0.9882 0.1054
vn -0.0726 0.9550 0.2876
vn -0.3129 0.7979 0.5153
vn -0.5206 0.5041 0.6891
vn 0.1061 0.9892 0.1007
vn -0.0479 0.9526 0.3003
vn -0.2501 0.7938 0.5544
vn -0.4286 0.4993 0.7530
vn 0.0974 0.9907 0.0955
vn -0.0256 0.9499 0.3115
vn -0.1868 0.7877 0.5871
vn -0.3298 0.4927 0.8053
vn 0.0850 0.9922 0.0910
vn -0.0057 0.9472 0.3206
vn -0.1231 0.7811 0.6121
vn -0.2264 0.4838 0.8454
vn 0.0682 0.9938 0.0882
vn 0.0115 0.9447 0.3276
vn -0.0591 0.7742 0.6302
vn -0.1188 0.4723 0.8734
vn 0.0194 0.9955 0.0924
vn 0.0191 0.9406 0.3390
vn 0.0154 0.7658 0.6429
vn 0.0091 0.4612 0.8873
vn -0.0314 0.9954 0.0904
vn 0.0245 0.9442 0.3283
vn 0.0877 0.7730 0.6283
vn 0.1353 0.4716 0.8714
vn -0.0531 0.9941 0.0946
vn 0.0360 0.9457 0.3230
vn 0.1464 0.7789 0.6099
vn 0.2393 0.4826 0.8425
vn -0.0715 0.9925 0.0991
vn 0.0497 0.9476 0.3155
vn 0.2051 0.7839 0.5860
vn 0.3394 0.4912 0.8022
vn -0.0849 0.9910 0.1036
vn 0.0671 0.9501 0.3047
vn 0.2640 0.7884 0.5557
vn 0.4347 0.4975 0.7507
vn -0.0938 0.9896 0.1089
vn 0.0866 0.9527 0.2913
vn 0.3215 0.7924 0.5184
vn 0.5234 0.5013 0.6890
vn -0.0991 0.9885 0.1138
vn 0.1079 0.9551 0.2761
vn 0.3763 0.7957 0.4746
vn 0.6037 0.5031 0.6184
vn -0.1007 0.9880 0.1173
vn 0.1310 0.9567 0.2599
vn 0.4286 0.7961 0.4273
vn 0.6733 0.5032 0.5418
vn -0.0992 0.9879 0.1190
vn 0.1543 0.9577 0.2430
vn 0.4750 0.7935 0.3803
vn 0.7305 0.4998 0.4654
vn -0.0948 0.9884 0.1185
vn 0.1773 0.9579 0.2257
vn 0.5153 0.7884 0.3360
vn 0.7743 0.4942 0.3952
vn -0.0880 0.9894 0.1160
vn 0.1998 0.9571 0.2097
vn 0.5494 0.7808 0.2976
vn 0.8064 0.4867 0.3360
vn -0.0788 0.9905 0.1123
vn 0.2226 0.9550 0.1962
vn 0.5790 0.7701 0.2677
vn 0.8290 0.4771 0.2916
vn -0.0601 0.9933 0.0989
vn 0.2594 0.9517 0.1643
vn 0.6170 0.7562 0.2180
vn 0.8524 0.4670 0.2351
vn -0.0489 0.9961 0.0741
vn 0.2804 0.9528 0.1163
vn 0.6442 0.7502 0.1490
vn 0.8699 0.4668 0.1594
vn -0.0312 0.9971 0.0696
vn 0.3138 0.9461 0.0801
vn 0.6598 0.7466 0.0855
vn 0.8701 0.4837 0.0946
vn -0.0249 0.9976 0.0647
vn 0.3321 0.9406 0.0705
vn 0.6609 0.7477 0.0644
vn 0.8573 0.5103 0.0673
vn -0.0119 0.9990 0.0422
vn 0.0964 0.9945 0.0408
vn 0.5847 0.8109 0.0238
vn 0.6728 0.7396 0.0178
vn 0.8567 0.5158 0.0079
vn -0.0143 0.9997 0.0191
vn 0.3545 0.9350 -0.0079
vn 0.6770 0.7354 -0.0287
vn 0.8624 0.5041 -0.0469
vn -0.0068 0.9999 -0.0119
vn 0.3498 0.9359 -0.0414
vn 0.6808 0.7303 -0.0569
vn 0.8747 0.4789 -0.0739
vn -0.0129 0.9994 -0.0330
vn 0.3209 0.9440 -0.0763
vn 0.6666 0.7387 -0.1003
vn 0.8778 0.4659 -0.1114
vn -0.0138 0.9991 -0.0406
vn 0.3066 0.9479 -0.0860
vn 0.6546 0.7465 -0.1193
vn 0.8774 0.4606 -0.1345
vn -0.0165 0.9988 -0.0461
vn 0.2919 0.9509 -0.1031
vn 0.6382 0.7540 -0.1553
vn 0.8691 0.4598 -0.1826
vn -0.0196 0.9985 -0.0506
vn 0.2754 0.9530 -0.1264
vn 0.6151 0.7614 -0.2048
vn 0.8506 0.4621 -0.2509
vn -0.0222 0.9982 -0.0548
vn 0.2561 0.9544 -0.1536
vn 0.5835 0.7683 -0.2631
vn 0.8194 0.4661 -0.3336
vn -0.0243 0.9980 -0.0587
vn 0.2340 0.9550 -0.1823
vn 0.5430 0.7740 -0.3257
vn 0.7736 0.4706 -0.4244
vn -0.0260 0.9977 -0.0620
vn 0.2091 0.9549 -0.2107
vn 0.4937 0.7780 -0.3885
vn 0.7125 0.4743 -0.5171
vn -0.0270 0.9976 -0.0645
vn 0.1819 0.9542 -0.2374
vn 0.4366 0.7801 -0.4482
vn 0.6367 0.4764 -0.6064
vn -0.0275 0.9974 -0.0662
vn 0.1527 0.9530 -0.2615
vn 0.3726 0.7801 -0.5025
vn 0.5476 0.4761 -0.6881
vn -0.0273 0.9974 -0.0672
vn 0.1219 0.9515 -0.2825
vn 0.3030 0.7782 -0.5501
vn 0.4469 0.4729 -0.7593
vn -0.0265 0.9974 -0.0675
vn 0.0898 0.9496 -0.3002
vn 0.2285 0.7742 -0.5902
vn 0.3365 0.4663 -0.8182
vn -0.0251 0.9974 -0.0674
vn 0.0566 0.9475 -0.3146
vn 0.1497 0.7680 -0.6227
vn 0.2175 0.4556 -0.8632
vn -0.0203 0.9976 -0.0667
vn 0.0246 0.9451 -0.3258
vn 0.0690 0.7591 -0.6474
vn 0.0951 0.4416 -0.8922
vn -0.0866 0.0092 -0.9962
vn -0.0000 0.0090 -1.0000
vn -0.0869 0.0153 -0.9961
vn -0.0000 0.0151 -0.9999
vn -0.0885 0.0218 -0.9958
vn -0.0000 0.0207 -0.9998
vn -0.0865 0.0017 0.9962
vn -0.1998 0.0028 0.9798
vn -0.0875 0.0085 0.9961
vn -0.2055 0.0146 0.9786
vn -0.0942 0.0199 0.9954
vn -0.2226 0.0366 0.9742
vn -0.1112 0.0372 0.9931
vn -0.2483 0.0598 0.9668
vn 0.7259 0.0517 -0.6858
vn 0.8031 0.0800 -0.5904
vn 0.7454 0.0939 -0.6600
vn 0.8178 0.1202 -0.5628
vn 0.7663 0.1187 -0.6314
vn 0.8341 0.1398 -0.5336
vn 0.7861 0.1252 -0.6052
vn 0.8513 0.1427 -0.5049
vn -0.4227 0.0069 -0.9062
vn -0.3121 0.0047 -0.9500
vn -0.4304 0.0196 -0.9024
vn -0.3142 0.0115 -0.9493
vn -0.4509 0.0443 -0.8915
vn -0.3236 0.0252 -0.9458
vn -0.4787 0.0671 -0.8754
vn -0.3445 0.0446 -0.9377
vn -0.3153 0.0078 0.9489
vn -0.3295 0.0306 0.9437
vn -0.3539 0.0615 0.9332
vn -0.3801 0.0829 0.9212
vn 0.8614 0.1083 -0.4962
vn 0.8716 0.1429 -0.4689
vn 0.8839 0.1599 -0.4394
vn 0.8983 0.1608 -0.4088
vn 0.0865 0.0028 -0.9962
vn 0.0866 0.0091 -0.9962
vn 0.0869 0.0152 -0.9961
vn 0.0884 0.0217 -0.9958
vn -0.4318 0.0208 0.9017
vn -0.4521 0.0556 0.8902
vn -0.4772 0.0870 0.8745
vn -0.5009 0.1036 0.8593
vn 0.9037 0.1324 -0.4072
vn 0.9095 0.1630 -0.3824
vn 0.9180 0.1793 -0.3538
vn 0.9293 0.1798 -0.3226
vn -0.5446 0.0423 0.8376
vn -0.5649 0.0830 0.8210
vn -0.5871 0.1100 0.8020
vn -0.6085 0.1224 0.7841
vn 0.9328 0.1511 -0.3273
vn 0.9347 0.1803 -0.3063
vn 0.9392 0.1976 -0.2807
vn 0.9472 0.1994 -0.2512
vn -0.6459 0.0689 0.7603
vn -0.6631 0.1080 0.7407
vn -0.6817 0.1308 0.7199
vn -0.7008 0.1399 0.6995
vn 0.9521 0.1645 -0.2577
vn 0.9506 0.1939 -0.2423
vn 0.9513 0.2134 -0.2226
vn 0.9556 0.2180 -0.1985
vn -0.7314 0.0957 0.6752
vn -0.7447 0.1300 0.6546
vn -0.7599 0.1499 0.6325
vn -0.7768 0.1565 0.6100
vn 0.9650 0.1721 -0.1978
vn 0.9607 0.2022 -0.1900
vn 0.9579 0.2240 -0.1796
vn 0.9585 0.2323 -0.1654
vn -0.8007 0.1188 0.5872
vn -0.8100 0.1495 0.5671
vn -0.8217 0.1678 0.5446
vn -0.8359 0.1725 0.5210
vn 0.9753 0.1750 -0.1349
vn 0.9698 0.2053 -0.1318
vn 0.9652 0.2285 -0.1274
vn 0.9633 0.2399 -0.1208
vn -0.8543 0.1379 0.5011
vn -0.8599 0.1666 0.4826
vn -0.8680 0.1842 0.4611
vn -0.8791 0.1877 0.4380
vn 0.9821 0.1761 -0.0664
vn 0.9764 0.2059 -0.0652
vn 0.9713 0.2291 -0.0643
vn 0.9684 0.2413 -0.0635
vn -0.8944 0.1530 0.4202
vn -0.8964 0.1810 0.4046
vn -0.9008 0.1986 0.3862
vn -0.9085 0.2016 0.3660
vn 0.9842 0.1770 0.0034
vn 0.9785 0.2061 0.0044
vn 0.9735 0.2288 0.0052
vn 0.9706 0.2404 0.0057
vn -0.9236 0.1639 0.3466
vn -0.9222 0.1917 0.3358
vn -0.9229 0.2098 0.3228
vn -0.9272 0.2130 0.3081
vn 0.9811 0.1777 0.0761
vn 0.9754 0.2064 0.0776
vn 0.9703 0.2286 0.0790
vn 0.9677 0.2392 0.0794
vn -0.9446 0.1698 0.2809
vn -0.9406 0.1981 0.2759
vn -0.9385 0.2175 0.2683
vn -0.9404 0.2220 0.2577
vn 0.9739 0.1771 0.1422
vn 0.9687 0.2052 0.1400
vn 0.9644 0.2267 0.1365
vn 0.9629 0.2359 0.1309
vn -0.9624 0.1724 0.2100
vn -0.9575 0.2014 0.2067
vn -0.9538 0.2227 0.2015
vn -0.9539 0.2297 0.1930
vn 0.9615 0.1754 0.2117
vn 0.9567 0.2025 0.2089
vn 0.9533 0.2228 0.2040
vn 0.9535 0.2297 0.1954
vn -0.9747 0.1746 0.1392
vn -0.9694 0.2038 0.1367
vn -0.9649 0.2262 0.1335
vn -0.9633 0.2360 0.1280
vn 0.9439 0.1729 0.2814
vn 0.9400 0.1994 0.2770
vn 0.9379 0.2177 0.2703
vn 0.9398 0.2216 0.2600
vn -0.9816 0.1758 0.0744
vn -0.9758 0.2051 0.0754
vn -0.9707 0.2278 0.0763
vn -0.9680 0.2392 0.0764
vn 0.9230 0.1668 0.3466
vn 0.9219 0.1931 0.3359
vn 0.9229 0.2100 0.3229
vn 0.9273 0.2124 0.3082
vn -0.9845 0.1755 0.0016
vn -0.9787 0.2051 0.0021
vn -0.9736 0.2283 0.0026
vn -0.9706 0.2405 0.0027
vn 0.8941 0.1556 0.4199
vn 0.8963 0.1820 0.4045
vn 0.9008 0.1985 0.3861
vn 0.9087 0.2009 0.3660
vn -0.9821 0.1753 -0.0695
vn -0.9762 0.2054 -0.0691
vn -0.9710 0.2289 -0.0688
vn -0.9680 0.2415 -0.0683
vn 0.8543 0.1402 0.5006
vn 0.8599 0.1674 0.4823
vn 0.8681 0.1840 0.4610
vn 0.8792 0.1870 0.4382
vn -0.9751 0.1748 -0.1362
vn -0.9696 0.2052 -0.1335
vn -0.9649 0.2285 -0.1294
vn -0.9630 0.2399 -0.1230
vn 0.8008 0.1209 0.5865
vn 0.8101 0.1501 0.5667
vn 0.8219 0.1675 0.5445
vn 0.8360 0.1718 0.5212
vn -0.9650 0.1721 -0.1978
vn -0.9607 0.2022 -0.1900
vn -0.9579 0.2240 -0.1795
vn -0.9585 0.2323 -0.1654
vn 0.7318 0.0977 0.6745
vn 0.7450 0.1305 0.6542
vn 0.7600 0.1496 0.6324
vn 0.7767 0.1558 0.6103
vn -0.9521 0.1646 -0.2577
vn -0.9506 0.1940 -0.2422
vn -0.9513 0.2134 -0.2225
vn -0.9556 0.2179 -0.1984
vn 0.6466 0.0708 0.7596
vn 0.6635 0.1086 0.7402
vn 0.6818 0.1304 0.7198
vn 0.7007 0.1393 0.6997
vn -0.1993 0.0035 -0.9799
vn -0.1996 0.0096 -0.9798
vn -0.2017 0.0170 -0.9793
vn -0.2104 0.0283 -0.9772
vn -0.9328 0.1515 -0.3270
vn -0.9348 0.1806 -0.3060
vn -0.9393 0.1978 -0.2804
vn -0.9473 0.1993 -0.2509
vn 0.5454 0.0437 0.8370
vn 0.5656 0.0838 0.8204
vn 0.5874 0.1098 0.8018
vn 0.6085 0.1219 0.7842
vn -0.9038 0.1332 -0.4067
vn -0.9097 0.1634 -0.3818
vn -0.9181 0.1795 -0.3533
vn -0.9295 0.1797 -0.3220
vn 0.4325 0.0216 0.9014
vn 0.4530 0.0566 0.8897
vn 0.4779 0.0872 0.8741
vn 0.5012 0.1032 0.8591
vn 0.1993 0.0034 -0.9799
vn 0.1996 0.0095 -0.9798
vn 0.2016 0.0169 -0.9793
vn 0.2102 0.0281 -0.9773
vn -0.8617 0.1095 -0.4955
vn -0.8719 0.1435 -0.4682
vn -0.8842 0.1601 -0.4388
vn -0.8986 0.1607 -0.4082
vn 0.3157 0.0081 0.9488
vn 0.3304 0.0315 0.9433
vn 0.3550 0.0621 0.9328
vn 0.3809 0.0828 0.9209
vn 0.3121 0.0045 -0.9500
vn 0.3141 0.0113 -0.9493
vn 0.3233 0.0248 -0.9460
vn 0.3441 0.0443 -0.9379
vn -0.8036 0.0813 -0.5896
vn -0.8183 0.1209 -0.5620
vn -0.8345 0.1401 -0.5329
vn -0.8517 0.1426 -0.5043
vn 0.1999 0.0028 0.9798
vn 0.2061 0.0151 0.9784
vn 0.2238 0.0375 0.9739
vn 0.2496 0.0602 0.9665
vn 0.4226 0.0068 -0.9063
vn 0.4301 0.0192 -0.9026
vn 0.4503 0.0437 -0.8918
vn 0.4781 0.0667 -0.8758
vn -0.7265 0.0528 -0.6851
vn -0.7459 0.0948 -0.6592
vn -0.7668 0.1191 -0.6307
vn -0.7866 0.1252 -0.6046
vn 0.0865 0.0017 0.9962
vn 0.0878 0.0085 0.9961
vn 0.0951 0.0205 0.9953
vn 0.1129 0.0378 0.9929
vn 0.5306 0.0132 -0.8475
vn 0.5464 0.0373 -0.8367
vn 0.5725 0.0700 -0.8169
vn 0.5991 0.0883 -0.7958
vn -0.6335 0.0290 -0.7732
vn -0.6548 0.0655 -0.7530
vn -0.6798 0.0963 -0.7270
vn -0.7026 0.1075 -0.7035
vn -0.0000 0.0015 1.0000
vn -0.0000 0.0073 1.0000
vn 0.0002 0.0147 0.9999
vn 0.0009 0.0271 0.9996
vn 0.6330 0.0282 -0.7736
vn 0.6541 0.0644 -0.7536
vn 0.6792 0.0958 -0.7277
vn 0.7020 0.1074 -0.7040
vn -0.5309 0.0136 -0.8473
vn -0.5470 0.0381 -0.8363
vn -0.5732 0.0707 -0.8164
vn -0.5996 0.0885 -0.7954
vn 0.0040 0.9999 0.0166
vn -0.0391 0.9991 0.0144
vn 0.0799 0.9968 0.0030
vn 0.0690 0.9976 0.0074
vn 0.0896 0.9960 -0.0016
vn 0.0980 0.9952 -0.0062
vn 0.1051 0.9944 -0.0106
vn 0.1108 0.9937 -0.0145
vn 0.1151 0.9932 -0.0176
vn 0.1180 0.9928 -0.0198
vn 0.1199 0.9926 -0.0204
vn 0.1220 0.9923 -0.0191
vn 0.1260 0.9919 -0.0165
vn 0.1280 0.9917 -0.0073
vn 0.1247 0.9921 0.0117
vn 0.1179 0.9928 0.0222
vn 0.1184 0.9918 0.0474
vn 0.1300 0.9896 0.0621
vn 0.1475 0.9874 0.0569
vn 0.1672 0.9836 0.0683
vn 0.1781 0.9813 0.0733
vn 0.1827 0.9804 0.0736
vn 0.1852 0.9799 0.0740
vn 0.1849 0.9801 0.0720
vn 0.1814 0.9811 0.0679
vn 0.1746 0.9827 0.0621
vn 0.1642 0.9849 0.0552
vn 0.1502 0.9875 0.0477
vn 0.1323 0.9904 0.0405
vn 0.1106 0.9933 0.0340
vn 0.0851 0.9960 0.0289
vn 0.0180 0.9995 0.0260
vn -0.0505 0.9983 0.0302
vn -0.0791 0.9962 0.0364
vn -0.1046 0.9935 0.0438
vn -0.1264 0.9906 0.0520
vn -0.1442 0.9877 0.0604
vn -0.1581 0.9851 0.0684
vn -0.1681 0.9829 0.0754
vn -0.1744 0.9814 0.0806
vn -0.1773 0.9806 0.0836
vn -0.1770 0.9806 0.0841
vn -0.1744 0.9810 0.0847
vn -0.1655 0.9829 0.0808
vn -0.1475 0.9866 0.0702
vn -0.1316 0.9884 0.0763
vn -0.1215 0.9906 0.0622
vn -0.1224 0.9918 0.0379
vn -0.1304 0.9911 0.0279
vn -0.1345 0.9909 0.0083
vn -0.1321 0.9912 -0.0041
vn -0.1267 0.9918 -0.0130
vn -0.1221 0.9923 -0.0194
vn -0.1184 0.9927 -0.0213
vn -0.1147 0.9932 -0.0199
vn -0.1100 0.9938 -0.0167
vn -0.1039 0.9945 -0.0126
vn -0.0966 0.9953 -0.0080
vn -0.0879 0.9961 -0.0031
vn -0.0780 0.9969 0.0018
vn -0.0670 0.9977 0.0064
vn -0.0550 0.9984 0.0106
vn 0.0425 0.9991 0.0029
vn 0.0057 0.9977 -0.0679
vn 0.0052 1.0000 0.0065
vn 0.0448 0.9990 0.0066
vn 0.0041 1.0000 -0.0057
vn 0.0438 0.9990 -0.0057
vn 0.0038 1.0000 -0.0054
vn 0.0438 0.9990 -0.0063
vn 0.0039 1.0000 0.0053
vn 0.0447 0.9990 0.0040
vn 0.0451 0.9990 0.0034
vn 0.0505 0.9987 0.0065
vn 0.0510 0.9987 -0.0060
vn 0.0528 0.9986 -0.0075
vn 0.0558 0.9984 0.0017
vn 0.0314 0.9989 -0.0356
vn 0.0561 0.9984 0.0066
vn 0.0581 0.9983 -0.0063
vn 0.0613 0.9981 -0.0089
vn 0.0661 0.9978 -0.0011
vn 0.0330 0.9991 -0.0262
vn 0.0615 0.9981 0.0069
vn 0.0648 0.9979 -0.0063
vn 0.0693 0.9975 -0.0105
vn 0.0756 0.9971 -0.0043
vn 0.0351 0.9992 -0.0194
vn 0.0665 0.9978 0.0074
vn 0.0714 0.9974 -0.0059
vn 0.0767 0.9970 -0.0119
vn 0.0841 0.9964 -0.0076
vn 0.0370 0.9992 -0.0139
vn 0.0713 0.9974 0.0081
vn 0.0778 0.9970 -0.0052
vn 0.0837 0.9964 -0.0132
vn 0.0915 0.9957 -0.0110
vn 0.0389 0.9992 -0.0097
vn 0.0758 0.9971 0.0091
vn 0.0841 0.9965 -0.0039
vn 0.0901 0.9958 -0.0139
vn 0.0979 0.9951 -0.0141
vn 0.0406 0.9992 -0.0064
vn 0.0799 0.9968 0.0101
vn 0.0899 0.9960 -0.0018
vn 0.0958 0.9953 -0.0135
vn 0.1031 0.9945 -0.0166
vn 0.0419 0.9991 -0.0029
vn 0.0835 0.9964 0.0113
vn 0.0951 0.9955 0.0008
vn 0.1013 0.9948 -0.0118
vn 0.1075 0.9940 -0.0180
vn 0.0428 0.9991 0.0010
vn 0.0864 0.9962 0.0129
vn 0.0999 0.9950 0.0039
vn 0.1071 0.9942 -0.0089
vn 0.1119 0.9936 -0.0181
vn 0.0440 0.9990 0.0043
vn 0.0893 0.9959 0.0139
vn 0.1041 0.9945 0.0070
vn 0.1127 0.9936 -0.0044
vn 0.1161 0.9931 -0.0156
vn 0.0453 0.9989 0.0072
vn 0.0922 0.9956 0.0140
vn 0.1081 0.9941 0.0089
vn 0.1178 0.9930 0.0005
vn 0.1211 0.9926 -0.0109
vn 0.0463 0.9989 0.0103
vn 0.0947 0.9954 0.0141
vn 0.1121 0.9937 0.0087
vn 0.1234 0.9924 0.0018
vn 0.1274 0.9918 -0.0073
vn 0.0471 0.9988 0.0133
vn 0.0970 0.9952 0.0147
vn 0.1158 0.9932 0.0090
vn 0.1283 0.9917 0.0023
vn 0.1310 0.9914 -0.0030
vn 0.0478 0.9987 0.0162
vn 0.0987 0.9950 0.0156
vn 0.1188 0.9929 0.0108
vn 0.1310 0.9914 0.0065
vn 0.1286 0.9917 0.0074
vn 0.0484 0.9987 0.0172
vn 0.1001 0.9949 0.0137
vn 0.1212 0.9926 0.0090
vn 0.1319 0.9912 0.0062
vn 0.1215 0.9925 0.0118
vn 0.0486 0.9986 0.0185
vn 0.1002 0.9948 0.0177
vn 0.1221 0.9921 0.0277
vn 0.1343 0.9902 0.0393
vn 0.1223 0.9914 0.0470
vn 0.0500 0.9983 0.0316
vn 0.1021 0.9935 0.0507
vn 0.1242 0.9892 0.0771
vn 0.1389 0.9863 0.0886
vn 0.1314 0.9879 0.0823
vn 0.0504 0.9973 0.0529
vn 0.1032 0.9906 0.0901
vn 0.1267 0.9861 0.1074
vn 0.1441 0.9847 0.0985
vn 0.1454 0.9861 0.0801
vn 0.0472 0.9961 0.0750
vn 0.1001 0.9893 0.1060
vn 0.1277 0.9857 0.1101
vn 0.1491 0.9839 0.0985
vn 0.1609 0.9834 0.0844
vn 0.0464 0.9927 0.1116
vn 0.0999 0.9883 0.1152
vn 0.1282 0.9856 0.1099
vn 0.1515 0.9836 0.0981
vn 0.1688 0.9820 0.0851
vn 0.0483 0.9883 0.1447
vn 0.1006 0.9876 0.1203
vn 0.1274 0.9858 0.1090
vn 0.1515 0.9838 0.0954
vn 0.1706 0.9819 0.0828
vn 0.0479 0.9877 0.1486
vn 0.0989 0.9878 0.1203
vn 0.1254 0.9862 0.1077
vn 0.1505 0.9841 0.0943
vn 0.1714 0.9817 0.0830
vn 0.0471 0.9872 0.1523
vn 0.0967 0.9881 0.1200
vn 0.1225 0.9867 0.1072
vn 0.1479 0.9845 0.0941
vn 0.1697 0.9820 0.0824
vn 0.0454 0.9868 0.1556
vn 0.0931 0.9885 0.1195
vn 0.1184 0.9872 0.1069
vn 0.1434 0.9852 0.0936
vn 0.1653 0.9830 0.0805
vn 0.0435 0.9862 0.1600
vn 0.0885 0.9889 0.1192
vn 0.1126 0.9879 0.1067
vn 0.1366 0.9863 0.0926
vn 0.1581 0.9844 0.0775
vn 0.0419 0.9852 0.1660
vn 0.0839 0.9893 0.1194
vn 0.1056 0.9887 0.1066
vn 0.1278 0.9876 0.0912
vn 0.1481 0.9862 0.0738
vn 0.0399 0.9840 0.1737
vn 0.0783 0.9897 0.1195
vn 0.0971 0.9896 0.1064
vn 0.1167 0.9891 0.0897
vn 0.1351 0.9884 0.0699
vn 0.0375 0.9821 0.1847
vn 0.0719 0.9902 0.1197
vn 0.0874 0.9905 0.1062
vn 0.1037 0.9907 0.0882
vn 0.1193 0.9907 0.0660
vn 0.0349 0.9786 0.2029
vn 0.0648 0.9907 0.1199
vn 0.0764 0.9914 0.1062
vn 0.0888 0.9922 0.0870
vn 0.1007 0.9929 0.0628
vn 0.0319 0.9701 0.2407
vn 0.0570 0.9911 0.1202
vn 0.0644 0.9923 0.1063
vn 0.0721 0.9937 0.0863
vn 0.0794 0.9950 0.0604
vn 0.0089 0.9305 0.3661
vn 0.0109 0.9926 0.1205
vn 0.0128 0.9942 0.1064
vn 0.0147 0.9962 0.0859
vn 0.0165 0.9981 0.0589
vn -0.0134 0.9705 0.2409
vn -0.0351 0.9920 0.1210
vn -0.0389 0.9935 0.1074
vn -0.0431 0.9952 0.0877
vn -0.0472 0.9970 0.0619
vn -0.0163 0.9789 0.2036
vn -0.0431 0.9917 0.1213
vn -0.0514 0.9928 0.1083
vn -0.0607 0.9941 0.0897
vn -0.0702 0.9954 0.0657
vn -0.0191 0.9823 0.1861
vn -0.0507 0.9913 0.1218
vn -0.0632 0.9920 0.1093
vn -0.0772 0.9928 0.0920
vn -0.0914 0.9933 0.0701
vn -0.0217 0.9842 0.1756
vn -0.0577 0.9908 0.1223
vn -0.0741 0.9911 0.1104
vn -0.0921 0.9913 0.0946
vn -0.1101 0.9911 0.0750
vn -0.0241 0.9855 0.1682
vn -0.0641 0.9904 0.1228
vn -0.0839 0.9902 0.1114
vn -0.1051 0.9897 0.0971
vn -0.1259 0.9888 0.0799
vn -0.0261 0.9863 0.1626
vn -0.0696 0.9899 0.1232
vn -0.0923 0.9894 0.1123
vn -0.1161 0.9883 0.0993
vn -0.1388 0.9867 0.0845
vn -0.0285 0.9869 0.1586
vn -0.0751 0.9894 0.1241
vn -0.0995 0.9886 0.1133
vn -0.1249 0.9870 0.1012
vn -0.1487 0.9849 0.0884
vn -0.0307 0.9873 0.1557
vn -0.0796 0.9889 0.1251
vn -0.1052 0.9879 0.1141
vn -0.1316 0.9860 0.1024
vn -0.1557 0.9836 0.0912
vn -0.0320 0.9878 0.1523
vn -0.0828 0.9886 0.1258
vn -0.1095 0.9873 0.1152
vn -0.1361 0.9853 0.1032
vn -0.1597 0.9828 0.0926
vn -0.0329 0.9883 0.1488
vn -0.0854 0.9883 0.1263
vn -0.1129 0.9867 0.1171
vn -0.1389 0.9847 0.1049
vn -0.1610 0.9826 0.0931
vn -0.0314 0.9928 0.1159
vn -0.0856 0.9889 0.1215
vn -0.1151 0.9863 0.1183
vn -0.1407 0.9841 0.1082
vn -0.1613 0.9822 0.0961
vn -0.0327 0.9963 0.0795
vn -0.0866 0.9899 0.1126
vn -0.1160 0.9861 0.1189
vn -0.1400 0.9841 0.1090
vn -0.1553 0.9832 0.0962
vn -0.0364 0.9977 0.0575
vn -0.0907 0.9911 0.0970
vn -0.1162 0.9864 0.1166
vn -0.1366 0.9846 0.1095
vn -0.1415 0.9856 0.0925
vn -0.0365 0.9987 0.0363
vn -0.0903 0.9942 0.0578
vn -0.1149 0.9896 0.0866
vn -0.1329 0.9861 0.1000
vn -0.1291 0.9870 0.0953
vn -0.0356 0.9991 0.0233
vn -0.0892 0.9957 0.0249
vn -0.1139 0.9928 0.0373
vn -0.1296 0.9903 0.0510
vn -0.1215 0.9908 0.0604
vn -0.0359 0.9991 0.0219
vn -0.0898 0.9957 0.0209
vn -0.1141 0.9933 0.0187
vn -0.1285 0.9915 0.0182
vn -0.1221 0.9922 0.0258
vn -0.0358 0.9991 0.0209
vn -0.0891 0.9958 0.0228
vn -0.1126 0.9934 0.0206
vn -0.1287 0.9915 0.0187
vn -0.1303 0.9912 0.0217
vn -0.0355 0.9992 0.0179
vn -0.0880 0.9959 0.0218
vn -0.1104 0.9937 0.0187
vn -0.1270 0.9918 0.0144
vn -0.1339 0.9909 0.0113
vn -0.0351 0.9993 0.0146
vn -0.0865 0.9960 0.0207
vn -0.1077 0.9940 0.0179
vn -0.1232 0.9923 0.0134
vn -0.1314 0.9913 0.0063
vn -0.0346 0.9993 0.0109
vn -0.0846 0.9962 0.0198
vn -0.1046 0.9944 0.0171
vn -0.1187 0.9929 0.0109
vn -0.1260 0.9920 -0.0000
vn -0.0337 0.9994 0.0076
vn -0.0823 0.9964 0.0191
vn -0.1012 0.9948 0.0145
vn -0.1142 0.9934 0.0049
vn -0.1203 0.9927 -0.0084
vn -0.0328 0.9995 0.0040
vn -0.0797 0.9967 0.0178
vn -0.0973 0.9952 0.0109
vn -0.1090 0.9940 -0.0011
vn -0.1144 0.9933 -0.0142
vn -0.0322 0.9995 -0.0003
vn -0.0771 0.9969 0.0158
vn -0.0928 0.9957 0.0073
vn -0.1029 0.9947 -0.0060
vn -0.1088 0.9939 -0.0169
vn -0.0311 0.9995 -0.0041
vn -0.0738 0.9972 0.0141
vn -0.0878 0.9961 0.0040
vn -0.0963 0.9953 -0.0092
vn -0.1029 0.9945 -0.0169
vn -0.0296 0.9995 -0.0078
vn -0.0698 0.9975 0.0126
vn -0.0822 0.9966 0.0011
vn -0.0898 0.9959 -0.0111
vn -0.0969 0.9952 -0.0151
vn -0.0279 0.9995 -0.0124
vn -0.0655 0.9978 0.0111
vn -0.0762 0.9971 -0.0013
vn -0.0833 0.9965 -0.0119
vn -0.0903 0.9958 -0.0124
vn -0.0260 0.9995 -0.0184
vn -0.0609 0.9981 0.0099
vn -0.0696 0.9976 -0.0031
vn -0.0761 0.9970 -0.0114
vn -0.0827 0.9965 -0.0090
vn -0.0240 0.9994 -0.0259
vn -0.0559 0.9984 0.0088
vn -0.0626 0.9980 -0.0043
vn -0.0682 0.9976 -0.0104
vn -0.0741 0.9972 -0.0055
vn -0.0223 0.9991 -0.0362
vn -0.0506 0.9987 0.0079
vn -0.0555 0.9984 -0.0050
vn -0.0599 0.9982 -0.0091
vn -0.0645 0.9979 -0.0022
vn -0.0368 0.9993 0.0041
vn -0.0450 0.9990 0.0072
vn -0.0483 0.9988 -0.0055
vn -0.0513 0.9987 -0.0079
vn -0.0541 0.9985 0.0008
vn -0.0302 0.9995 -0.0077
vn -0.0368 0.9993 0.0069
vn -0.0382 0.9993 -0.0054
vn -0.0392 0.9992 -0.0065
vn -0.0400 0.9992 0.0036
vn 0.0685 0.9973 0.0256
vn 0.0572 0.9979 0.0299
vn 0.0338 0.9988 0.0367
vn 0.0221 0.9990 0.0386
vn -0.0737 0.9971 0.0178
vn -0.0838 0.9964 0.0122
vn 0.0057 0.9989 -0.0456
vn 0.0284 0.9986 -0.0440
vn 0.0793 0.9966 0.0209
vn -0.0631 0.9977 0.0234
vn -0.0176 0.9988 -0.0447
vn 0.0892 0.9959 0.0165
vn -0.0520 0.9982 0.0284
vn -0.0355 0.9985 -0.0415
vn 0.0979 0.9951 0.0123
vn -0.0406 0.9986 0.0327
vn -0.0528 0.9979 -0.0364
vn 0.1044 0.9945 0.0058
vn -0.0291 0.9989 0.0360
vn -0.0688 0.9972 -0.0295
vn 0.1071 0.9942 -0.0029
vn -0.0115 0.9992 0.0386
vn -0.0831 0.9963 -0.0216
vn 0.1058 0.9944 -0.0063
vn -0.0956 0.9954 -0.0115
vn 0.1031 0.9947 -0.0043
vn 0.0455 0.9984 0.0337
vn -0.1059 0.9944 0.0035
vn 0.1016 0.9948 -0.0031
vn -0.1129 0.9934 0.0211
vn 0.1013 0.9948 -0.0073
vn -0.1155 0.9928 0.0320
vn 0.1004 0.9948 -0.0155
vn -0.1136 0.9930 0.0322
vn 0.0979 0.9951 -0.0126
vn -0.1078 0.9939 0.0237
vn 0.0971 0.9953 0.0032
vn -0.1004 0.9949 0.0094
vn 0.0984 0.9951 0.0095
vn -0.0974 0.9952 0.0035
vn 0.0983 0.9951 0.0044
vn -0.0973 0.9952 0.0075
vn 0.0992 0.9950 0.0083
vn -0.0964 0.9953 0.0020
vn 0.1019 0.9946 0.0202
vn -0.0976 0.9951 -0.0139
vn 0.1032 0.9943 0.0268
vn -0.1004 0.9948 -0.0177
vn 0.1038 0.9943 0.0257
vn -0.1014 0.9948 -0.0083
vn 0.1029 0.9946 0.0154
vn -0.1023 0.9947 -0.0062
vn 0.0993 0.9951 0.0006
vn -0.1049 0.9944 -0.0136
vn 0.0927 0.9956 -0.0117
vn -0.1066 0.9941 -0.0177
vn 0.0838 0.9963 -0.0204
vn -0.1052 0.9944 -0.0120
vn 0.0729 0.9969 -0.0280
vn -0.1005 0.9949 -0.0013
vn 0.0598 0.9976 -0.0348
vn 0.0083 0.9992 0.0396
vn -0.0929 0.9956 0.0067
vn 0.0449 0.9982 -0.0403
vn 0.5036 -0.0737 0.8608
vn 0.5074 -0.1749 0.8438
vn 0.6223 -0.1824 0.7612
vn 0.6220 -0.0879 0.7780
vn 0.0095 -0.9991 -0.0402
vn 0.0101 -0.9991 -0.0416
vn -0.0370 -0.9989 -0.0301
vn -0.0349 -0.9990 -0.0280
vn -0.0255 -0.9991 -0.0337
vn -0.0271 -0.9990 -0.0356
vn -0.0463 -0.9987 -0.0229
vn -0.0436 -0.9988 -0.0206
vn -0.0549 -0.9984 -0.0141
vn -0.0513 -0.9986 -0.0115
vn -0.0625 -0.9980 -0.0041
vn -0.0580 -0.9983 -0.0010
vn -0.0692 -0.9976 0.0068
vn -0.0635 -0.9979 0.0106
vn -0.0751 -0.9970 0.0178
vn -0.0680 -0.9974 0.0225
vn -0.0809 -0.9963 0.0278
vn -0.0718 -0.9968 0.0340
vn -0.0879 -0.9955 0.0340
vn -0.0766 -0.9961 0.0430
vn -0.0986 -0.9948 0.0269
vn -0.0899 -0.9952 0.0398
vn -0.1046 -0.9945 -0.0015
vn -0.1008 -0.9949 0.0057
vn -0.1031 -0.9945 -0.0164
vn -0.1000 -0.9948 -0.0175
vn -0.1007 -0.9949 -0.0080
vn -0.0973 -0.9952 -0.0093
vn -0.0975 -0.9952 -0.0004
vn -0.0938 -0.9956 -0.0019
vn -0.0950 -0.9955 0.0020
vn -0.0913 -0.9958 0.0014
vn -0.0960 -0.9954 0.0015
vn -0.0924 -0.9957 0.0027
vn -0.0996 -0.9950 0.0060
vn -0.0962 -0.9953 0.0077
vn -0.1010 -0.9948 -0.0102
vn -0.0962 -0.9952 -0.0167
vn -0.0937 -0.9948 -0.0388
vn -0.0837 -0.9952 -0.0504
vn -0.0836 -0.9955 -0.0456
vn -0.0715 -0.9960 -0.0530
vn -0.0784 -0.9961 -0.0392
vn -0.0688 -0.9967 -0.0440
vn -0.0747 -0.9968 -0.0288
vn -0.0671 -0.9972 -0.0323
vn -0.0707 -0.9974 -0.0170
vn -0.0647 -0.9977 -0.0197
vn -0.0659 -0.9978 -0.0049
vn -0.0611 -0.9981 -0.0070
vn -0.0598 -0.9982 0.0068
vn -0.0560 -0.9984 0.0051
vn -0.0524 -0.9985 0.0175
vn -0.0494 -0.9986 0.0162
vn -0.0441 -0.9987 0.0269
vn -0.0415 -0.9988 0.0258
vn -0.0350 -0.9988 0.0351
vn -0.0325 -0.9989 0.0335
vn -0.0251 -0.9988 0.0422
vn -0.0225 -0.9990 0.0394
vn -0.0140 -0.9987 0.0481
vn -0.0118 -0.9990 0.0440
vn -0.0007 -0.9987 0.0512
vn -0.0002 -0.9989 0.0463
vn 0.0133 -0.9987 0.0501
vn 0.0117 -0.9989 0.0447
vn 0.0256 -0.9986 0.0455
vn 0.0228 -0.9989 0.0401
vn 0.0365 -0.9986 0.0384
vn 0.0328 -0.9989 0.0338
vn 0.0458 -0.9985 0.0292
vn 0.0416 -0.9988 0.0258
vn 0.0537 -0.9984 0.0185
vn 0.0494 -0.9986 0.0162
vn 0.0603 -0.9982 0.0070
vn 0.0560 -0.9984 0.0051
vn 0.0659 -0.9978 -0.0049
vn 0.0611 -0.9981 -0.0070
vn 0.0707 -0.9974 -0.0170
vn 0.0647 -0.9977 -0.0197
vn 0.0747 -0.9968 -0.0288
vn 0.0671 -0.9972 -0.0323
vn 0.0784 -0.9961 -0.0392
vn 0.0688 -0.9967 -0.0440
vn 0.0836 -0.9955 -0.0456
vn 0.0715 -0.9960 -0.0530
vn 0.0937 -0.9948 -0.0388
vn 0.0837 -0.9952 -0.0504
vn 0.1010 -0.9948 -0.0102
vn 0.0962 -0.9952 -0.0167
vn 0.0996 -0.9950 0.0060
vn 0.0962 -0.9953 0.0077
vn 0.0960 -0.9954 0.0015
vn 0.0924 -0.9957 0.0027
vn 0.0950 -0.9955 0.0020
vn 0.0913 -0.9958 0.0014
vn 0.0975 -0.9952 -0.0004
vn 0.0938 -0.9956 -0.0019
vn 0.1007 -0.9949 -0.0080
vn 0.0973 -0.9952 -0.0093
vn 0.1011 -0.9948 0.0077
vn 0.0963 -0.9952 0.0146
vn 0.0929 -0.9950 0.0361
vn 0.0827 -0.9954 0.0481
vn 0.0820 -0.9957 0.0429
vn 0.0696 -0.9963 0.0508
vn 0.0759 -0.9964 0.0367
vn 0.0660 -0.9969 0.0420
vn 0.0715 -0.9971 0.0267
vn 0.0637 -0.9975 0.0307
vn 0.0671 -0.9976 0.0154
vn 0.0608 -0.9980 0.0187
vn 0.0620 -0.9981 0.0040
vn 0.0569 -0.9984 0.0068
vn 0.0559 -0.9984 -0.0070
vn 0.0518 -0.9986 -0.0046
vn 0.0487 -0.9987 -0.0170
vn 0.0455 -0.9989 -0.0150
vn 0.0406 -0.9988 -0.0257
vn 0.0380 -0.9990 -0.0239
vn 0.0316 -0.9990 -0.0328
vn 0.0296 -0.9991 -0.0311
vn 0.0220 -0.9990 -0.0382
vn 0.0205 -0.9991 -0.0366
vn 0.1911 -0.1711 0.9665
vn 0.1959 -0.0866 0.9768
vn 0.3074 -0.0880 0.9475
vn 0.3006 -0.1726 0.9380
vn -0.0081 -0.9999 -0.0143
vn -0.0072 -0.9990 -0.0441
vn 0.0117 -0.9990 -0.0433
vn 0.0091 -0.9999 -0.0141
vn -0.0062 -0.9990 -0.0450
vn 0.0115 -0.9989 -0.0444
vn -0.0051 -0.9990 -0.0442
vn 0.0110 -0.9990 -0.0438
vn 0.0281 -0.9988 -0.0404
vn 0.0237 -0.9996 -0.0119
vn 0.0267 -0.9988 -0.0414
vn 0.0246 -0.9989 -0.0406
vn -0.1919 -0.1709 0.9664
vn -0.1963 -0.0864 0.9767
vn -0.0850 -0.0859 0.9927
vn -0.0831 -0.1699 0.9820
vn 0.0397 -0.9986 -0.0362
vn 0.0322 -0.9994 -0.0089
vn 0.0379 -0.9986 -0.0367
vn 0.0352 -0.9987 -0.0355
vn -0.3013 -0.1721 0.9379
vn -0.3077 -0.0877 0.9474
vn 0.0511 -0.9982 -0.0308
vn 0.0407 -0.9992 -0.0053
vn 0.0488 -0.9983 -0.0305
vn 0.0453 -0.9986 -0.0289
vn -0.4083 -0.1743 0.8960
vn -0.4166 -0.0900 0.9046
vn 0.0621 -0.9978 -0.0243
vn 0.0489 -0.9988 -0.0011
vn 0.0593 -0.9980 -0.0231
vn 0.0548 -0.9983 -0.0207
vn -0.5103 -0.1776 0.8415
vn -0.5203 -0.0932 0.8489
vn 0.0726 -0.9972 -0.0170
vn 0.0568 -0.9984 0.0033
vn 0.0692 -0.9975 -0.0148
vn 0.0635 -0.9979 -0.0114
vn -0.6049 -0.1831 0.7749
vn -0.6172 -0.0989 0.7806
vn 0.0826 -0.9965 -0.0095
vn 0.0643 -0.9979 0.0074
vn 0.0785 -0.9969 -0.0059
vn 0.0715 -0.9974 -0.0013
vn -0.6899 -0.1949 0.6972
vn -0.7062 -0.1120 0.6991
vn 0.0920 -0.9958 -0.0023
vn 0.0715 -0.9974 0.0109
vn 0.0872 -0.9962 0.0028
vn 0.0788 -0.9969 0.0089
vn -0.7613 -0.2154 0.6116
vn -0.7814 -0.1356 0.6091
vn 0.1006 -0.9949 0.0037
vn 0.0783 -0.9968 0.0148
vn 0.0956 -0.9954 0.0104
vn 0.0858 -0.9961 0.0184
vn -0.8196 -0.2395 0.5205
vn -0.8407 -0.1638 0.5161
vn 0.1078 -0.9941 0.0085
vn 0.0830 -0.9963 0.0206
vn 0.1037 -0.9945 0.0152
vn 0.0931 -0.9953 0.0257
vn -0.8651 -0.2599 0.4290
vn -0.8858 -0.1875 0.4245
vn 0.1112 -0.9937 0.0118
vn 0.0829 -0.9963 0.0247
vn 0.1105 -0.9938 0.0155
vn 0.1015 -0.9945 0.0275
vn -0.8975 -0.2746 0.3450
vn -0.9174 -0.2047 0.3413
vn 0.1081 -0.9941 0.0092
vn 0.0783 -0.9967 0.0205
vn 0.1124 -0.9936 0.0079
vn 0.1079 -0.9940 0.0166
vn -0.9199 -0.2848 0.2696
vn -0.9390 -0.2166 0.2673
vn 0.1019 -0.9948 0.0030
vn 0.0733 -0.9972 0.0117
vn 0.1091 -0.9940 -0.0018
vn 0.1089 -0.9941 -0.0014
vn -0.9352 -0.2907 0.2022
vn -0.9536 -0.2234 0.2019
vn 0.0979 -0.9952 0.0040
vn 0.0710 -0.9974 0.0109
vn 0.1055 -0.9944 -0.0012
vn 0.1069 -0.9943 -0.0052
vn -0.9461 -0.2934 0.1370
vn -0.9643 -0.2269 0.1367
vn 0.0951 -0.9954 0.0117
vn 0.0692 -0.9974 0.0179
vn 0.1024 -0.9947 0.0068
vn 0.1041 -0.9946 0.0027
vn -0.9531 -0.2943 0.0702
vn -0.9713 -0.2279 0.0686
vn 0.0915 -0.9958 0.0085
vn 0.0660 -0.9977 0.0122
vn 0.0992 -0.9950 0.0053
vn 0.1017 -0.9948 0.0033
vn -0.9557 -0.2943 0.0006
vn -0.9737 -0.2280 -0.0013
vn 0.0900 -0.9959 -0.0034
vn 0.0650 -0.9979 -0.0049
vn 0.0985 -0.9951 -0.0026
vn 0.1022 -0.9948 -0.0007
vn -0.9528 -0.2947 -0.0733
vn -0.9707 -0.2285 -0.0745
vn 0.0906 -0.9959 -0.0055
vn 0.0662 -0.9977 -0.0110
vn 0.0999 -0.9950 -0.0018
vn 0.1051 -0.9945 0.0025
vn -0.9449 -0.2949 -0.1420
vn -0.9629 -0.2290 -0.1427
vn 0.0914 -0.9958 -0.0046
vn 0.0671 -0.9977 -0.0099
vn 0.1020 -0.9948 -0.0023
vn 0.1079 -0.9942 -0.0020
vn -0.9322 -0.2944 -0.2104
vn -0.9503 -0.2282 -0.2119
vn 0.0947 -0.9954 -0.0148
vn 0.0708 -0.9973 -0.0201
vn 0.1049 -0.9944 -0.0145
vn 0.1080 -0.9939 -0.0204
vn -0.9137 -0.2926 -0.2820
vn -0.9322 -0.2254 -0.2831
vn 0.1001 -0.9946 -0.0262
vn 0.0782 -0.9963 -0.0358
vn 0.1060 -0.9941 -0.0243
vn 0.1027 -0.9942 -0.0313
vn -0.8894 -0.2886 -0.3546
vn -0.9091 -0.2205 -0.3535
vn 0.1051 -0.9941 -0.0268
vn 0.0856 -0.9954 -0.0434
vn 0.1039 -0.9943 -0.0230
vn 0.0952 -0.9950 -0.0292
vn -0.8565 -0.2808 -0.4330
vn -0.8775 -0.2111 -0.4306
vn 0.1078 -0.9940 -0.0178
vn 0.0910 -0.9950 -0.0407
vn 0.1000 -0.9949 -0.0156
vn 0.0886 -0.9958 -0.0216
vn -0.8130 -0.2694 -0.5163
vn -0.8350 -0.1974 -0.5136
vn 0.1063 -0.9943 -0.0045
vn 0.0917 -0.9954 -0.0290
vn 0.0953 -0.9954 -0.0058
vn 0.0827 -0.9965 -0.0116
vn -0.7564 -0.2549 -0.6025
vn -0.7792 -0.1801 -0.6004
vn 0.1009 -0.9949 0.0080
vn 0.0869 -0.9961 -0.0154
vn 0.0903 -0.9959 0.0055
vn 0.0772 -0.9970 -0.0000
vn -0.6847 -0.2367 -0.6893
vn -0.7076 -0.1584 -0.6886
vn 0.0926 -0.9955 0.0195
vn 0.0788 -0.9969 -0.0049
vn 0.0839 -0.9963 0.0181
vn 0.0713 -0.9974 0.0124
vn -0.6002 -0.2152 -0.7704
vn -0.6216 -0.1325 -0.7720
vn 0.0818 -0.9962 0.0307
vn 0.0692 -0.9976 0.0030
vn 0.0753 -0.9967 0.0307
vn 0.0644 -0.9976 0.0250
vn -0.5065 -0.1960 -0.8397
vn -0.5236 -0.1095 -0.8449
vn 0.0685 -0.9968 0.0409
vn 0.0580 -0.9983 0.0100
vn 0.0640 -0.9971 0.0421
vn 0.0554 -0.9978 0.0369
vn -0.4048 -0.1849 -0.8955
vn -0.4165 -0.0965 -0.9040
vn 0.0531 -0.9974 0.0495
vn 0.0451 -0.9989 0.0163
vn 0.0502 -0.9974 0.0517
vn 0.0441 -0.9979 0.0472
vn -0.2984 -0.1806 -0.9372
vn -0.3064 -0.0918 -0.9475
vn 0.0359 -0.9978 0.0559
vn 0.0307 -0.9993 0.0212
vn 0.0343 -0.9977 0.0588
vn 0.0307 -0.9980 0.0549
vn -0.1903 -0.1792 -0.9652
vn -0.1956 -0.0904 -0.9765
vn 0.0179 -0.9981 0.0597
vn 0.0154 -0.9996 0.0241
vn 0.0173 -0.9979 0.0630
vn 0.0158 -0.9981 0.0593
vn -0.0818 -0.1781 -0.9806
vn -0.0844 -0.0895 -0.9924
vn -0.0045 -0.9982 0.0605
vn -0.0054 -0.9997 0.0243
vn -0.0033 -0.9980 0.0636
vn -0.0019 -0.9982 0.0599
vn -0.0012 -0.1771 -0.9842
vn -0.0006 -0.0892 -0.9960
vn -0.0261 -0.9980 0.0580
vn -0.0255 -0.9994 0.0231
vn -0.0231 -0.9979 0.0606
vn -0.0187 -0.9982 0.0562
vn 0.0794 -0.1777 -0.9809
vn 0.0832 -0.0893 -0.9925
vn -0.0423 -0.9977 0.0527
vn -0.0392 -0.9990 0.0192
vn -0.0378 -0.9978 0.0542
vn -0.0313 -0.9983 0.0492
vn 0.1883 -0.1786 -0.9657
vn 0.1946 -0.0901 -0.9767
vn -0.0564 -0.9974 0.0452
vn -0.0510 -0.9986 0.0138
vn -0.0501 -0.9977 0.0454
vn -0.0418 -0.9983 0.0403
vn 0.2969 -0.1797 -0.9379
vn 0.3056 -0.0913 -0.9478
vn -0.0680 -0.9970 0.0360
vn -0.0607 -0.9981 0.0073
vn -0.0599 -0.9976 0.0348
vn -0.0508 -0.9982 0.0304
vn 0.4039 -0.1832 -0.8963
vn 0.4158 -0.0954 -0.9045
vn -0.0770 -0.9967 0.0257
vn -0.0683 -0.9977 0.0005
vn -0.0678 -0.9974 0.0236
vn -0.0590 -0.9981 0.0202
vn 0.5063 -0.1932 -0.8404
vn 0.5231 -0.1072 -0.8455
vn -0.0839 -0.9964 0.0151
vn -0.0740 -0.9972 -0.0065
vn -0.0748 -0.9971 0.0127
vn -0.0671 -0.9977 0.0098
vn 0.6005 -0.2111 -0.7712
vn 0.6215 -0.1289 -0.7727
vn -0.0897 -0.9960 0.0052
vn -0.0782 -0.9968 -0.0149
vn -0.0821 -0.9966 0.0025
vn -0.0748 -0.9972 -0.0009
vn 0.6855 -0.2322 -0.6900
vn 0.7078 -0.1544 -0.6894
vn -0.0955 -0.9954 -0.0047
vn -0.0806 -0.9964 -0.0256
vn -0.0898 -0.9959 -0.0068
vn -0.0818 -0.9966 -0.0117
vn 0.7579 -0.2502 -0.6025
vn 0.7798 -0.1761 -0.6008
vn -0.1006 -0.9948 -0.0153
vn -0.0803 -0.9961 -0.0354
vn -0.0976 -0.9951 -0.0153
vn -0.0884 -0.9958 -0.0216
vn 0.8149 -0.2644 -0.5158
vn 0.8360 -0.1933 -0.5136
vn -0.1027 -0.9944 -0.0235
vn -0.0781 -0.9962 -0.0385
vn -0.1040 -0.9943 -0.0220
vn -0.0952 -0.9950 -0.0292
vn 0.8586 -0.2757 -0.4321
vn 0.8787 -0.2067 -0.4304
vn -0.1014 -0.9946 -0.0238
vn -0.0750 -0.9967 -0.0325
vn -0.1075 -0.9939 -0.0231
vn -0.1027 -0.9942 -0.0312
vn 0.8913 -0.2839 -0.3536
vn 0.9103 -0.2163 -0.3531
vn -0.0974 -0.9952 -0.0136
vn -0.0708 -0.9973 -0.0189
vn -0.1070 -0.9942 -0.0135
vn -0.1082 -0.9939 -0.0202
vn 0.9152 -0.2888 -0.2812
vn 0.9333 -0.2217 -0.2825
vn -0.0943 -0.9955 -0.0046
vn -0.0684 -0.9976 -0.0105
vn -0.1042 -0.9945 -0.0020
vn -0.1083 -0.9941 -0.0019
vn 0.9334 -0.2916 -0.2094
vn 0.9513 -0.2251 -0.2107
vn -0.0931 -0.9956 -0.0063
vn -0.0676 -0.9976 -0.0127
vn -0.1018 -0.9948 -0.0020
vn -0.1054 -0.9944 0.0025
vn 0.9458 -0.2929 -0.1403
vn 0.9638 -0.2267 -0.1406
vn -0.0918 -0.9958 -0.0040
vn -0.0659 -0.9978 -0.0059
vn -0.0999 -0.9950 -0.0028
vn -0.1024 -0.9947 -0.0007
vn 0.9533 -0.2931 -0.0724
vn 0.9712 -0.2266 -0.0733
vn -0.0928 -0.9957 0.0079
vn -0.0666 -0.9977 0.0112
vn -0.1002 -0.9950 0.0051
vn -0.1018 -0.9948 0.0032
vn 0.9561 -0.2932 0.0015
vn 0.9740 -0.2266 -0.0001
vn -0.0957 -0.9954 0.0106
vn -0.0693 -0.9975 0.0161
vn -0.1029 -0.9947 0.0064
vn -0.1041 -0.9946 0.0027
vn 0.9532 -0.2936 0.0719
vn 0.9713 -0.2271 0.0709
vn -0.0981 -0.9952 0.0035
vn -0.0709 -0.9974 0.0102
vn -0.1056 -0.9944 -0.0013
vn -0.1069 -0.9943 -0.0052
vn 0.9461 -0.2932 0.1376
vn 0.9642 -0.2266 0.1377
vn -0.1010 -0.9949 -0.0023
vn -0.0725 -0.9973 0.0079
vn -0.1083 -0.9941 -0.0094
vn -0.1087 -0.9940 -0.0139
vn 0.9353 -0.2908 0.2017
vn 0.9536 -0.2237 0.2017
vn -0.1065 -0.9943 -0.0051
vn -0.0765 -0.9970 0.0097
vn -0.1121 -0.9936 -0.0117
vn -0.1107 -0.9938 -0.0111
vn 0.9202 -0.2852 0.2681
vn 0.9391 -0.2170 0.2666
vn -0.1125 -0.9936 -0.0039
vn -0.0825 -0.9965 0.0121
vn -0.1150 -0.9934 -0.0039
vn -0.1110 -0.9938 0.0062
vn 0.8980 -0.2755 0.3431
vn 0.9176 -0.2054 0.3402
vn -0.1132 -0.9936 -0.0027
vn -0.0859 -0.9962 0.0109
vn -0.1124 -0.9937 0.0039
vn -0.1052 -0.9943 0.0170
vn 0.8656 -0.2614 0.4271
vn 0.8861 -0.1887 0.4233
vn -0.1077 -0.9942 -0.0038
vn -0.0831 -0.9965 0.0074
vn -0.1049 -0.9945 0.0043
vn -0.0963 -0.9952 0.0154
vn 0.8200 -0.2417 0.5189
vn 0.8411 -0.1656 0.5149
vn -0.0994 -0.9950 -0.0071
vn -0.0772 -0.9970 0.0054
vn -0.0959 -0.9954 -0.0002
vn -0.0878 -0.9961 0.0084
vn 0.7614 -0.2176 0.6107
vn 0.7817 -0.1374 0.6083
vn -0.0898 -0.9959 -0.0124
vn -0.0703 -0.9975 0.0036
vn -0.0864 -0.9962 -0.0072
vn -0.0794 -0.9968 -0.0006
vn 0.6898 -0.1966 0.6968
vn 0.7065 -0.1133 0.6986
vn -0.0794 -0.9967 -0.0186
vn -0.0627 -0.9980 0.0008
vn -0.0764 -0.9970 -0.0150
vn -0.0707 -0.9975 -0.0100
vn 0.6047 -0.1843 0.7749
vn 0.6173 -0.0996 0.7804
vn -0.0684 -0.9973 -0.0251
vn -0.0546 -0.9985 -0.0027
vn -0.0659 -0.9976 -0.0227
vn -0.0613 -0.9979 -0.0191
vn 0.5098 -0.1784 0.8416
vn 0.5201 -0.0937 0.8490
vn -0.0569 -0.9979 -0.0310
vn -0.0461 -0.9989 -0.0063
vn -0.0549 -0.9980 -0.0298
vn -0.0513 -0.9983 -0.0270
vn 0.4077 -0.1750 0.8962
vn 0.4163 -0.0904 0.9047
vn -0.0452 -0.9983 -0.0361
vn -0.0373 -0.9993 -0.0095
vn -0.0435 -0.9984 -0.0357
vn -0.0408 -0.9986 -0.0337
vn -0.0332 -0.9986 -0.0400
vn -0.0285 -0.9995 -0.0121
vn -0.0319 -0.9987 -0.0402
vn -0.0298 -0.9988 -0.0387
vn -0.0170 -0.9997 0.0164
vn -0.0195 -0.9997 -0.0138
vn -0.0085 -0.9998 0.0159
vn -0.0213 -0.9989 -0.0427
vn -0.0202 -0.9989 -0.0433
vn -0.0186 -0.9989 -0.0423
vn 0.0810 -0.1698 0.9821
vn 0.0840 -0.0855 0.9928
vn 0.0936 -0.0282 0.9952
vn 0.0993 -0.1372 0.9855
vn 0.2392 -0.1507 0.9592
vn 0.2274 -0.0395 0.9730
vn -0.8056 -0.1133 0.5815
vn -0.8029 -0.1924 0.5642
vn -0.7212 -0.1879 0.6667
vn -0.7229 -0.1009 0.6836
vn 0.1348 -0.0514 -0.9895
vn 0.1455 -0.1657 -0.9754
vn -0.0036 -0.1552 -0.9879
vn -0.0016 -0.0408 -0.9992
vn 0.7214 -0.1878 0.6665
vn 0.7233 -0.1006 0.6832
vn -0.6222 -0.1824 0.7613
vn -0.6216 -0.0881 0.7783
vn -0.1512 -0.1655 -0.9746
vn -0.1369 -0.0515 -0.9892
vn 0.8032 -0.1921 0.5639
vn 0.8060 -0.1128 0.5810
vn -0.5074 -0.1748 0.8438
vn -0.5032 -0.0737 0.8610
vn -0.2816 -0.1808 -0.9423
vn -0.2747 -0.0714 -0.9589
vn 0.8666 -0.1964 0.4588
vn 0.8698 -0.1256 0.4772
vn -0.3789 -0.1643 0.9107
vn -0.3696 -0.0567 0.9275
vn -0.4052 -0.1936 -0.8935
vn -0.4044 -0.0890 -0.9103
vn 0.9118 -0.2018 0.3577
vn 0.9152 -0.1399 0.3779
vn -0.2393 -0.1504 0.9592
vn -0.2271 -0.0394 0.9731
vn -0.5197 -0.2039 -0.8296
vn -0.5235 -0.1048 -0.8456
vn 0.9405 -0.2095 0.2674
vn 0.9443 -0.1564 0.2897
vn -0.0999 -0.1368 0.9855
vn -0.0935 -0.0281 0.9952
vn -0.6229 -0.2121 -0.7530
vn -0.6297 -0.1190 -0.7677
vn 0.9557 -0.2206 0.1947
vn 0.9599 -0.1753 0.2187
vn -0.0007 -0.0851 0.9964
vn -0.0000 -0.0027 1.0000
vn 0.0863 -0.0029 0.9963
vn -0.7124 -0.2185 -0.6669
vn -0.7209 -0.1322 -0.6803
vn 0.9608 -0.2355 0.1459
vn 0.9659 -0.1955 0.1699
vn 0.3789 -0.1645 0.9107
vn 0.3699 -0.0568 0.9273
vn -0.7864 -0.2235 -0.5759
vn -0.7956 -0.1447 -0.5883
vn 0.9591 -0.2537 0.1255
vn 0.9658 -0.2142 0.1461
vn -0.8439 -0.2273 -0.4859
vn -0.8530 -0.1567 -0.4978
vn 0.9576 -0.2715 0.0962
vn 0.9674 -0.2274 0.1119
vn -0.8852 -0.2305 -0.4041
vn -0.8942 -0.1684 -0.4148
vn 0.9569 -0.2832 0.0645
vn 0.9704 -0.2321 0.0670
vn -0.9124 -0.2330 -0.3365
vn -0.9212 -0.1794 -0.3452
vn 0.9585 -0.2852 -0.0006
vn 0.9729 -0.2314 -0.0025
vn -0.9288 -0.2345 -0.2870
vn -0.9374 -0.1887 -0.2926
vn 0.9573 -0.2805 -0.0704
vn 0.9707 -0.2282 -0.0748
vn -0.9423 -0.2378 -0.2356
vn -0.9490 -0.1979 -0.2456
vn 0.9585 -0.2658 -0.1030
vn 0.9681 -0.2217 -0.1170
vn -0.9545 -0.2482 -0.1656
vn -0.9610 -0.2094 -0.1806
vn 0.9547 -0.2490 -0.1627
vn 0.9612 -0.2103 -0.1785
vn -0.9584 -0.2649 -0.1066
vn -0.9679 -0.2208 -0.1197
vn 0.9428 -0.2385 -0.2330
vn 0.9492 -0.1989 -0.2437
vn -0.9572 -0.2796 -0.0744
vn -0.9707 -0.2274 -0.0776
vn 0.9290 -0.2350 -0.2860
vn 0.9372 -0.1896 -0.2927
vn -0.9587 -0.2843 -0.0046
vn -0.9731 -0.2304 -0.0055
vn 0.9128 -0.2331 -0.3355
vn 0.9211 -0.1802 -0.3451
vn -0.9574 -0.2825 0.0600
vn -0.9709 -0.2314 0.0623
vn 0.8857 -0.2303 -0.4031
vn 0.8942 -0.1691 -0.4146
vn -0.9579 -0.2712 0.0944
vn -0.9676 -0.2272 0.1098
vn 0.8445 -0.2271 -0.4850
vn 0.8531 -0.1573 -0.4974
vn -0.9591 -0.2538 0.1257
vn -0.9658 -0.2142 0.1461
vn 0.7872 -0.2233 -0.5749
vn 0.7958 -0.1452 -0.5879
vn -0.9607 -0.2358 0.1464
vn -0.9658 -0.1957 0.1700
vn 0.7130 -0.2186 -0.6662
vn 0.7213 -0.1327 -0.6798
vn -0.9555 -0.2211 0.1955
vn -0.9598 -0.1756 0.2190
vn 0.6227 -0.2123 -0.7531
vn 0.6300 -0.1195 -0.7673
vn -0.9402 -0.2101 0.2681
vn -0.9440 -0.1569 0.2901
vn 0.5185 -0.2042 -0.8304
vn 0.5235 -0.1053 -0.8455
vn -0.0572 -0.9983 -0.0119
vn -0.0285 -0.9976 0.0635
vn -0.0261 -0.9977 0.0631
vn -0.0441 -0.9989 -0.0153
vn -0.9114 -0.2023 0.3583
vn -0.9149 -0.1405 0.3784
vn 0.4028 -0.1940 -0.8945
vn 0.4040 -0.0895 -0.9104
vn -0.0005 -0.1309 0.9914
vn -0.0000 -0.0249 0.9997
vn -0.8662 -0.1968 0.4593
vn -0.8694 -0.1261 0.4777
vn 0.2779 -0.1813 -0.9433
vn 0.2738 -0.0716 -0.9591
vn 0.0190 -0.9466 0.3217
vn -0.0039 -0.9440 0.3300
vn -0.0041 -0.9978 0.0656
vn 0.0643 -0.7613 0.6452
vn -0.0033 -0.7548 0.6559
vn 0.0923 -0.4404 0.8930
vn -0.0020 -0.4325 0.9016
vn 0.0530 -0.9492 0.3103
vn 0.1470 -0.7705 0.6202
vn 0.2166 -0.4546 0.8640
vn -0.0303 -0.9975 0.0636
vn 0.0858 -0.9514 0.2959
vn 0.2255 -0.7770 0.5877
vn 0.3358 -0.4655 0.8189
vn -0.0315 -0.9975 0.0632
vn 0.1174 -0.9533 0.2782
vn 0.2998 -0.7812 0.5476
vn 0.4466 -0.4721 0.7600
vn -0.0321 -0.9976 0.0621
vn 0.1478 -0.9550 0.2571
vn 0.3694 -0.7832 0.5001
vn 0.5477 -0.4752 0.6887
vn -0.0319 -0.9977 0.0602
vn 0.1767 -0.9563 0.2330
vn 0.4336 -0.7831 0.4458
vn 0.6372 -0.4753 0.6067
vn -0.0312 -0.9979 0.0576
vn 0.2039 -0.9570 0.2062
vn 0.4912 -0.7808 0.3861
vn 0.7135 -0.4728 0.5170
vn -0.0298 -0.9981 0.0543
vn 0.2288 -0.9571 0.1777
vn 0.5412 -0.7763 0.3231
vn 0.7751 -0.4686 0.4238
vn -0.0278 -0.9983 0.0504
vn 0.2513 -0.9564 0.1490
vn 0.5826 -0.7699 0.2602
vn 0.8214 -0.4635 0.3324
vn -0.0252 -0.9986 0.0461
vn 0.2711 -0.9548 0.1218
vn 0.6153 -0.7621 0.2016
vn 0.8529 -0.4589 0.2492
vn -0.0221 -0.9989 0.0420
vn 0.2885 -0.9524 0.0985
vn 0.6396 -0.7535 0.1519
vn 0.8714 -0.4561 0.1805
vn -0.0189 -0.9991 0.0392
vn 0.3038 -0.9492 0.0825
vn 0.6570 -0.7449 0.1165
vn 0.8797 -0.4566 0.1327
vn -0.0167 -0.9991 0.0389
vn 0.3191 -0.9446 0.0769
vn 0.6693 -0.7363 0.0992
vn 0.8798 -0.4622 0.1106
vn -0.0095 -0.9996 0.0250
vn 0.3523 -0.9346 0.0493
vn 0.6848 -0.7263 0.0602
vn 0.8760 -0.4764 0.0758
vn -0.0170 -0.9999 -0.0025
vn 0.0985 -0.9951 0.0103
vn 0.6037 -0.7964 0.0351
vn 0.6851 -0.7274 0.0389
vn 0.8633 -0.5019 0.0536
vn -0.0171 -0.9995 -0.0255
vn 0.0837 -0.9962 -0.0241
vn 0.6067 -0.7949 -0.0085
vn 0.6816 -0.7317 -0.0046
vn 0.8577 -0.5141 0.0005
vn -0.0300 -0.9984 -0.0486
vn 0.0710 -0.9961 -0.0524
vn 0.5847 -0.8095 -0.0532
vn 0.6703 -0.7404 -0.0507
vn 0.8592 -0.5082 -0.0590
vn -0.0367 -0.9979 -0.0541
vn 0.3172 -0.9462 -0.0639
vn 0.6666 -0.7419 -0.0727
vn 0.8729 -0.4800 -0.0868
vn -0.0538 -0.9968 -0.0590
vn 0.2817 -0.9541 -0.1016
vn 0.6506 -0.7468 -0.1377
vn 0.8735 -0.4623 -0.1527
vn -0.0658 -0.9943 -0.0844
vn 0.2591 -0.9540 -0.1509
vn 0.6223 -0.7545 -0.2083
vn 0.8564 -0.4627 -0.2293
vn -0.0851 -0.9914 -0.0993
vn 0.2211 -0.9576 -0.1845
vn 0.5834 -0.7696 -0.2594
vn 0.8331 -0.4729 -0.2870
vn -0.0953 -0.9900 -0.1038
vn 0.1970 -0.9600 -0.1989
vn 0.5527 -0.7812 -0.2903
vn 0.8105 -0.4825 -0.3320
vn -0.1038 -0.9888 -0.1074
vn 0.1726 -0.9610 -0.2162
vn 0.5169 -0.7899 -0.3301
vn 0.7782 -0.4905 -0.3922
vn -0.1103 -0.9879 -0.1091
vn 0.1473 -0.9608 -0.2349
vn 0.4744 -0.7960 -0.3760
vn 0.7336 -0.4969 -0.4636
vn -0.1143 -0.9875 -0.1088
vn 0.1212 -0.9597 -0.2533
vn 0.4253 -0.7996 -0.4240
vn 0.6757 -0.5013 -0.5405
vn -0.1156 -0.9876 -0.1066
vn 0.0952 -0.9581 -0.2702
vn 0.3705 -0.8008 -0.4705
vn 0.6047 -0.5032 -0.6173
vn -0.1136 -0.9882 -0.1029
vn 0.0698 -0.9561 -0.2847
vn 0.3113 -0.7995 -0.5137
vn 0.5217 -0.5021 -0.6897
vn -0.1082 -0.9893 -0.0980
vn 0.0457 -0.9537 -0.2972
vn 0.2487 -0.7955 -0.5526
vn 0.4294 -0.4975 -0.7537
vn -0.0990 -0.9908 -0.0927
vn 0.0239 -0.9510 -0.3083
vn 0.1857 -0.7893 -0.5852
vn 0.3305 -0.4912 -0.8059
vn -0.0861 -0.9924 -0.0881
vn 0.0046 -0.9483 -0.3175
vn 0.1223 -0.7828 -0.6101
vn 0.2268 -0.4825 -0.8460
vn -0.0687 -0.9940 -0.0853
vn -0.0121 -0.9459 -0.3243
vn 0.0587 -0.7760 -0.6280
vn 0.1192 -0.4710 -0.8741
vn -0.0194 -0.9958 -0.0889
vn -0.0192 -0.9420 -0.3351
vn -0.0154 -0.7680 -0.6403
vn -0.0090 -0.4599 -0.8879
vn 0.0318 -0.9957 -0.0876
vn -0.0240 -0.9454 -0.3251
vn -0.0875 -0.7749 -0.6260
vn -0.1356 -0.4703 -0.8720
vn 0.0541 -0.9943 -0.0918
vn -0.0349 -0.9468 -0.3199
vn -0.1457 -0.7806 -0.6078
vn -0.2397 -0.4814 -0.8431
vn 0.0731 -0.9927 -0.0963
vn -0.0481 -0.9487 -0.3126
vn -0.2040 -0.7856 -0.5841
vn -0.3400 -0.4899 -0.8028
vn 0.0870 -0.9911 -0.1009
vn -0.0650 -0.9511 -0.3019
vn -0.2627 -0.7900 -0.5541
vn -0.4354 -0.4959 -0.7513
vn 0.0964 -0.9896 -0.1063
vn -0.0838 -0.9538 -0.2885
vn -0.3200 -0.7939 -0.5170
vn -0.5244 -0.4995 -0.6895
vn 0.1022 -0.9885 -0.1115
vn -0.1046 -0.9562 -0.2734
vn -0.3747 -0.7972 -0.4733
vn -0.6050 -0.5010 -0.6189
vn 0.1045 -0.9878 -0.1151
vn -0.1272 -0.9578 -0.2576
vn -0.4271 -0.7975 -0.4262
vn -0.6748 -0.5007 -0.5421
vn 0.1035 -0.9877 -0.1169
vn -0.1502 -0.9588 -0.2410
vn -0.4738 -0.7946 -0.3797
vn -0.7323 -0.4971 -0.4655
vn 0.0998 -0.9882 -0.1166
vn -0.1729 -0.9591 -0.2240
vn -0.5146 -0.7890 -0.3356
vn -0.7763 -0.4910 -0.3952
vn 0.0935 -0.9890 -0.1142
vn -0.1953 -0.9584 -0.2084
vn -0.5494 -0.7808 -0.2974
vn -0.8086 -0.4831 -0.3359
vn 0.0852 -0.9902 -0.1107
vn -0.2179 -0.9562 -0.1952
vn -0.5796 -0.7697 -0.2677
vn -0.8313 -0.4733 -0.2914
vn 0.0680 -0.9929 -0.0974
vn -0.2545 -0.9532 -0.1632
vn -0.6182 -0.7552 -0.2181
vn -0.8545 -0.4631 -0.2352
vn 0.0575 -0.9957 -0.0731
vn -0.2761 -0.9542 -0.1155
vn -0.6466 -0.7482 -0.1487
vn -0.8721 -0.4628 -0.1592
vn 0.0420 -0.9967 -0.0693
vn -0.3111 -0.9471 -0.0788
vn -0.6626 -0.7442 -0.0846
vn -0.8717 -0.4808 -0.0944
vn 0.0367 -0.9972 -0.0647
vn -0.0626 -0.9956 -0.0691
vn -0.5798 -0.8120 -0.0672
vn -0.6662 -0.7430 -0.0635
vn -0.8580 -0.5091 -0.0674
vn 0.0252 -0.9988 -0.0426
vn -0.0741 -0.9964 -0.0418
vn -0.6024 -0.7979 -0.0223
vn -0.6783 -0.7346 -0.0174
vn -0.8569 -0.5154 -0.0079
vn 0.0257 -0.9995 -0.0198
vn -0.0887 -0.9960 -0.0071
vn -0.6004 -0.7994 0.0227
vn -0.6831 -0.7298 0.0286
vn -0.8630 -0.5030 0.0472
vn 0.0169 -0.9998 0.0110
vn -0.3483 -0.9365 0.0407
vn -0.6840 -0.7273 0.0567
vn -0.8761 -0.4764 0.0739
vn 0.0209 -0.9993 0.0323
vn -0.3177 -0.9451 0.0761
vn -0.6690 -0.7365 0.1000
vn -0.8797 -0.4624 0.1113
vn 0.0206 -0.9990 0.0397
vn -0.3029 -0.9492 0.0854
vn -0.6563 -0.7450 0.1191
vn -0.8793 -0.4569 0.1344
vn 0.0228 -0.9987 0.0450
vn -0.2878 -0.9522 0.1022
vn -0.6390 -0.7534 0.1551
vn -0.8710 -0.4562 0.1825
vn 0.0253 -0.9985 0.0493
vn -0.2712 -0.9544 0.1252
vn -0.6151 -0.7614 0.2045
vn -0.8524 -0.4588 0.2509
vn 0.0272 -0.9982 0.0532
vn -0.2521 -0.9557 0.1520
vn -0.5830 -0.7688 0.2627
vn -0.8210 -0.4631 0.3338
vn 0.0287 -0.9980 0.0568
vn -0.2302 -0.9563 0.1803
vn -0.5420 -0.7749 0.3251
vn -0.7750 -0.4679 0.4247
vn 0.0296 -0.9978 0.0598
vn -0.2057 -0.9562 0.2084
vn -0.4925 -0.7792 0.3876
vn -0.7137 -0.4720 0.5176
vn 0.0301 -0.9976 0.0621
vn -0.1790 -0.9554 0.2348
vn -0.4353 -0.7815 0.4470
vn -0.6377 -0.4743 0.6070
vn 0.0300 -0.9975 0.0637
vn -0.1503 -0.9542 0.2587
vn -0.3714 -0.7816 0.5011
vn -0.5484 -0.4742 0.6888
vn 0.0293 -0.9975 0.0645
vn -0.1200 -0.9526 0.2795
vn -0.3020 -0.7798 0.5484
vn -0.4476 -0.4711 0.7601
vn 0.0280 -0.9975 0.0647
vn -0.0884 -0.9508 0.2969
vn -0.2278 -0.7758 0.5884
vn -0.3369 -0.4646 0.8189
vn 0.0261 -0.9976 0.0643
vn -0.0557 -0.9487 0.3112
vn -0.1493 -0.7696 0.6208
vn -0.2177 -0.4538 0.8641
vn 0.0208 -0.9978 0.0635
vn -0.0242 -0.9463 0.3223
vn -0.0687 -0.7605 0.6456
vn -0.0948 -0.4395 0.8932
vn -0.0000 -0.0090 1.0000
vn 0.0864 -0.0092 0.9962
vn -0.0000 -0.0151 0.9999
vn 0.0867 -0.0152 0.9961
vn -0.0000 -0.0207 0.9998
vn 0.0881 -0.0217 0.9959
vn 0.1997 -0.0028 -0.9799
vn 0.0863 -0.0017 -0.9963
vn 0.2053 -0.0145 -0.9786
vn 0.0873 -0.0084 -0.9962
vn 0.2225 -0.0365 -0.9743
vn 0.0939 -0.0197 -0.9954
vn 0.2483 -0.0597 -0.9668
vn 0.1110 -0.0370 -0.9931
vn -0.8031 -0.0800 0.5904
vn -0.7259 -0.0516 0.6859
vn -0.8179 -0.1202 0.5626
vn -0.7454 -0.0939 0.6599
vn -0.8342 -0.1399 0.5334
vn -0.7664 -0.1188 0.6312
vn -0.8514 -0.1427 0.5048
vn -0.7863 -0.1252 0.6051
vn 0.3120 -0.0046 0.9501
vn 0.4226 -0.0069 0.9063
vn 0.3140 -0.0114 0.9493
vn 0.4303 -0.0195 0.9025
vn 0.3235 -0.0251 0.9459
vn 0.4508 -0.0442 0.8915
vn 0.3444 -0.0445 0.9378
vn 0.4787 -0.0670 0.8754
vn 0.3152 -0.0077 -0.9490
vn 0.3294 -0.0305 -0.9437
vn 0.3539 -0.0615 -0.9332
vn 0.3802 -0.0829 -0.9212
vn -0.8614 -0.1083 0.4962
vn -0.8717 -0.1430 0.4688
vn -0.8840 -0.1600 0.4393
vn -0.8984 -0.1608 0.4087
vn -0.0863 -0.0028 0.9963
vn -0.0864 -0.0091 0.9962
vn -0.0867 -0.0152 0.9961
vn -0.0881 -0.0217 0.9959
vn 0.4317 -0.0207 -0.9018
vn 0.4521 -0.0555 -0.8902
vn 0.4773 -0.0870 -0.8744
vn 0.5010 -0.1036 -0.8592
vn -0.9037 -0.1324 0.4072
vn -0.9096 -0.1631 0.3822
vn -0.9180 -0.1794 0.3537
vn -0.9294 -0.1799 0.3224
vn 0.5445 -0.0422 -0.8377
vn 0.5649 -0.0830 -0.8210
vn 0.5872 -0.1100 -0.8019
vn 0.6085 -0.1225 -0.7840
vn -0.9328 -0.1511 0.3273
vn -0.9347 -0.1804 0.3062
vn -0.9392 -0.1977 0.2806
vn -0.9472 -0.1994 0.2511
vn 0.6459 -0.0689 -0.7603
vn 0.6632 -0.1081 -0.7406
vn 0.6817 -0.1308 -0.7198
vn 0.7009 -0.1399 -0.6994
vn -0.9521 -0.1645 0.2577
vn -0.9506 -0.1940 0.2422
vn -0.9513 -0.2134 0.2225
vn -0.9556 -0.2180 0.1984
vn 0.7314 -0.0957 -0.6752
vn 0.7448 -0.1301 -0.6545
vn 0.7600 -0.1500 -0.6324
vn 0.7769 -0.1565 -0.6099
vn -0.9650 -0.1721 0.1978
vn -0.9607 -0.2023 0.1901
vn -0.9579 -0.2240 0.1796
vn -0.9585 -0.2323 0.1654
vn 0.8007 -0.1188 -0.5872
vn 0.8100 -0.1496 -0.5670
vn 0.8218 -0.1678 -0.5445
vn 0.8360 -0.1725 -0.5209
vn -0.9753 -0.1750 0.1349
vn -0.9698 -0.2053 0.1318
vn -0.9652 -0.2286 0.1274
vn -0.9633 -0.2399 0.1209
vn 0.8543 -0.1379 -0.5011
vn 0.8599 -0.1667 -0.4825
vn 0.8681 -0.1842 -0.4610
vn 0.8792 -0.1877 -0.4379
vn -0.9821 -0.1760 0.0664
vn -0.9764 -0.2059 0.0652
vn -0.9713 -0.2292 0.0643
vn -0.9684 -0.2413 0.0636
vn 0.8944 -0.1531 -0.4202
vn 0.8964 -0.1811 -0.4046
vn 0.9008 -0.1986 -0.3861
vn 0.9086 -0.2016 -0.3658
vn -0.9842 -0.1769 -0.0034
vn -0.9785 -0.2061 -0.0043
vn -0.9735 -0.2288 -0.0052
vn -0.9706 -0.2404 -0.0057
vn 0.9236 -0.1640 -0.3466
vn 0.9222 -0.1918 -0.3357
vn 0.9229 -0.2099 -0.3227
vn 0.9272 -0.2130 -0.3080
vn -0.9811 -0.1777 -0.0761
vn -0.9754 -0.2064 -0.0777
vn -0.9703 -0.2286 -0.0791
vn -0.9677 -0.2392 -0.0796
vn 0.9446 -0.1698 -0.2809
vn 0.9405 -0.1981 -0.2759
vn 0.9384 -0.2175 -0.2683
vn 0.9404 -0.2219 -0.2577
vn -0.9739 -0.1771 -0.1422
vn -0.9687 -0.2052 -0.1400
vn -0.9644 -0.2267 -0.1364
vn -0.9629 -0.2359 -0.1308
vn 0.9624 -0.1723 -0.2100
vn 0.9574 -0.2014 -0.2067
vn 0.9538 -0.2227 -0.2016
vn 0.9539 -0.2297 -0.1930
vn -0.9615 -0.1754 -0.2117
vn -0.9567 -0.2025 -0.2089
vn -0.9533 -0.2228 -0.2040
vn -0.9535 -0.2296 -0.1954
vn 0.9748 -0.1746 -0.1392
vn 0.9694 -0.2039 -0.1367
vn 0.9649 -0.2262 -0.1335
vn 0.9633 -0.2360 -0.1280
vn -0.9439 -0.1729 -0.2814
vn -0.9400 -0.1994 -0.2770
vn -0.9378 -0.2177 -0.2704
vn -0.9398 -0.2216 -0.2600
vn 0.9816 -0.1758 -0.0744
vn 0.9758 -0.2051 -0.0755
vn 0.9707 -0.2278 -0.0764
vn 0.9679 -0.2392 -0.0766
vn -0.9231 -0.1668 -0.3466
vn -0.9219 -0.1931 -0.3358
vn -0.9229 -0.2101 -0.3228
vn -0.9273 -0.2124 -0.3081
vn 0.9845 -0.1755 -0.0016
vn 0.9787 -0.2051 -0.0021
vn 0.9736 -0.2283 -0.0026
vn 0.9706 -0.2405 -0.0027
vn -0.8941 -0.1556 -0.4199
vn -0.8963 -0.1821 -0.4044
vn -0.9009 -0.1986 -0.3860
vn -0.9087 -0.2010 -0.3659
vn 0.9821 -0.1753 0.0695
vn 0.9762 -0.2054 0.0692
vn 0.9710 -0.2290 0.0689
vn 0.9680 -0.2415 0.0684
vn -0.8543 -0.1402 -0.5006
vn -0.8599 -0.1675 -0.4822
vn -0.8682 -0.1840 -0.4609
vn -0.8793 -0.1870 -0.4380
vn 0.9751 -0.1748 0.1363
vn 0.9696 -0.2052 0.1335
vn 0.9649 -0.2285 0.1295
vn 0.9630 -0.2399 0.1230
vn -0.8009 -0.1209 -0.5865
vn -0.8102 -0.1502 -0.5666
vn -0.8219 -0.1675 -0.5444
vn -0.8360 -0.1718 -0.5211
vn 0.9650 -0.1721 0.1978
vn 0.9607 -0.2023 0.1901
vn 0.9579 -0.2240 0.1796
vn 0.9585 -0.2323 0.1654
vn -0.7318 -0.0977 -0.6745
vn -0.7451 -0.1305 -0.6541
vn -0.7601 -0.1496 -0.6323
vn -0.7768 -0.1558 -0.6102
vn 0.9521 -0.1647 0.2576
vn 0.9506 -0.1941 0.2422
vn 0.9513 -0.2134 0.2224
vn 0.9556 -0.2180 0.1983
vn -0.6465 -0.0708 -0.7596
vn -0.6636 -0.1086 -0.7401
vn -0.6819 -0.1305 -0.7197
vn -0.7008 -0.1393 -0.6996
vn 0.1993 -0.0035 0.9799
vn 0.1996 -0.0096 0.9798
vn 0.2015 -0.0169 0.9793
vn 0.2102 -0.0282 0.9773
vn 0.9328 -0.1515 0.3270
vn 0.9348 -0.1806 0.3059
vn 0.9393 -0.1978 0.2803
vn 0.9473 -0.1994 0.2508
vn -0.5454 -0.0437 -0.8371
vn -0.5656 -0.0838 -0.8204
vn -0.5875 -0.1098 -0.8017
vn -0.6086 -0.1219 -0.7841
vn 0.9038 -0.1332 0.4066
vn 0.9097 -0.1635 0.3817
vn 0.9182 -0.1796 0.3532
vn 0.9296 -0.1797 0.3219
vn -0.4324 -0.0215 -0.9014
vn -0.4530 -0.0566 -0.8897
vn -0.4780 -0.0872 -0.8740
vn -0.5013 -0.1033 -0.8591
vn -0.1993 -0.0034 0.9799
vn -0.1996 -0.0095 0.9798
vn -0.2015 -0.0168 0.9794
vn -0.2100 -0.0280 0.9773
vn 0.8617 -0.1094 0.4955
vn 0.8719 -0.1436 0.4681
vn 0.8843 -0.1602 0.4386
vn 0.8987 -0.1607 0.4080
vn -0.3155 -0.0080 -0.9489
vn -0.3303 -0.0315 -0.9434
vn -0.3550 -0.0621 -0.9328
vn -0.3809 -0.0829 -0.9209
vn -0.3120 -0.0045 0.9501
vn -0.3140 -0.0112 0.9494
vn -0.3232 -0.0247 0.9460
vn -0.3440 -0.0442 0.9379
vn 0.8036 -0.0813 0.5896
vn 0.8184 -0.1210 0.5618
vn 0.8346 -0.1401 0.5327
vn 0.8518 -0.1426 0.5041
vn -0.1998 -0.0027 -0.9798
vn -0.2060 -0.0150 -0.9784
vn -0.2237 -0.0374 -0.9739
vn -0.2496 -0.0602 -0.9665
vn -0.4225 -0.0067 0.9063
vn -0.4299 -0.0190 0.9027
vn -0.4502 -0.0437 0.8918
vn -0.4782 -0.0667 0.8757
vn 0.7265 -0.0527 0.6852
vn 0.7460 -0.0949 0.6591
vn 0.7669 -0.1192 0.6306
vn 0.7867 -0.1252 0.6045
vn -0.0863 -0.0016 -0.9963
vn -0.0875 -0.0085 -0.9961
vn -0.0948 -0.0204 -0.9953
vn -0.1127 -0.0377 -0.9929
vn -0.5305 -0.0131 0.8476
vn -0.5464 -0.0372 0.8367
vn -0.5726 -0.0700 0.8169
vn -0.5992 -0.0883 0.7957
vn 0.6334 -0.0289 0.7733
vn 0.6548 -0.0655 0.7530
vn 0.6799 -0.0964 0.7269
vn 0.7027 -0.1075 0.7033
vn -0.0000 -0.0015 -1.0000
vn -0.0000 -0.0073 -1.0000
vn -0.0002 -0.0145 -0.9999
vn -0.0009 -0.0269 -0.9996
vn -0.6329 -0.0281 0.7737
vn -0.6542 -0.0644 0.7536
vn -0.6793 -0.0959 0.7275
vn -0.7022 -0.1074 0.7039
vn 0.5307 -0.0135 0.8474
vn 0.5469 -0.0380 0.8363
vn 0.5732 -0.0706 0.8163
vn 0.5997 -0.0885 0.7953
vn -0.0040 -0.9998 -0.0171
vn 0.0391 -0.9991 -0.0149
vn -0.0802 -0.9968 -0.0034
vn -0.0692 -0.9976 -0.0079
vn -0.0900 -0.9959 0.0012
vn -0.0985 -0.9951 0.0059
vn -0.1057 -0.9944 0.0102
vn -0.1115 -0.9937 0.0141
vn -0.1159 -0.9931 0.0173
vn -0.1190 -0.9927 0.0196
vn -0.1210 -0.9925 0.0201
vn -0.1233 -0.9922 0.0188
vn -0.1275 -0.9917 0.0163
vn -0.1297 -0.9915 0.0070
vn -0.1264 -0.9919 -0.0119
vn -0.1194 -0.9926 -0.0222
vn -0.1197 -0.9917 -0.0474
vn -0.1313 -0.9894 -0.0623
vn -0.1488 -0.9872 -0.0568
vn -0.1685 -0.9833 -0.0681
vn -0.1793 -0.9811 -0.0731
vn -0.1837 -0.9802 -0.0733
vn -0.1861 -0.9798 -0.0737
vn -0.1856 -0.9800 -0.0717
vn -0.1820 -0.9810 -0.0676
vn -0.1751 -0.9826 -0.0617
vn -0.1646 -0.9848 -0.0548
vn -0.1504 -0.9875 -0.0474
vn -0.1325 -0.9904 -0.0401
vn -0.1107 -0.9933 -0.0336
vn -0.0848 -0.9960 -0.0285
vn -0.0180 -0.9995 -0.0256
vn 0.0503 -0.9983 -0.0298
vn 0.0792 -0.9962 -0.0360
vn 0.1048 -0.9935 -0.0434
vn 0.1266 -0.9906 -0.0516
vn 0.1445 -0.9877 -0.0600
vn 0.1585 -0.9850 -0.0680
vn 0.1686 -0.9828 -0.0750
vn 0.1751 -0.9813 -0.0802
vn 0.1781 -0.9805 -0.0833
vn 0.1780 -0.9805 -0.0838
vn 0.1756 -0.9808 -0.0845
vn 0.1668 -0.9827 -0.0806
vn 0.1487 -0.9864 -0.0701
vn 0.1329 -0.9882 -0.0765
vn 0.1228 -0.9905 -0.0622
vn 0.1239 -0.9916 -0.0379
vn 0.1320 -0.9908 -0.0281
vn 0.1362 -0.9906 -0.0086
vn 0.1336 -0.9910 0.0038
vn 0.1280 -0.9917 0.0128
vn 0.1232 -0.9922 0.0192
vn 0.1194 -0.9926 0.0210
vn 0.1155 -0.9931 0.0196
vn 0.1107 -0.9937 0.0164
vn 0.1045 -0.9944 0.0122
vn 0.0970 -0.9953 0.0076
vn 0.0883 -0.9961 0.0027
vn 0.0783 -0.9969 -0.0022
vn 0.0672 -0.9977 -0.0069
vn 0.0551 -0.9984 -0.0111
vn -0.0395 -0.9992 0.0032
vn -0.0435 -0.9990 -0.0065
vn -0.0051 -1.0000 -0.0064
vn -0.0057 -0.9966 0.0823
vn -0.0434 -0.9990 0.0057
vn -0.0041 -1.0000 0.0056
vn -0.0436 -0.9990 0.0063
vn -0.0038 -1.0000 0.0054
vn -0.0445 -0.9990 -0.0040
vn -0.0039 -1.0000 -0.0053
vn -0.0453 -0.9990 -0.0016
vn -0.0508 -0.9987 -0.0064
vn -0.0510 -0.9987 0.0060
vn -0.0528 -0.9986 0.0075
vn -0.0558 -0.9984 -0.0017
vn -0.0311 -0.9988 0.0385
vn -0.0563 -0.9984 -0.0064
vn -0.0581 -0.9983 0.0063
vn -0.0613 -0.9981 0.0089
vn -0.0661 -0.9978 0.0011
vn -0.0328 -0.9991 0.0272
vn -0.0612 -0.9981 -0.0068
vn -0.0649 -0.9979 0.0063
vn -0.0693 -0.9975 0.0105
vn -0.0756 -0.9971 0.0043
vn -0.0349 -0.9992 0.0200
vn -0.0664 -0.9978 -0.0073
vn -0.0714 -0.9974 0.0059
vn -0.0767 -0.9970 0.0119
vn -0.0841 -0.9964 0.0076
vn -0.0369 -0.9992 0.0143
vn -0.0711 -0.9974 -0.0081
vn -0.0778 -0.9970 0.0052
vn -0.0837 -0.9964 0.0132
vn -0.0915 -0.9957 0.0110
vn -0.0388 -0.9992 0.0100
vn -0.0756 -0.9971 -0.0090
vn -0.0841 -0.9965 0.0039
vn -0.0901 -0.9958 0.0139
vn -0.0979 -0.9951 0.0141
vn -0.0405 -0.9992 0.0066
vn -0.0798 -0.9968 -0.0100
vn -0.0899 -0.9960 0.0018
vn -0.0959 -0.9953 0.0135
vn -0.1031 -0.9945 0.0166
vn -0.0418 -0.9991 0.0032
vn -0.0833 -0.9965 -0.0112
vn -0.0951 -0.9955 -0.0008
vn -0.1013 -0.9948 0.0118
vn -0.1075 -0.9940 0.0180
vn -0.0427 -0.9991 -0.0008
vn -0.0863 -0.9962 -0.0128
vn -0.0999 -0.9950 -0.0039
vn -0.1071 -0.9942 0.0089
vn -0.1119 -0.9936 0.0181
vn -0.0439 -0.9990 -0.0042
vn -0.0892 -0.9959 -0.0138
vn -0.1041 -0.9945 -0.0070
vn -0.1127 -0.9936 0.0044
vn -0.1161 -0.9931 0.0156
vn -0.0451 -0.9990 -0.0071
vn -0.0921 -0.9957 -0.0139
vn -0.1081 -0.9941 -0.0089
vn -0.1178 -0.9930 -0.0005
vn -0.1211 -0.9926 0.0109
vn -0.0461 -0.9989 -0.0102
vn -0.0946 -0.9954 -0.0141
vn -0.1121 -0.9937 -0.0087
vn -0.1234 -0.9924 -0.0018
vn -0.1274 -0.9918 0.0073
vn -0.0470 -0.9988 -0.0132
vn -0.0968 -0.9952 -0.0147
vn -0.1158 -0.9932 -0.0090
vn -0.1283 -0.9917 -0.0023
vn -0.1310 -0.9914 0.0030
vn -0.0477 -0.9987 -0.0161
vn -0.0986 -0.9950 -0.0156
vn -0.1188 -0.9929 -0.0108
vn -0.1311 -0.9914 -0.0065
vn -0.1286 -0.9917 -0.0074
vn -0.0483 -0.9987 -0.0172
vn -0.1000 -0.9949 -0.0137
vn -0.1212 -0.9926 -0.0088
vn -0.1319 -0.9912 -0.0060
vn -0.1215 -0.9925 -0.0116
vn -0.0485 -0.9987 -0.0183
vn -0.1001 -0.9948 -0.0174
vn -0.1221 -0.9921 -0.0275
vn -0.1343 -0.9902 -0.0392
vn -0.1224 -0.9914 -0.0470
vn -0.0500 -0.9983 -0.0313
vn -0.1020 -0.9935 -0.0506
vn -0.1243 -0.9892 -0.0773
vn -0.1390 -0.9863 -0.0889
vn -0.1315 -0.9879 -0.0826
vn -0.0504 -0.9973 -0.0527
vn -0.1031 -0.9906 -0.0903
vn -0.1267 -0.9861 -0.1077
vn -0.1441 -0.9846 -0.0986
vn -0.1454 -0.9861 -0.0801
vn -0.0473 -0.9961 -0.0744
vn -0.1000 -0.9893 -0.1061
vn -0.1277 -0.9857 -0.1101
vn -0.1491 -0.9839 -0.0985
vn -0.1609 -0.9834 -0.0844
vn -0.0464 -0.9927 -0.1115
vn -0.0998 -0.9883 -0.1153
vn -0.1282 -0.9856 -0.1099
vn -0.1515 -0.9836 -0.0981
vn -0.1688 -0.9820 -0.0851
vn -0.0477 -0.9881 -0.1462
vn -0.1005 -0.9876 -0.1204
vn -0.1274 -0.9858 -0.1090
vn -0.1514 -0.9839 -0.0954
vn -0.1705 -0.9819 -0.0828
vn -0.0478 -0.9877 -0.1488
vn -0.0988 -0.9878 -0.1203
vn -0.1254 -0.9862 -0.1077
vn -0.1505 -0.9841 -0.0943
vn -0.1714 -0.9817 -0.0830
vn -0.0470 -0.9872 -0.1526
vn -0.0965 -0.9881 -0.1201
vn -0.1226 -0.9867 -0.1072
vn -0.1479 -0.9845 -0.0941
vn -0.1697 -0.9820 -0.0824
vn -0.0453 -0.9867 -0.1559
vn -0.0930 -0.9885 -0.1196
vn -0.1184 -0.9872 -0.1069
vn -0.1434 -0.9852 -0.0936
vn -0.1653 -0.9830 -0.0805
vn -0.0434 -0.9861 -0.1605
vn -0.0884 -0.9889 -0.1192
vn -0.1126 -0.9879 -0.1067
vn -0.1366 -0.9863 -0.0926
vn -0.1581 -0.9844 -0.0775
vn -0.0417 -0.9851 -0.1668
vn -0.0836 -0.9893 -0.1195
vn -0.1056 -0.9887 -0.1066
vn -0.1278 -0.9876 -0.0912
vn -0.1481 -0.9862 -0.0738
vn -0.0396 -0.9837 -0.1752
vn -0.0780 -0.9897 -0.1196
vn -0.0971 -0.9896 -0.1064
vn -0.1167 -0.9891 -0.0897
vn -0.1351 -0.9884 -0.0698
vn -0.0371 -0.9815 -0.1877
vn -0.0714 -0.9902 -0.1199
vn -0.0874 -0.9905 -0.1062
vn -0.1037 -0.9907 -0.0882
vn -0.1193 -0.9907 -0.0660
vn -0.0339 -0.9767 -0.2120
vn -0.0635 -0.9907 -0.1202
vn -0.0764 -0.9914 -0.1061
vn -0.0888 -0.9922 -0.0870
vn -0.1007 -0.9929 -0.0628
vn -0.0246 -0.9445 -0.3274
vn -0.0500 -0.9913 -0.1214
vn -0.0639 -0.9923 -0.1062
vn -0.0717 -0.9937 -0.0863
vn -0.0791 -0.9950 -0.0603
vn -0.0100 -0.9914 -0.1302
vn -0.0109 -0.9924 -0.1224
vn -0.0128 -0.9942 -0.1064
vn -0.0147 -0.9962 -0.0859
vn -0.0165 -0.9981 -0.0589
vn 0.0063 -0.9454 -0.3257
vn 0.0282 -0.9921 -0.1222
vn 0.0384 -0.9935 -0.1073
vn 0.0427 -0.9952 -0.0877
vn 0.0468 -0.9970 -0.0619
vn 0.0152 -0.9770 -0.2127
vn 0.0418 -0.9917 -0.1217
vn 0.0514 -0.9928 -0.1083
vn 0.0607 -0.9941 -0.0897
vn 0.0702 -0.9954 -0.0657
vn 0.0186 -0.9818 -0.1891
vn 0.0502 -0.9913 -0.1220
vn 0.0632 -0.9920 -0.1093
vn 0.0772 -0.9928 -0.0920
vn 0.0914 -0.9933 -0.0701
vn 0.0215 -0.9840 -0.1770
vn 0.0574 -0.9908 -0.1224
vn 0.0741 -0.9911 -0.1104
vn 0.0921 -0.9913 -0.0945
vn 0.1100 -0.9911 -0.0750
vn 0.0239 -0.9853 -0.1691
vn 0.0639 -0.9904 -0.1229
vn 0.0839 -0.9902 -0.1114
vn 0.1051 -0.9897 -0.0970
vn 0.1259 -0.9888 -0.0799
vn 0.0260 -0.9862 -0.1632
vn 0.0694 -0.9899 -0.1233
vn 0.0923 -0.9894 -0.1123
vn 0.1161 -0.9883 -0.0993
vn 0.1388 -0.9867 -0.0845
vn 0.0284 -0.9869 -0.1590
vn 0.0750 -0.9894 -0.1242
vn 0.0996 -0.9886 -0.1133
vn 0.1249 -0.9870 -0.1011
vn 0.1487 -0.9849 -0.0884
vn 0.0306 -0.9873 -0.1560
vn 0.0794 -0.9889 -0.1252
vn 0.1052 -0.9879 -0.1141
vn 0.1316 -0.9860 -0.1024
vn 0.1556 -0.9836 -0.0912
vn 0.0319 -0.9878 -0.1526
vn 0.0827 -0.9886 -0.1259
vn 0.1095 -0.9873 -0.1152
vn 0.1361 -0.9853 -0.1032
vn 0.1597 -0.9828 -0.0926
vn 0.0323 -0.9881 -0.1502
vn 0.0853 -0.9883 -0.1263
vn 0.1129 -0.9867 -0.1171
vn 0.1389 -0.9847 -0.1049
vn 0.1610 -0.9826 -0.0931
vn 0.0314 -0.9928 -0.1158
vn 0.0855 -0.9889 -0.1216
vn 0.1151 -0.9863 -0.1183
vn 0.1407 -0.9841 -0.1082
vn 0.1613 -0.9822 -0.0961
vn 0.0328 -0.9963 -0.0789
vn 0.0866 -0.9899 -0.1127
vn 0.1160 -0.9861 -0.1189
vn 0.1400 -0.9841 -0.1090
vn 0.1553 -0.9832 -0.0962
vn 0.0364 -0.9977 -0.0574
vn 0.0906 -0.9911 -0.0972
vn 0.1162 -0.9863 -0.1168
vn 0.1365 -0.9846 -0.1096
vn 0.1415 -0.9856 -0.0925
vn 0.0365 -0.9987 -0.0360
vn 0.0902 -0.9943 -0.0577
vn 0.1149 -0.9896 -0.0867
vn 0.1329 -0.9860 -0.1003
vn 0.1292 -0.9870 -0.0956
vn 0.0355 -0.9991 -0.0231
vn 0.0891 -0.9957 -0.0246
vn 0.1140 -0.9928 -0.0372
vn 0.1296 -0.9903 -0.0510
vn 0.1215 -0.9907 -0.0604
vn 0.0358 -0.9991 -0.0219
vn 0.0897 -0.9957 -0.0209
vn 0.1141 -0.9933 -0.0186
vn 0.1285 -0.9915 -0.0180
vn 0.1221 -0.9922 -0.0256
vn 0.0357 -0.9991 -0.0208
vn 0.0890 -0.9958 -0.0227
vn 0.1126 -0.9934 -0.0206
vn 0.1287 -0.9915 -0.0187
vn 0.1303 -0.9912 -0.0217
vn 0.0354 -0.9992 -0.0179
vn 0.0879 -0.9959 -0.0218
vn 0.1104 -0.9937 -0.0187
vn 0.1270 -0.9918 -0.0144
vn 0.1339 -0.9909 -0.0113
vn 0.0350 -0.9993 -0.0145
vn 0.0863 -0.9961 -0.0207
vn 0.1076 -0.9940 -0.0179
vn 0.1232 -0.9923 -0.0134
vn 0.1314 -0.9913 -0.0063
vn 0.0345 -0.9993 -0.0108
vn 0.0845 -0.9962 -0.0198
vn 0.1046 -0.9944 -0.0171
vn 0.1187 -0.9929 -0.0109
vn 0.1260 -0.9920 -0.0000
vn 0.0336 -0.9994 -0.0074
vn 0.0822 -0.9964 -0.0191
vn 0.1012 -0.9948 -0.0145
vn 0.1142 -0.9934 -0.0049
vn 0.1203 -0.9927 0.0084
vn 0.0327 -0.9995 -0.0038
vn 0.0796 -0.9967 -0.0178
vn 0.0973 -0.9952 -0.0110
vn 0.1090 -0.9940 0.0011
vn 0.1144 -0.9933 0.0142
vn 0.0320 -0.9995 0.0005
vn 0.0769 -0.9969 -0.0157
vn 0.0928 -0.9957 -0.0073
vn 0.1029 -0.9947 0.0060
vn 0.1088 -0.9939 0.0169
vn 0.0310 -0.9995 0.0044
vn 0.0736 -0.9972 -0.0140
vn 0.0878 -0.9961 -0.0040
vn 0.0963 -0.9953 0.0092
vn 0.1029 -0.9945 0.0169
vn 0.0295 -0.9995 0.0082
vn 0.0697 -0.9975 -0.0125
vn 0.0822 -0.9966 -0.0011
vn 0.0898 -0.9959 0.0111
vn 0.0969 -0.9952 0.0151
vn 0.0277 -0.9995 0.0129
vn 0.0654 -0.9978 -0.0111
vn 0.0762 -0.9971 0.0013
vn 0.0833 -0.9965 0.0119
vn 0.0903 -0.9958 0.0124
vn 0.0259 -0.9995 0.0191
vn 0.0607 -0.9981 -0.0098
vn 0.0695 -0.9976 0.0031
vn 0.0761 -0.9970 0.0114
vn 0.0827 -0.9965 0.0090
vn 0.0238 -0.9994 0.0270
vn 0.0556 -0.9984 -0.0087
vn 0.0626 -0.9980 0.0043
vn 0.0682 -0.9976 0.0104
vn 0.0741 -0.9972 0.0055
vn 0.0220 -0.9990 0.0394
vn 0.0508 -0.9987 -0.0077
vn 0.0555 -0.9984 0.0050
vn 0.0599 -0.9982 0.0091
vn 0.0645 -0.9979 0.0022
vn 0.0373 -0.9993 -0.0027
vn 0.0452 -0.9990 -0.0071
vn 0.0483 -0.9988 0.0055
vn 0.0513 -0.9987 0.0079
vn 0.0541 -0.9985 -0.0008
vn 0.0283 -0.9996 0.0088
vn 0.0356 -0.9993 -0.0068
vn 0.0379 -0.9993 0.0054
vn 0.0390 -0.9992 0.0065
vn 0.0398 -0.9992 -0.0036
vn 0.0086 0.9757 0.2191
vn -0.0389 -0.9990 0.0222
vn -0.0337 -0.9992 0.0206
vn -0.0015 -0.1690 0.9856
vn 0.0385 -0.9989 0.0261
vn 0.0431 -0.9987 0.0271
vn -0.0057 -0.9999 -0.0101
vn -0.0235 -0.9997 -0.0113
vn -0.0437 -0.9988 0.0232
vn 0.0337 -0.9991 0.0242
vn 0.0125 -0.9999 -0.0105
vn -0.0482 -0.9986 0.0230
vn 0.0286 -0.9994 0.0219
vn 0.0246 -0.9996 -0.0127
vn -0.0527 -0.9984 0.0217
vn 0.0234 -0.9995 0.0197
vn 0.0356 -0.9992 -0.0164
vn -0.0566 -0.9981 0.0230
vn 0.0183 -0.9997 0.0179
vn 0.0453 -0.9988 -0.0208
vn -0.0575 -0.9980 0.0266
vn 0.0064 -0.9998 0.0163
vn 0.0535 -0.9982 -0.0252
vn -0.0542 -0.9982 0.0252
vn 0.0610 -0.9977 -0.0306
vn -0.0499 -0.9986 0.0191
vn -0.0283 -0.9994 0.0189
vn -0.0228 -0.9996 0.0174
vn 0.0678 -0.9969 -0.0407
vn -0.0473 -0.9988 0.0141
vn 0.0714 -0.9960 -0.0532
vn -0.0463 -0.9988 0.0148
vn 0.0704 -0.9958 -0.0593
vn -0.0448 -0.9988 0.0197
vn 0.0656 -0.9963 -0.0552
vn -0.0420 -0.9990 0.0129
vn 0.0574 -0.9974 -0.0429
vn -0.0415 -0.9991 -0.0073
vn 0.0482 -0.9985 -0.0247
vn -0.0436 -0.9989 -0.0176
vn 0.0438 -0.9989 -0.0149
vn -0.0445 -0.9989 -0.0158
vn 0.0427 -0.9990 -0.0155
vn -0.0468 -0.9986 -0.0234
vn 0.0410 -0.9991 -0.0062
vn -0.0514 -0.9979 -0.0391
vn 0.0418 -0.9990 0.0140
vn -0.0553 -0.9972 -0.0496
vn 0.0449 -0.9988 0.0217
vn -0.0590 -0.9969 -0.0529
vn 0.0464 -0.9988 0.0157
vn -0.0614 -0.9970 -0.0477
vn 0.0479 -0.9987 0.0172
vn -0.0610 -0.9974 -0.0380
vn 0.0517 -0.9983 0.0284
vn -0.0581 -0.9978 -0.0307
vn 0.0551 -0.9978 0.0365
vn -0.0543 -0.9982 -0.0265
vn 0.0558 -0.9978 0.0355
vn -0.0495 -0.9985 -0.0225
vn 0.0530 -0.9981 0.0299
vn -0.0427 -0.9989 -0.0181
vn 0.0481 -0.9985 0.0272
vn -0.0341 -0.9993 -0.0141
vn 0.0033 0.9992 0.0407
vn 0.0153 0.9992 0.0381
vn 0.0255 0.9991 0.0337
vn 0.0349 0.9990 0.0280
vn 0.0436 0.9988 0.0206
vn 0.0513 0.9986 0.0115
vn 0.0580 0.9983 0.0010
vn 0.0635 0.9979 -0.0106
vn 0.0680 0.9974 -0.0225
vn 0.0719 0.9968 -0.0339
vn 0.0766 0.9961 -0.0429
vn 0.0899 0.9952 -0.0397
vn 0.1008 0.9949 -0.0058
vn 0.1000 0.9948 0.0175
vn 0.0973 0.9952 0.0092
vn 0.0938 0.9956 0.0019
vn 0.0913 0.9958 -0.0014
vn 0.0924 0.9957 -0.0027
vn 0.0962 0.9953 -0.0076
vn 0.0962 0.9952 0.0168
vn 0.0837 0.9952 0.0504
vn 0.0715 0.9960 0.0529
vn 0.0688 0.9967 0.0440
vn 0.0671 0.9972 0.0323
vn 0.0647 0.9977 0.0197
vn 0.0611 0.9981 0.0070
vn 0.0560 0.9984 -0.0051
vn 0.0494 0.9986 -0.0162
vn 0.0415 0.9988 -0.0258
vn 0.0325 0.9989 -0.0335
vn 0.0225 0.9990 -0.0394
vn 0.0118 0.9990 -0.0440
vn 0.0002 0.9989 -0.0463
vn -0.0117 0.9989 -0.0447
vn -0.0228 0.9989 -0.0401
vn -0.0328 0.9989 -0.0338
vn -0.0416 0.9988 -0.0258
vn -0.0494 0.9986 -0.0162
vn -0.0560 0.9984 -0.0051
vn -0.0611 0.9981 0.0070
vn -0.0647 0.9977 0.0197
vn -0.0671 0.9972 0.0323
vn -0.0688 0.9967 0.0440
vn -0.0715 0.9960 0.0529
vn -0.0837 0.9952 0.0504
vn -0.0962 0.9952 0.0168
vn -0.0962 0.9953 -0.0076
vn -0.0924 0.9957 -0.0027
vn -0.0913 0.9958 -0.0014
vn -0.0938 0.9956 0.0019
vn -0.0973 0.9952 0.0092
vn -0.0962 0.9952 -0.0147
vn -0.0827 0.9954 -0.0481
vn -0.0696 0.9963 -0.0507
vn -0.0661 0.9969 -0.0420
vn -0.0637 0.9975 -0.0307
vn -0.0608 0.9980 -0.0187
vn -0.0569 0.9984 -0.0068
vn -0.0518 0.9986 0.0046
vn -0.0455 0.9989 0.0150
vn -0.0380 0.9990 0.0239
vn -0.0296 0.9991 0.0311
vn -0.0205 0.9991 0.0366
vn -0.0095 0.9991 0.0402
vn -0.0750 0.7364 -0.6723
vn 0.0020 0.7376 -0.6752
vn -0.0742 0.7365 -0.6724
vn -0.1450 0.7348 -0.6627
vn -0.1441 0.7348 -0.6628
vn -0.2073 0.7333 -0.6476
vn -0.2066 0.7333 -0.6478
vn -0.2658 0.7320 -0.6273
vn -0.2655 0.7320 -0.6275
vn -0.3219 0.7310 -0.6018
vn -0.3218 0.7310 -0.6018
vn -0.3757 0.7303 -0.5705
vn -0.3759 0.7303 -0.5704
vn -0.4270 0.7302 -0.5333
vn -0.4274 0.7302 -0.5330
vn -0.4749 0.7309 -0.4901
vn -0.4753 0.7309 -0.4897
vn -0.5178 0.7329 -0.4414
vn -0.5180 0.7329 -0.4411
vn -0.5523 0.7379 -0.3880
vn -0.5522 0.7379 -0.3880
vn -0.5719 0.7507 -0.3307
vn -0.5719 0.7505 -0.3312
vn -0.5917 0.7683 -0.2440
vn -0.5915 0.7682 -0.2450
vn -0.6121 0.7743 -0.1607
vn -0.6120 0.7743 -0.1610
vn -0.6255 0.7725 -0.1095
vn -0.6255 0.7725 -0.1097
vn -0.6353 0.7701 -0.0578
vn -0.6395 0.7688 -0.0007
vn -0.6362 0.7693 0.0574
vn -0.6362 0.7693 0.0575
vn -0.6273 0.7709 0.1107
vn -0.6272 0.7709 0.1109
vn -0.6142 0.7653 0.1924
vn -0.6141 0.7652 0.1934
vn -0.6026 0.7485 0.2768
vn -0.6025 0.7483 0.2774
vn -0.5887 0.7366 0.3330
vn -0.5886 0.7366 0.3332
vn -0.5598 0.7323 0.3877
vn -0.5598 0.7323 0.3876
vn -0.5218 0.7310 0.4398
vn -0.5219 0.7310 0.4396
vn -0.4775 0.7307 0.4879
vn -0.4779 0.7307 0.4876
vn -0.4289 0.7311 0.5307
vn -0.4293 0.7310 0.5304
vn -0.3772 0.7319 0.5675
vn -0.3774 0.7319 0.5673
vn -0.3233 0.7332 0.5983
vn -0.2673 0.7347 0.6235
vn -0.2670 0.7347 0.6237
vn -0.2090 0.7363 0.6436
vn -0.2084 0.7363 0.6438
vn -0.1472 0.7381 0.6584
vn -0.1463 0.7381 0.6586
vn -0.0776 0.7401 0.6680
vn -0.0768 0.7401 0.6681
vn -0.0000 0.7413 0.6712
vn 0.0775 0.7405 0.6675
vn 0.0767 0.7405 0.6676
vn 0.1470 0.7385 0.6580
vn 0.1462 0.7386 0.6581
vn 0.2090 0.7365 0.6433
vn 0.2083 0.7365 0.6435
vn 0.2673 0.7347 0.6235
vn 0.2670 0.7347 0.6236
vn 0.3233 0.7332 0.5983
vn 0.3232 0.7332 0.5983
vn 0.3772 0.7319 0.5675
vn 0.3774 0.7319 0.5673
vn 0.4289 0.7311 0.5307
vn 0.4293 0.7310 0.5304
vn 0.4775 0.7307 0.4879
vn 0.4779 0.7307 0.4876
vn 0.5218 0.7310 0.4398
vn 0.5219 0.7310 0.4396
vn 0.5598 0.7323 0.3877
vn 0.5598 0.7323 0.3876
vn 0.5887 0.7366 0.3330
vn 0.5886 0.7366 0.3332
vn 0.6026 0.7485 0.2768
vn 0.6025 0.7483 0.2774
vn 0.6142 0.7653 0.1924
vn 0.6141 0.7652 0.1934
vn 0.6273 0.7709 0.1108
vn 0.6272 0.7709 0.1109
vn 0.6363 0.7693 0.0574
vn 0.6362 0.7693 0.0575
vn 0.6396 0.7687 -0.0007
vn 0.6353 0.7701 -0.0578
vn 0.6265 0.7716 -0.1098
vn 0.6265 0.7716 -0.1100
vn 0.6141 0.7657 -0.1911
vn 0.6140 0.7656 -0.1921
vn 0.6032 0.7485 -0.2754
vn 0.6032 0.7484 -0.2759
vn 0.5900 0.7362 -0.3315
vn 0.5899 0.7362 -0.3317
vn 0.5617 0.7316 -0.3864
vn 0.5242 0.7299 -0.4388
vn 0.5243 0.7299 -0.4386
vn 0.4803 0.7293 -0.4873
vn 0.4806 0.7293 -0.4870
vn 0.4319 0.7294 -0.5306
vn 0.4322 0.7294 -0.5303
vn 0.3802 0.7301 -0.5679
vn 0.3804 0.7300 -0.5677
vn 0.3261 0.7311 -0.5992
vn 0.3261 0.7311 -0.5993
vn 0.2699 0.7325 -0.6250
vn 0.2695 0.7325 -0.6251
vn 0.2111 0.7342 -0.6453
vn 0.2104 0.7342 -0.6455
vn 0.1486 0.7359 -0.6606
vn 0.1477 0.7359 -0.6608
vn 0.0788 0.7373 -0.6709
vn 0.0780 0.7374 -0.6710
vn -0.0945 -0.6808 -0.7264
vn -0.0020 -0.6806 -0.7327
vn -0.0955 -0.6808 -0.7262
vn -0.1789 -0.6803 -0.7108
vn -0.1800 -0.6803 -0.7105
vn -0.2544 -0.6799 -0.6878
vn -0.2553 -0.6799 -0.6874
vn -0.3252 -0.6799 -0.6572
vn -0.3257 -0.6799 -0.6570
vn -0.3924 -0.6803 -0.6191
vn -0.3925 -0.6803 -0.6190
vn -0.4559 -0.6809 -0.5732
vn -0.4557 -0.6809 -0.5733
vn -0.5154 -0.6812 -0.5199
vn -0.5151 -0.6812 -0.5202
vn -0.5701 -0.6808 -0.4600
vn -0.5699 -0.6808 -0.4603
vn -0.6192 -0.6786 -0.3950
vn -0.6191 -0.6787 -0.3951
vn -0.6631 -0.6727 -0.3282
vn -0.6631 -0.6727 -0.3283
vn -0.7059 -0.6574 -0.2636
vn -0.7058 -0.6575 -0.2638
vn -0.7349 -0.6394 -0.2260
vn -0.7350 -0.6394 -0.2260
vn -0.7509 -0.6332 -0.1879
vn -0.7510 -0.6332 -0.1874
vn -0.7626 -0.6347 -0.1250
vn -0.7626 -0.6347 -0.1247
vn -0.7680 -0.6373 -0.0628
vn -0.7680 -0.6373 -0.0627
vn -0.7693 -0.6389 0.0007
vn -0.7673 -0.6382 0.0632
vn -0.7673 -0.6382 0.0630
vn -0.7611 -0.6366 0.1246
vn -0.7611 -0.6366 0.1242
vn -0.7500 -0.6420 0.1594
vn -0.7264 -0.6590 0.1948
vn -0.7265 -0.6590 0.1948
vn -0.6921 -0.6736 0.2593
vn -0.6922 -0.6736 0.2591
vn -0.6567 -0.6792 0.3277
vn -0.6568 -0.6792 0.3276
vn -0.6155 -0.6812 0.3964
vn -0.6154 -0.6812 0.3966
vn -0.5675 -0.6815 0.4622
vn -0.5673 -0.6815 0.4624
vn -0.5134 -0.6807 0.5226
vn -0.5131 -0.6807 0.5228
vn -0.4543 -0.6794 0.5762
vn -0.4541 -0.6794 0.5763
vn -0.3909 -0.6782 0.6223
vn -0.3911 -0.6782 0.6222
vn -0.3237 -0.6772 0.6608
vn -0.3243 -0.6772 0.6605
vn -0.2526 -0.6768 0.6915
vn -0.2536 -0.6768 0.6912
vn -0.1768 -0.6768 0.7146
vn -0.1780 -0.6768 0.7144
vn -0.0920 -0.6768 0.7304
vn -0.0930 -0.6768 0.7302
vn -0.0000 -0.6766 0.7364
vn 0.0920 -0.6764 0.7308
vn 0.0930 -0.6764 0.7306
vn 0.1769 -0.6763 0.7151
vn 0.1781 -0.6763 0.7148
vn 0.2528 -0.6765 0.6917
vn 0.2537 -0.6765 0.6914
vn 0.3237 -0.6771 0.6608
vn 0.3243 -0.6771 0.6605
vn 0.3909 -0.6781 0.6223
vn 0.3911 -0.6781 0.6222
vn 0.4543 -0.6794 0.5762
vn 0.4541 -0.6794 0.5763
vn 0.5134 -0.6807 0.5226
vn 0.5132 -0.6807 0.5228
vn 0.5675 -0.6814 0.4622
vn 0.5673 -0.6814 0.4624
vn 0.6155 -0.6812 0.3964
vn 0.6154 -0.6812 0.3966
vn 0.6567 -0.6792 0.3277
vn 0.6568 -0.6792 0.3276
vn 0.6921 -0.6736 0.2593
vn 0.6922 -0.6736 0.2591
vn 0.7264 -0.6590 0.1948
vn 0.7500 -0.6420 0.1594
vn 0.7611 -0.6366 0.1246
vn 0.7611 -0.6366 0.1242
vn 0.7673 -0.6382 0.0632
vn 0.7673 -0.6382 0.0630
vn 0.7693 -0.6389 0.0007
vn 0.7680 -0.6373 -0.0628
vn 0.7680 -0.6373 -0.0627
vn 0.7617 -0.6357 -0.1254
vn 0.7617 -0.6357 -0.1251
vn 0.7500 -0.6416 -0.1606
vn 0.7259 -0.6593 -0.1961
vn 0.6909 -0.6743 -0.2606
vn 0.6910 -0.6743 -0.2604
vn 0.6550 -0.6803 -0.3288
vn 0.6550 -0.6803 -0.3287
vn 0.6133 -0.6826 -0.3973
vn 0.6132 -0.6826 -0.3975
vn 0.5650 -0.6832 -0.4626
vn 0.5647 -0.6832 -0.4629
vn 0.5107 -0.6827 -0.5226
vn 0.5105 -0.6827 -0.5228
vn 0.4516 -0.6816 -0.5757
vn 0.4514 -0.6816 -0.5759
vn 0.3883 -0.6805 -0.6214
vn 0.3885 -0.6805 -0.6213
vn 0.3214 -0.6796 -0.6595
vn 0.3220 -0.6796 -0.6592
vn 0.2508 -0.6791 -0.6898
vn 0.2517 -0.6791 -0.6895
vn 0.1754 -0.6792 -0.7127
vn 0.1766 -0.6792 -0.7124
vn 0.0908 -0.6799 -0.7277
vn 0.0918 -0.6799 -0.7276
vn -0.0086 -1.0000 0.0007
vn -0.0197 -0.9998 0.0022
vn 0.0339 0.9994 -0.0004
vn 0.0254 0.9997 0.0036
vn -0.0389 -0.9992 -0.0084
vn -0.0273 -0.9996 -0.0039
vn -0.0272 -0.9996 -0.0039
vn 0.0392 0.9992 -0.0009
vn 0.0574 0.9983 0.0044
vn 0.0392 0.9992 -0.0008
vn 0.0820 -0.9965 0.0173
vn 0.0613 -0.9979 0.0198
vn 0.0614 -0.9979 0.0198
vn 0.0822 -0.9965 0.0172
vn -0.1260 0.9917 -0.0250
vn -0.1502 0.9882 -0.0296
vn -0.1500 0.9882 -0.0295
vn -0.1257 0.9918 -0.0250
vn -0.0327 -0.9994 0.0088
vn -0.0382 -0.9992 0.0130
vn 0.0697 0.9974 -0.0171
vn 0.0503 0.9987 -0.0111
vn 0.0695 0.9974 -0.0171
vn -0.0489 -0.9987 -0.0143
vn -0.0488 -0.9987 -0.0143
vn 0.0838 0.9964 0.0105
vn 0.0837 0.9964 0.0104
vn 0.1068 -0.9942 0.0152
vn 0.1070 -0.9941 0.0152
vn -0.1680 0.9852 -0.0342
vn -0.1678 0.9852 -0.0342
vn 0.0091 -1.0000 0.0016
vn 0.0083 1.0000 0.0055
vn -0.0151 0.9999 0.0042
vn -0.0592 -0.9981 -0.0193
vn 0.1174 0.9930 0.0157
vn 0.1171 0.9930 0.0157
vn 0.1296 -0.9915 0.0155
vn 0.1297 -0.9914 0.0155
vn -0.1801 0.9830 -0.0354
vn -0.1800 0.9830 -0.0354
vn -0.0737 -0.9971 -0.0209
vn -0.0738 -0.9971 -0.0209
vn 0.1478 0.9888 0.0207
vn 0.1476 0.9888 0.0207
vn 0.1446 -0.9894 0.0127
vn 0.1447 -0.9894 0.0127
vn -0.1878 0.9817 -0.0305
vn -0.1878 0.9817 -0.0306
vn -0.0931 -0.9955 -0.0186
vn -0.0932 -0.9955 -0.0186
vn 0.1715 0.9848 0.0277
vn 0.1714 0.9848 0.0276
vn 0.1529 -0.9882 0.0055
vn 0.1530 -0.9882 0.0055
vn -0.1917 0.9813 -0.0185
vn -0.1917 0.9813 -0.0186
vn -0.1154 -0.9932 -0.0166
vn -0.1156 -0.9932 -0.0166
vn 0.1869 0.9818 0.0347
vn 0.1569 -0.9876 -0.0022
vn -0.1926 0.9813 -0.0034
vn -0.1353 -0.9907 -0.0168
vn 0.1965 0.9797 0.0403
vn 0.1964 0.9797 0.0403
vn 0.1596 -0.9872 0.0028
vn -0.1937 0.9810 -0.0067
vn -0.1483 -0.9888 -0.0159
vn -0.1483 -0.9888 -0.0158
vn 0.2017 0.9785 0.0423
vn 0.1612 -0.9868 0.0174
vn -0.1942 0.9807 -0.0231
vn -0.1554 -0.9878 -0.0112
vn 0.2023 0.9786 0.0368
vn 0.2024 0.9786 0.0369
vn -0.1931 0.9809 -0.0220
vn -0.1580 -0.9874 -0.0029
vn 0.1992 0.9797 0.0228
vn 0.1992 0.9797 0.0229
vn 0.1623 -0.9867 0.0032
vn -0.1943 0.9810 -0.0000
vn -0.1942 0.9810 -0.0000
vn -0.1576 -0.9875 0.0080
vn 0.1933 0.9811 0.0012
vn 0.1633 -0.9866 -0.0011
vn -0.1969 0.9803 0.0175
vn -0.1585 -0.9873 0.0074
vn 0.1918 0.9814 -0.0019
vn 0.1623 -0.9867 0.0069
vn -0.1971 0.9803 0.0113
vn -0.1607 -0.9870 -0.0037
vn 0.1936 0.9810 0.0099
vn 0.1630 -0.9866 0.0032
vn -0.1995 0.9798 0.0146
vn -0.1602 -0.9871 0.0013
vn 0.1925 0.9813 -0.0015
vn 0.1649 -0.9862 -0.0108
vn -0.2052 0.9781 0.0341
vn -0.2053 0.9781 0.0341
vn -0.1596 -0.9871 0.0157
vn 0.1920 0.9812 -0.0196
vn 0.1629 -0.9865 -0.0194
vn 0.1629 -0.9864 -0.0193
vn -0.2079 0.9771 0.0455
vn -0.1601 -0.9870 0.0144
vn 0.1934 0.9809 -0.0188
vn 0.1563 -0.9874 -0.0232
vn -0.2070 0.9771 0.0493
vn -0.1592 -0.9873 0.0016
vn 0.1933 0.9811 -0.0048
vn 0.1434 -0.9894 -0.0229
vn 0.1435 -0.9894 -0.0229
vn -0.2022 0.9782 0.0467
vn -0.2021 0.9782 0.0467
vn -0.1562 -0.9877 -0.0051
vn 0.1920 0.9814 -0.0005
vn 0.1920 0.9814 -0.0006
vn 0.1216 -0.9924 -0.0193
vn 0.1218 -0.9924 -0.0193
vn -0.1907 0.9809 0.0379
vn -0.1906 0.9809 0.0378
vn -0.1509 -0.9885 -0.0027
vn 0.1897 0.9818 -0.0106
vn 0.0956 -0.9953 -0.0179
vn 0.0958 -0.9952 -0.0179
vn -0.1711 0.9849 0.0261
vn -0.1709 0.9849 0.0261
vn -0.0265 -0.9996 0.0050
vn 0.0415 0.9991 -0.0058
vn -0.1420 -0.9899 0.0034
vn 0.1852 0.9825 -0.0213
vn 0.1851 0.9825 -0.0214
vn 0.0724 -0.9972 -0.0186
vn 0.0725 -0.9972 -0.0186
vn -0.1435 0.9895 0.0165
vn -0.1432 0.9896 0.0164
vn -0.1277 -0.9918 0.0088
vn -0.1278 -0.9918 0.0088
vn 0.1778 0.9836 -0.0286
vn 0.1778 0.9837 -0.0287
vn 0.0541 -0.9984 -0.0166
vn -0.1090 0.9940 0.0104
vn -0.1087 0.9940 0.0104
vn 0.0225 -0.9997 0.0043
vn -0.0300 0.9995 0.0003
vn -0.1060 -0.9943 0.0111
vn -0.1062 -0.9943 0.0111
vn 0.1665 0.9856 -0.0300
vn 0.1664 0.9856 -0.0300
vn 0.0403 -0.9991 -0.0116
vn -0.0712 0.9974 0.0055
vn -0.0710 0.9975 0.0055
vn 0.0290 -0.9995 0.0077
vn -0.0379 0.9993 -0.0047
vn -0.0821 -0.9965 0.0152
vn -0.0823 -0.9965 0.0151
vn 0.1500 0.9883 -0.0275
vn 0.1498 0.9883 -0.0275
vn 0.0279 -0.9996 -0.0064
vn -0.0406 0.9992 0.0008
vn 0.0350 -0.9993 0.0117
vn -0.0469 0.9989 -0.0098
vn -0.0622 -0.9979 0.0194
vn -0.0623 -0.9979 0.0194
vn 0.1271 0.9916 -0.0245
vn 0.1268 0.9916 -0.0245
vn 0.0147 -0.9999 -0.0028
vn -0.0198 0.9998 -0.0026
vn 0.0405 -0.9991 0.0158
vn -0.0666 0.9977 -0.0160
vn -0.0664 0.9977 -0.0159
vn -0.0494 -0.9986 0.0196
vn 0.0990 0.9948 -0.0220
vn 0.0986 0.9949 -0.0220
vn -0.0066 -1.0000 -0.0019
vn 0.0101 0.9999 -0.0037
vn 0.0477 -0.9987 0.0188
vn -0.0966 0.9951 -0.0215
vn -0.0963 0.9951 -0.0215
vn -0.0429 -0.9989 0.0171
vn -0.0867 0.0029 -0.9962
vn -0.0876 0.0061 -0.9961
vn -0.0002 0.0059 -1.0000
vn -0.4227 0.0070 -0.9062
vn -0.4254 0.0098 -0.9050
vn -0.3139 0.0075 -0.9494
vn 0.9848 0.1598 -0.0677
vn 0.9753 0.1750 -0.1348
vn 0.3121 0.0046 -0.9500
vn 0.1994 0.0034 -0.9799
vn 0.2005 0.0065 -0.9797
vn 0.3137 0.0074 -0.9495
vn -0.7955 0.0995 0.5978
vn -0.7240 0.0736 0.6858
vn -0.8006 0.1188 0.5872
vn 0.3154 0.0081 0.9489
vn 0.4321 0.0217 0.9016
vn 0.4429 0.0388 0.8957
vn 0.3217 0.0158 0.9467
vn -0.8944 0.1530 0.4203
vn -0.8543 0.1379 0.5012
vn -0.8580 0.1559 0.4895
vn -0.8958 0.1700 0.4108
vn -0.7263 0.0529 -0.6854
vn -0.8036 0.0814 -0.5896
vn -0.8119 0.1083 -0.5737
vn -0.7368 0.0790 -0.6715
vn -0.9328 0.1515 -0.3271
vn -0.9335 0.1695 -0.3160
vn -0.9068 0.1529 -0.3929
vn 0.0864 -0.0003 -0.9963
vn 0.0867 0.0028 -0.9962
vn 0.9869 0.1610 0.0025
vn 0.5452 0.0438 0.8371
vn 0.5574 0.0684 0.8274
vn 0.4237 0.0062 0.9058
vn 0.5357 0.0208 0.8442
vn -0.9320 0.1336 -0.3368
vn -0.9530 0.1474 -0.2647
vn -0.9772 0.1589 0.1406
vn -0.9647 0.1568 0.2116
vn -0.9747 0.1746 0.1393
vn 0.6466 0.0709 0.7595
vn 0.6578 0.0957 0.7471
vn 0.1986 0.0003 -0.9801
vn -0.8674 0.1325 -0.4796
vn 0.9839 0.1619 0.0754
vn -0.3109 0.0018 -0.9504
vn -0.4209 0.0042 -0.9071
vn -0.6247 0.0137 -0.7807
vn -0.7178 0.0285 -0.6957
vn -0.6330 0.0291 -0.7736
vn 0.7319 0.0977 0.6744
vn 0.7409 0.1192 0.6610
vn -0.9446 0.1698 0.2808
vn -0.9236 0.1639 0.3467
vn -0.9230 0.1802 0.3401
vn -0.9425 0.1855 0.2779
vn -0.9672 0.1551 -0.2014
vn -0.9778 0.1581 -0.1379
vn 0.3107 0.0011 0.9505
vn 0.8008 0.1209 0.5866
vn 0.8072 0.1397 0.5735
vn 0.0872 0.0061 -0.9962
vn 0.9764 0.1617 0.1432
vn -0.9510 0.1819 -0.2499
vn 0.3111 0.0017 -0.9504
vn 0.8542 0.1402 0.5007
vn 0.8581 0.1573 0.4889
vn -0.0858 -0.0012 0.9963
vn -0.0867 0.0018 0.9962
vn -0.9872 0.1593 0.0009
vn -0.9844 0.1597 0.0739
vn -0.9816 0.1758 0.0743
vn -0.9848 0.1589 -0.0704
vn 0.8941 0.1556 0.4200
vn 0.8956 0.1717 0.4103
vn 0.7172 0.0275 -0.6963
vn 0.6244 0.0134 -0.7810
vn 0.6325 0.0283 -0.7740
vn 0.7256 0.0517 -0.6861
vn 0.9638 0.1603 0.2131
vn -0.9723 0.1916 -0.1340
vn -0.9627 0.1891 -0.1937
vn 0.1985 -0.0005 0.9801
vn 0.9230 0.1668 0.3467
vn 0.9226 0.1822 0.3400
vn -0.1985 0.0004 -0.9801
vn -0.1994 0.0035 -0.9799
vn -0.9599 0.1881 0.2077
vn -0.9720 0.1905 0.1376
vn 0.4210 0.0041 -0.9071
vn 0.9439 0.1729 0.2813
vn 0.9420 0.1879 0.2782
vn -0.1981 -0.0004 0.9802
vn -0.1998 0.0029 0.9798
vn 0.9459 0.1576 0.2838
vn -0.9815 0.1916 0.0027
vn -0.9791 0.1918 -0.0683
vn -0.5257 0.0076 -0.8507
vn -0.5306 0.0137 -0.8475
vn 0.9591 0.1906 0.2093
vn 0.7961 0.0537 -0.6027
vn 0.8031 0.0801 -0.5904
vn -0.9466 0.1539 0.2832
vn 0.0863 -0.0013 0.9963
vn 0.0867 0.0017 0.9962
vn 0.9711 0.1925 0.1408
vn -0.2007 0.0066 -0.9796
vn 0.9235 0.1513 0.3524
vn -0.9786 0.1917 0.0747
vn 0.5257 0.0075 -0.8506
vn 0.5304 0.0133 -0.8476
vn 0.9782 0.1932 0.0766
vn -0.3104 0.0013 0.9506
vn -0.3151 0.0078 0.9490
vn -0.9242 0.1476 0.3522
vn -0.8933 0.1362 0.4283
vn -0.6434 0.0460 -0.7641
vn 0.9812 0.1927 0.0047
vn 0.8564 0.0852 -0.5093
vn 0.8614 0.1084 -0.4962
vn 0.8928 0.1396 0.4282
vn 0.9792 0.1924 -0.0647
vn -0.4229 0.0060 0.9061
vn -0.4314 0.0208 0.9019
vn -0.8512 0.1201 0.5109
vn 0.9725 0.1918 -0.1323
vn 0.9009 0.1126 -0.4192
vn 0.8510 0.1233 0.5105
vn 0.9627 0.1891 -0.1937
vn -0.5347 0.0194 0.8448
vn -0.5443 0.0424 0.8378
vn -0.6370 0.0442 0.7696
vn -0.6460 0.0690 0.7602
vn 0.9521 0.1645 -0.2578
vn 0.9511 0.1818 -0.2498
vn 0.9320 0.1330 -0.3373
vn 0.9327 0.1511 -0.3274
vn 0.7955 0.1025 0.5972
vn -0.6572 0.0946 0.7477
vn -0.7404 0.1181 0.6617
vn 0.9335 0.1693 -0.3161
vn -0.9011 0.1137 -0.4185
vn -0.5567 0.0670 0.8280
vn 0.9067 0.1524 -0.3932
vn 0.9530 0.1471 -0.2649
vn 0.6427 0.0447 -0.7648
vn 0.7361 0.0777 -0.6724
vn 0.7244 0.0765 0.6851
vn -0.4424 0.0374 0.8960
vn -0.0002 0.0045 1.0000
vn -0.0881 0.0047 0.9961
vn 0.8672 0.1318 -0.4802
vn -0.5371 0.0203 -0.8433
vn -0.0861 -0.0003 -0.9963
vn -0.3217 0.0150 0.9467
vn 0.5366 0.0195 -0.8436
vn 0.9671 0.1551 -0.2014
vn 0.0874 0.0046 0.9962
vn 0.8115 0.1073 -0.5745
vn -0.7966 0.0552 -0.6020
vn -0.2024 0.0062 0.9793
vn -0.8069 0.1385 0.5743
vn 0.4251 0.0095 -0.9051
vn 0.6376 0.0468 0.7689
vn 0.2020 0.0062 0.9794
vn -0.8567 0.0867 -0.5085
vn -0.0441 0.7114 -0.7014
vn 0.0057 0.7109 -0.7032
vn 0.0058 0.7109 -0.7032
vn -0.0433 0.7114 -0.7014
vn -0.0348 0.7092 0.7042
vn -0.1032 0.7104 0.6962
vn -0.1015 0.7103 0.6965
vn -0.0336 0.7092 0.7042
vn 0.4389 0.7571 -0.4838
vn 0.4729 0.7755 -0.4183
vn 0.4709 0.7744 -0.4226
vn 0.4366 0.7559 -0.4878
vn -0.2659 0.7144 -0.6473
vn -0.1928 0.7124 -0.6748
vn -0.1915 0.7123 -0.6752
vn -0.2644 0.7143 -0.6480
vn -0.1724 0.7163 0.6762
vn -0.1697 0.7159 0.6772
vn 0.4983 0.7908 -0.3553
vn 0.4968 0.7898 -0.3596
vn 0.0511 0.7113 -0.7010
vn 0.0507 0.7113 -0.7010
vn -0.2380 0.7299 0.6408
vn -0.2345 0.7289 0.6432
vn 0.5166 0.8037 -0.2953
vn 0.5155 0.8029 -0.2993
vn -0.2968 0.7477 0.5941
vn -0.2930 0.7464 0.5975
vn 0.5292 0.8143 -0.2384
vn 0.5286 0.8137 -0.2418
vn -0.3494 0.7646 0.5416
vn -0.3456 0.7634 0.5457
vn 0.5384 0.8222 -0.1848
vn 0.5380 0.8219 -0.1874
vn -0.3960 0.7794 0.4854
vn -0.3926 0.7783 0.4900
vn 0.5455 0.8268 -0.1370
vn 0.5453 0.8267 -0.1385
vn -0.4350 0.7924 0.4277
vn -0.4322 0.7915 0.4322
vn 0.5511 0.8287 -0.0976
vn 0.5509 0.8287 -0.0984
vn -0.4664 0.8037 0.3695
vn -0.4643 0.8029 0.3738
vn 0.5552 0.8294 -0.0615
vn 0.5551 0.8294 -0.0624
vn -0.4919 0.8132 0.3110
vn -0.4904 0.8127 0.3147
vn 0.5574 0.8302 -0.0116
vn 0.5574 0.8302 -0.0126
vn -0.5129 0.8204 0.2528
vn -0.5120 0.8201 0.2556
vn 0.5545 0.8304 0.0547
vn 0.5545 0.8304 0.0548
vn -0.5306 0.8247 0.1960
vn -0.5301 0.8246 0.1976
vn 0.5477 0.8293 0.1111
vn 0.5476 0.8292 0.1119
vn -0.5435 0.8268 0.1448
vn -0.5433 0.8268 0.1456
vn 0.5391 0.8278 0.1553
vn 0.5388 0.8278 0.1564
vn -0.5508 0.8283 0.1032
vn -0.5507 0.8282 0.1038
vn 0.5257 0.8255 0.2055
vn 0.5251 0.8254 0.2074
vn -0.5561 0.8295 0.0522
vn -0.5561 0.8295 0.0523
vn 0.5082 0.8209 0.2605
vn 0.5071 0.8206 0.2636
vn -0.5583 0.8296 -0.0115
vn -0.5583 0.8295 -0.0124
vn 0.4877 0.8135 0.3168
vn 0.4861 0.8129 0.3206
vn -0.5557 0.8291 -0.0613
vn -0.5556 0.8291 -0.0621
vn 0.4625 0.8039 0.3740
vn 0.4602 0.8031 0.3785
vn -0.5512 0.8287 -0.0975
vn -0.5510 0.8287 -0.0983
vn 0.4309 0.7925 0.4316
vn 0.4280 0.7915 0.4363
vn -0.5459 0.8269 -0.1351
vn -0.5457 0.8268 -0.1364
vn 0.3934 0.7796 0.4874
vn 0.3901 0.7785 0.4917
vn -0.5398 0.8224 -0.1794
vn -0.5395 0.8222 -0.1816
vn 0.3500 0.7652 0.5404
vn 0.3465 0.7640 0.5443
vn -0.1181 0.7117 -0.6924
vn -0.1171 0.7117 -0.6926
vn -0.5313 0.8148 -0.2319
vn -0.5307 0.8143 -0.2352
vn 0.3003 0.7486 0.5911
vn 0.2968 0.7475 0.5943
vn -0.5184 0.8044 -0.2903
vn -0.5173 0.8036 -0.2943
vn 0.2443 0.7310 0.6371
vn 0.2413 0.7301 0.6393
vn 0.1208 0.7117 -0.6920
vn 0.1199 0.7117 -0.6922
vn -0.4995 0.7916 -0.3520
vn -0.4980 0.7906 -0.3563
vn 0.1816 0.7171 0.6729
vn 0.1795 0.7168 0.6738
vn 0.1952 0.7123 -0.6742
vn 0.1941 0.7123 -0.6745
vn -0.4733 0.7763 -0.4163
vn -0.4713 0.7752 -0.4207
vn 0.1148 0.7108 0.6940
vn 0.1137 0.7107 0.6942
vn 0.2680 0.7142 -0.6466
vn 0.2666 0.7141 -0.6472
vn -0.4385 0.7580 -0.4828
vn -0.4361 0.7568 -0.4869
vn 0.0480 0.7094 0.7032
vn 0.0474 0.7094 0.7032
vn 0.3367 0.7214 -0.6052
vn 0.3347 0.7211 -0.6067
vn -0.3935 0.7379 -0.5483
vn -0.3910 0.7369 -0.5515
vn 0.0070 0.7088 0.7054
vn 0.0071 0.7088 0.7054
vn 0.3947 0.7371 -0.5486
vn 0.3923 0.7361 -0.5516
vn -0.3350 0.7219 -0.6055
vn -0.3328 0.7215 -0.6071
vn -0.4026 -0.7009 -0.5889
vn -0.3251 -0.7037 -0.6318
vn -0.3241 -0.7037 -0.6323
vn -0.4014 -0.7009 -0.5896
vn -0.1596 -0.7068 -0.6892
vn -0.0753 -0.7074 -0.7028
vn -0.0747 -0.7074 -0.7028
vn -0.1588 -0.7068 -0.6894
vn 0.4752 -0.6960 -0.5383
vn 0.5488 -0.6852 -0.4789
vn 0.5470 -0.6855 -0.4804
vn 0.4739 -0.6961 -0.5393
vn -0.0047 -0.7076 0.7066
vn -0.0808 -0.7076 0.7020
vn -0.0798 -0.7076 0.7021
vn -0.0045 -0.7076 0.7066
vn -0.4765 -0.6957 -0.5375
vn -0.4752 -0.6958 -0.5385
vn 0.4008 -0.7010 -0.5899
vn 0.3997 -0.7010 -0.5905
vn 0.0718 -0.7077 0.7028
vn 0.0713 -0.7077 0.7029
vn -0.5497 -0.6845 -0.4788
vn -0.5479 -0.6849 -0.4803
vn 0.3229 -0.7038 -0.6328
vn 0.3219 -0.7038 -0.6332
vn 0.1608 -0.7069 0.6887
vn 0.1599 -0.7070 0.6889
vn -0.6187 -0.6652 -0.4180
vn -0.6167 -0.6659 -0.4199
vn 0.2410 -0.7057 -0.6663
vn 0.2401 -0.7057 -0.6665
vn 0.2493 -0.7052 0.6637
vn 0.2480 -0.7052 0.6642
vn -0.6793 -0.6423 -0.3549
vn -0.6772 -0.6432 -0.3574
vn 0.1568 -0.7069 -0.6897
vn 0.1561 -0.7069 -0.6899
vn 0.3385 -0.7006 0.6282
vn 0.3365 -0.7007 0.6291
vn -0.7266 -0.6219 -0.2920
vn -0.7251 -0.6225 -0.2943
vn 0.0678 -0.7076 -0.7033
vn 0.0675 -0.7076 -0.7034
vn 0.4290 -0.6892 0.5838
vn 0.4262 -0.6897 0.5853
vn -0.7588 -0.6064 -0.2376
vn -0.7580 -0.6068 -0.2392
vn 0.5169 -0.6703 0.5325
vn 0.5135 -0.6712 0.5347
vn -0.7803 -0.5957 -0.1903
vn -0.7798 -0.5960 -0.1915
vn -0.2436 -0.7056 -0.6654
vn -0.2426 -0.7056 -0.6658
vn 0.5975 -0.6483 0.4719
vn 0.5939 -0.6493 0.4750
vn -0.7944 -0.5896 -0.1463
vn -0.7941 -0.5897 -0.1471
vn 0.6633 -0.6284 0.4064
vn 0.6605 -0.6293 0.4096
vn -0.8038 -0.5871 -0.0959
vn -0.8037 -0.5872 -0.0968
vn 0.7114 -0.6124 0.3447
vn 0.7094 -0.6131 0.3476
vn -0.8091 -0.5863 -0.0390
vn -0.8091 -0.5863 -0.0399
vn 0.7458 -0.6001 0.2893
vn 0.7445 -0.6006 0.2915
vn -0.8103 -0.5859 0.0120
vn -0.8103 -0.5859 0.0115
vn 0.7691 -0.5916 0.2418
vn 0.7685 -0.5918 0.2432
vn -0.8088 -0.5856 0.0529
vn 0.7838 -0.5870 0.2027
vn 0.7836 -0.5870 0.2033
vn -0.8043 -0.5863 0.0968
vn -0.8042 -0.5863 0.0973
vn 0.7960 -0.5851 0.1551
vn 0.7959 -0.5851 0.1557
vn -0.7940 -0.5880 0.1546
vn -0.7938 -0.5880 0.1552
vn 0.8056 -0.5840 0.1003
vn 0.8055 -0.5840 0.1007
vn -0.7806 -0.5902 0.2058
vn -0.7804 -0.5902 0.2065
vn 0.8100 -0.5838 0.0552
vn -0.7648 -0.5949 0.2474
vn -0.7642 -0.5951 0.2487
vn 0.8113 -0.5845 0.0142
vn 0.8113 -0.5845 0.0137
vn -0.7407 -0.6033 0.2954
vn -0.7396 -0.6037 0.2974
vn 0.8099 -0.5855 -0.0352
vn 0.8099 -0.5855 -0.0362
vn -0.7059 -0.6155 0.3505
vn -0.7041 -0.6161 0.3531
vn 0.8042 -0.5868 -0.0942
vn 0.8041 -0.5869 -0.0952
vn -0.6574 -0.6313 0.4115
vn -0.6548 -0.6321 0.4144
vn 0.7948 -0.5895 -0.1443
vn 0.7946 -0.5896 -0.1451
vn -0.5925 -0.6509 0.4746
vn -0.5892 -0.6518 0.4774
vn 0.7817 -0.5957 -0.1846
vn 0.7812 -0.5960 -0.1859
vn -0.5144 -0.6723 0.5324
vn -0.5112 -0.6731 0.5345
vn 0.7607 -0.6066 -0.2311
vn 0.7597 -0.6071 -0.2330
vn -0.4294 -0.6903 0.5824
vn -0.4266 -0.6907 0.5839
vn 0.7279 -0.6224 -0.2876
vn 0.7263 -0.6232 -0.2902
vn -0.3418 -0.7007 0.6263
vn -0.3396 -0.7008 0.6273
vn 0.6797 -0.6432 -0.3525
vn 0.6775 -0.6441 -0.3551
vn -0.2553 -0.7049 0.6617
vn -0.2536 -0.7050 0.6623
vn -0.0061 -0.7073 -0.7069
vn -0.0059 -0.7073 -0.7069
vn 0.6184 -0.6661 -0.4169
vn 0.6163 -0.6669 -0.4189
vn -0.1686 -0.7067 0.6871
vn -0.1673 -0.7067 0.6875
vn -0.0723 0.3940 -0.9163
vn 0.0033 0.3930 -0.9195
vn 0.0064 0.7295 -0.6839
vn -0.0446 0.7333 -0.6785
vn 0.0082 0.9384 -0.3456
vn -0.0119 0.9388 -0.3443
vn -0.1733 0.3955 -0.9020
vn -0.1157 0.7349 -0.6683
vn -0.0437 0.9396 -0.3395
vn -0.2743 0.3974 -0.8757
vn -0.1868 0.7369 -0.6497
vn -0.0754 0.9406 -0.3309
vn -0.3731 0.3998 -0.8372
vn -0.2565 0.7392 -0.6227
vn -0.1063 0.9420 -0.3184
vn -0.4675 0.4027 -0.7870
vn -0.3233 0.7420 -0.5873
vn -0.1361 0.9436 -0.3020
vn -0.5550 0.4074 -0.7253
vn -0.3855 0.7456 -0.5435
vn -0.1639 0.9455 -0.2815
vn -0.6319 0.4186 -0.6523
vn -0.4402 0.7519 -0.4908
vn -0.1887 0.9479 -0.2567
vn -0.6942 0.4390 -0.5703
vn -0.4838 0.7620 -0.4306
vn -0.2092 0.9509 -0.2282
vn -0.7436 0.4621 -0.4833
vn -0.5166 0.7733 -0.3677
vn -0.2256 0.9534 -0.2001
vn -0.7818 0.4803 -0.3976
vn -0.5454 0.7799 -0.3071
vn -0.2412 0.9548 -0.1735
vn -0.8095 0.4930 -0.3188
vn -0.5692 0.7839 -0.2481
vn -0.2573 0.9556 -0.1434
vn -0.8287 0.5016 -0.2482
vn -0.5860 0.7871 -0.1927
vn -0.2702 0.9564 -0.1113
vn -0.8420 0.5064 -0.1862
vn -0.5973 0.7890 -0.1443
vn -0.2785 0.9568 -0.0831
vn -0.8518 0.5081 -0.1279
vn -0.6041 0.7904 -0.1016
vn -0.2835 0.9570 -0.0612
vn -0.8583 0.5084 -0.0695
vn -0.6096 0.7904 -0.0607
vn -0.2872 0.9569 -0.0429
vn -0.8610 0.5086 -0.0043
vn -0.6139 0.7893 -0.0097
vn -0.2906 0.9568 -0.0129
vn -0.8583 0.5088 0.0672
vn -0.6126 0.7886 0.0525
vn -0.2899 0.9565 0.0315
vn -0.8511 0.5083 0.1316
vn -0.6049 0.7894 0.1050
vn -0.2853 0.9563 0.0645
vn -0.8399 0.5072 0.1932
vn -0.5953 0.7895 0.1494
vn -0.2801 0.9561 0.0863
vn -0.8228 0.5056 0.2597
vn -0.5832 0.7869 0.2014
vn -0.2713 0.9553 0.1177
vn -0.8003 0.5015 0.3287
vn -0.5636 0.7844 0.2589
vn -0.2587 0.9534 0.1556
vn -0.7705 0.4939 0.4029
vn -0.5384 0.7802 0.3185
vn -0.2423 0.9510 0.1922
vn -0.7311 0.4835 0.4813
vn -0.5054 0.7756 0.3782
vn -0.2209 0.9491 0.2246
vn -0.6806 0.4703 0.5618
vn -0.4648 0.7710 0.4354
vn -0.1959 0.9483 0.2499
vn -0.6174 0.4531 0.6431
vn -0.4177 0.7653 0.4898
vn -0.1709 0.9477 0.2696
vn -0.5432 0.4317 0.7201
vn -0.3668 0.7556 0.5427
vn -0.1459 0.9462 0.2887
vn -0.4597 0.4125 0.7865
vn -0.3086 0.7465 0.5895
vn -0.1187 0.9443 0.3070
vn -0.3670 0.4015 0.8391
vn -0.2436 0.7410 0.6258
vn -0.0897 0.9427 0.3213
vn -0.2689 0.3974 0.8774
vn -0.1754 0.7383 0.6513
vn -0.0607 0.9416 0.3311
vn -0.1692 0.3953 0.9028
vn -0.1070 0.7365 0.6680
vn -0.0324 0.9409 0.3373
vn -0.0699 0.3938 0.9165
vn -0.0395 0.7351 0.6768
vn -0.0054 0.9403 0.3404
vn 0.0023 0.3928 0.9196
vn 0.0044 0.7319 0.6813
vn 0.0056 0.9400 0.3410
vn 0.0741 0.3937 0.9162
vn 0.0481 0.7352 0.6762
vn 0.0162 0.9404 0.3397
vn 0.1729 0.3951 0.9022
vn 0.1145 0.7365 0.6667
vn 0.0419 0.9409 0.3360
vn 0.2718 0.3971 0.8766
vn 0.1812 0.7383 0.6497
vn 0.0680 0.9417 0.3295
vn 0.3688 0.4017 0.8382
vn 0.2471 0.7412 0.6241
vn 0.0944 0.9428 0.3196
vn 0.4602 0.4136 0.7856
vn 0.3096 0.7473 0.5879
vn 0.1202 0.9446 0.3055
vn 0.5425 0.4339 0.7193
vn 0.3648 0.7572 0.5418
vn 0.1439 0.9467 0.2884
vn 0.6156 0.4556 0.6430
vn 0.4131 0.7670 0.4910
vn 0.1652 0.9481 0.2718
vn 0.6777 0.4730 0.5630
vn 0.4583 0.7729 0.4389
vn 0.1874 0.9488 0.2544
vn 0.7279 0.4866 0.4832
vn 0.4983 0.7780 0.3826
vn 0.2109 0.9501 0.2300
vn 0.7671 0.4973 0.4053
vn 0.5313 0.7830 0.3233
vn 0.2323 0.9523 0.1980
vn 0.7973 0.5047 0.3310
vn 0.5587 0.7865 0.2632
vn 0.2514 0.9544 0.1611
vn 0.8207 0.5084 0.2607
vn 0.5811 0.7880 0.2033
vn 0.2688 0.9557 0.1203
vn 0.8383 0.5097 0.1937
vn 0.5944 0.7902 0.1493
vn 0.2802 0.9561 0.0859
vn 0.8498 0.5102 0.1324
vn 0.6042 0.7900 0.1046
vn 0.2858 0.9562 0.0631
vn 0.8573 0.5103 0.0677
vn 0.6117 0.7893 0.0523
vn 0.2901 0.9565 0.0306
vn 0.8603 0.5098 -0.0038
vn 0.6137 0.7895 -0.0099
vn 0.2906 0.9567 -0.0138
vn 0.8580 0.5091 -0.0686
vn 0.6092 0.7906 -0.0610
vn 0.2871 0.9569 -0.0443
vn 0.8517 0.5083 -0.1275
vn 0.6037 0.7907 -0.1017
vn 0.2834 0.9570 -0.0618
vn 0.8417 0.5064 -0.1872
vn 0.5972 0.7886 -0.1464
vn 0.2778 0.9568 -0.0861
vn 0.8279 0.5014 -0.2512
vn 0.5850 0.7863 -0.1987
vn 0.2687 0.9558 -0.1194
vn 0.8085 0.4922 -0.3226
vn 0.5678 0.7826 -0.2553
vn 0.2568 0.9543 -0.1528
vn 0.7811 0.4788 -0.4008
vn 0.5451 0.7777 -0.3131
vn 0.2427 0.9530 -0.1813
vn 0.7433 0.4600 -0.4857
vn 0.5175 0.7705 -0.3723
vn 0.2287 0.9514 -0.2065
vn 0.6944 0.4369 -0.5718
vn 0.4855 0.7590 -0.4338
vn 0.2131 0.9488 -0.2333
vn 0.6323 0.4170 -0.6529
vn 0.4423 0.7493 -0.4928
vn 0.1929 0.9460 -0.2605
vn 0.5557 0.4063 -0.7254
vn 0.3880 0.7436 -0.5445
vn 0.1683 0.9439 -0.2842
vn 0.4685 0.4020 -0.7867
vn 0.3261 0.7404 -0.5877
vn 0.1405 0.9423 -0.3038
vn 0.3744 0.3992 -0.8369
vn 0.2595 0.7380 -0.6228
vn 0.1107 0.9410 -0.3197
vn 0.2757 0.3970 -0.8754
vn 0.1900 0.7360 -0.6498
vn 0.0796 0.9400 -0.3317
vn 0.1748 0.3952 -0.9018
vn 0.1189 0.7343 -0.6683
vn 0.0478 0.9392 -0.3400
vn 0.0762 0.3938 -0.9160
vn 0.0526 0.7337 -0.6774
vn 0.0221 0.9386 -0.3443
vn 0.0140 -0.9316 0.3633
vn -0.0083 -0.9311 0.3647
vn -0.0068 -0.7653 0.6436
vn 0.0404 -0.7692 0.6377
vn -0.0043 -0.5102 0.8600
vn 0.0642 -0.5116 0.8568
vn 0.0477 -0.9324 0.3582
vn 0.1068 -0.7707 0.6282
vn 0.1580 -0.5134 0.8435
vn 0.0817 -0.9334 0.3493
vn 0.1732 -0.7724 0.6111
vn 0.2513 -0.5152 0.8194
vn 0.1152 -0.9347 0.3362
vn 0.2383 -0.7745 0.5859
vn 0.3426 -0.5175 0.7841
vn 0.1473 -0.9363 0.3188
vn 0.3008 -0.7771 0.5529
vn 0.4300 -0.5205 0.7377
vn 0.1775 -0.9383 0.2967
vn 0.3589 -0.7804 0.5119
vn 0.5106 -0.5250 0.6809
vn 0.2044 -0.9410 0.2697
vn 0.4100 -0.7860 0.4628
vn 0.5812 -0.5341 0.6140
vn 0.2262 -0.9444 0.2386
vn 0.4511 -0.7944 0.4067
vn 0.6389 -0.5490 0.5389
vn 0.2426 -0.9474 0.2085
vn 0.4822 -0.8038 0.3484
vn 0.6858 -0.5654 0.4583
vn 0.2577 -0.9493 0.1804
vn 0.5104 -0.8087 0.2923
vn 0.7231 -0.5779 0.3783
vn 0.2737 -0.9503 0.1485
vn 0.5343 -0.8115 0.2366
vn 0.7510 -0.5863 0.3038
vn 0.2867 -0.9511 0.1152
vn 0.5514 -0.8138 0.1838
vn 0.7705 -0.5920 0.2364
vn 0.2952 -0.9516 0.0860
vn 0.5628 -0.8151 0.1376
vn 0.7838 -0.5952 0.1771
vn 0.3003 -0.9517 0.0632
vn 0.5694 -0.8163 0.0972
vn 0.7932 -0.5966 0.1223
vn 0.3043 -0.9516 0.0442
vn 0.5749 -0.8161 0.0590
vn 0.7997 -0.5965 0.0679
vn 0.3078 -0.9513 0.0133
vn 0.5795 -0.8149 0.0103
vn 0.8029 -0.5961 0.0058
vn 0.3071 -0.9511 -0.0327
vn 0.5785 -0.8141 -0.0503
vn 0.8005 -0.5959 -0.0639
vn 0.3020 -0.9509 -0.0670
vn 0.5706 -0.8150 -0.1009
vn 0.7932 -0.5959 -0.1258
vn 0.2965 -0.9509 -0.0893
vn 0.5611 -0.8154 -0.1424
vn 0.7822 -0.5954 -0.1835
vn 0.2875 -0.9501 -0.1214
vn 0.5496 -0.8130 -0.1922
vn 0.7659 -0.5937 -0.2469
vn 0.2742 -0.9482 -0.1603
vn 0.5303 -0.8109 -0.2475
vn 0.7437 -0.5903 -0.3138
vn 0.2570 -0.9459 -0.1980
vn 0.5052 -0.8075 -0.3044
vn 0.7140 -0.5848 -0.3849
vn 0.2348 -0.9439 -0.2321
vn 0.4725 -0.8040 -0.3610
vn 0.6750 -0.5777 -0.4590
vn 0.2091 -0.9428 -0.2595
vn 0.4326 -0.8008 -0.4142
vn 0.6254 -0.5693 -0.5337
vn 0.1840 -0.9419 -0.2811
vn 0.3870 -0.7970 -0.4637
vn 0.5645 -0.5583 -0.6080
vn 0.1585 -0.9400 -0.3020
vn 0.3389 -0.7895 -0.5117
vn 0.4945 -0.5442 -0.6777
vn 0.1295 -0.9377 -0.3224
vn 0.2842 -0.7824 -0.5542
vn 0.4173 -0.5313 -0.7373
vn 0.0981 -0.9359 -0.3382
vn 0.2235 -0.7781 -0.5870
vn 0.3325 -0.5238 -0.7843
vn 0.0666 -0.9349 -0.3487
vn 0.1603 -0.7760 -0.6101
vn 0.2427 -0.5207 -0.8185
vn 0.0360 -0.9341 -0.3551
vn 0.0969 -0.7746 -0.6249
vn 0.1515 -0.5192 -0.8411
vn 0.0073 -0.9336 -0.3583
vn 0.0348 -0.7736 -0.6328
vn 0.0606 -0.5179 -0.8533
vn -0.0056 -0.9333 -0.3591
vn -0.0047 -0.7704 -0.6376
vn -0.0031 -0.5168 -0.8561
vn -0.0181 -0.9337 -0.3575
vn -0.0438 -0.7738 -0.6319
vn -0.0663 -0.5181 -0.8527
vn -0.0456 -0.9343 -0.3536
vn -0.1047 -0.7749 -0.6233
vn -0.1564 -0.5196 -0.8399
vn -0.0740 -0.9350 -0.3468
vn -0.1662 -0.7764 -0.6080
vn -0.2464 -0.5213 -0.8170
vn -0.1028 -0.9362 -0.3361
vn -0.2270 -0.7788 -0.5847
vn -0.3345 -0.5249 -0.7827
vn -0.1310 -0.9382 -0.3205
vn -0.2849 -0.7837 -0.5520
vn -0.4174 -0.5334 -0.7357
vn -0.1563 -0.9406 -0.3013
vn -0.3364 -0.7915 -0.5103
vn -0.4929 -0.5472 -0.6765
vn -0.1780 -0.9425 -0.2830
vn -0.3817 -0.7990 -0.4646
vn -0.5613 -0.5616 -0.6079
vn -0.2004 -0.9435 -0.2639
vn -0.4252 -0.8030 -0.4175
vn -0.6208 -0.5729 -0.5352
vn -0.2248 -0.9450 -0.2374
vn -0.4645 -0.8068 -0.3652
vn -0.6698 -0.5818 -0.4613
vn -0.2470 -0.9473 -0.2040
vn -0.4972 -0.8106 -0.3093
vn -0.7089 -0.5891 -0.3878
vn -0.2669 -0.9493 -0.1661
vn -0.5246 -0.8132 -0.2521
vn -0.7396 -0.5940 -0.3164
vn -0.2847 -0.9505 -0.1241
vn -0.5472 -0.8141 -0.1942
vn -0.7634 -0.5964 -0.2481
vn -0.2963 -0.9509 -0.0889
vn -0.5603 -0.8160 -0.1423
vn -0.7807 -0.5972 -0.1838
vn -0.3023 -0.9510 -0.0656
vn -0.5701 -0.8155 -0.1003
vn -0.7921 -0.5972 -0.1262
vn -0.3071 -0.9511 -0.0318
vn -0.5777 -0.8147 -0.0500
vn -0.7997 -0.5970 -0.0641
vn -0.3078 -0.9514 0.0141
vn -0.5794 -0.8150 0.0106
vn -0.8023 -0.5969 0.0055
vn -0.3041 -0.9516 0.0457
vn -0.5746 -0.8163 0.0595
vn -0.7994 -0.5970 0.0673
vn -0.3002 -0.9517 0.0637
vn -0.5690 -0.8166 0.0974
vn -0.7931 -0.5968 0.1221
vn -0.2947 -0.9515 0.0888
vn -0.5628 -0.8147 0.1398
vn -0.7835 -0.5951 0.1785
vn -0.2854 -0.9505 0.1231
vn -0.5504 -0.8129 0.1901
vn -0.7697 -0.5914 0.2403
vn -0.2731 -0.9490 0.1578
vn -0.5330 -0.8101 0.2441
vn -0.7499 -0.5851 0.3087
vn -0.2590 -0.9474 0.1880
vn -0.5103 -0.8066 0.2984
vn -0.7226 -0.5759 0.3824
vn -0.2453 -0.9454 0.2146
vn -0.4834 -0.8010 0.3532
vn -0.6858 -0.5628 0.4614
vn -0.2297 -0.9423 0.2435
vn -0.4531 -0.7915 0.4103
vn -0.6396 -0.5463 0.5409
vn -0.2082 -0.9391 0.2733
vn -0.4124 -0.7834 0.4650
vn -0.5822 -0.5317 0.6150
vn -0.1815 -0.9368 0.2992
vn -0.3616 -0.7784 0.5132
vn -0.5119 -0.5233 0.6812
vn -0.1515 -0.9351 0.3204
vn -0.3038 -0.7755 0.5535
vn -0.4316 -0.5192 0.7377
vn -0.1193 -0.9338 0.3372
vn -0.2415 -0.7733 0.5862
vn -0.3445 -0.5165 0.7839
vn -0.0859 -0.9328 0.3500
vn -0.1765 -0.7715 0.6112
vn -0.2533 -0.5145 0.8193
vn -0.0516 -0.9321 0.3585
vn -0.1101 -0.7701 0.6283
vn -0.1601 -0.5130 0.8433
vn -0.0241 -0.9314 0.3631
vn -0.0488 -0.7697 0.6365
vn -0.0696 -0.5115 0.8565
vt 0.059239 0.844593
vt 0.047444 0.843694
vt 0.046960 0.827594
vt 0.058660 0.828409
vt 0.493401 0.170599
vt 0.493184 0.146974
vt 0.495475 0.146915
vt 0.495691 0.170568
vt 0.493003 0.244186
vt 0.493304 0.219583
vt 0.495595 0.219605
vt 0.495294 0.244232
vt 0.492530 0.268474
vt 0.494820 0.268543
vt 0.491874 0.292197
vt 0.494164 0.292289
vt 0.491025 0.315122
vt 0.493315 0.315234
vt 0.489975 0.337032
vt 0.492263 0.337162
vt 0.488712 0.357734
vt 0.491000 0.357881
vt 0.487230 0.377062
vt 0.489516 0.377223
vt 0.062047 0.541177
vt 0.040881 0.537833
vt 0.040973 0.535586
vt 0.062159 0.538934
vt 0.084605 0.544472
vt 0.084713 0.542235
vt 0.108387 0.547712
vt 0.108419 0.545480
vt 0.133260 0.548676
vt 0.133237 0.546443
vt 0.159011 0.549367
vt 0.159007 0.547133
vt 0.185342 0.549783
vt 0.185354 0.547546
vt 0.211935 0.549896
vt 0.211954 0.547658
vt 0.238395 0.549563
vt 0.238417 0.547326
vt 0.264351 0.548863
vt 0.264385 0.546628
vt 0.289471 0.547875
vt 0.289449 0.545642
vt 0.313520 0.544591
vt 0.313419 0.542352
vt 0.336299 0.541252
vt 0.336191 0.539009
vt 0.357605 0.537868
vt 0.357518 0.535622
vt 0.758746 0.034940
vt 0.757465 0.015319
vt 0.759753 0.015187
vt 0.761035 0.034821
vt 0.759787 0.055823
vt 0.762077 0.055720
vt 0.760597 0.077829
vt 0.762888 0.077743
vt 0.761186 0.100786
vt 0.763477 0.100720
vt 0.761565 0.124497
vt 0.763857 0.124454
vt 0.761747 0.148742
vt 0.764038 0.148724
vt 0.761741 0.173283
vt 0.764032 0.173290
vt 0.761560 0.197862
vt 0.763850 0.197895
vt 0.761213 0.222194
vt 0.763502 0.222254
vt 0.760705 0.245889
vt 0.762994 0.245976
vt 0.760105 0.268543
vt 0.762394 0.268653
vt 0.759362 0.289838
vt 0.761650 0.289970
vt 0.758482 0.309679
vt 0.760769 0.309827
vt 0.757465 0.327918
vt 0.759752 0.328078
vt 0.331869 0.007174
vt 0.314442 0.007648
vt 0.314373 0.005356
vt 0.331826 0.004882
vt 0.350818 0.006942
vt 0.350805 0.004650
vt 0.371135 0.006968
vt 0.371152 0.004675
vt 0.392679 0.007268
vt 0.392726 0.004976
vt 0.415319 0.007857
vt 0.415394 0.005566
vt 0.438924 0.008748
vt 0.439027 0.006458
vt 0.463358 0.009948
vt 0.463483 0.007659
vt 0.488465 0.011462
vt 0.488593 0.009173
vt 0.514046 0.013283
vt 0.514109 0.010994
vt 0.539921 0.013131
vt 0.539930 0.010841
vt 0.565866 0.013049
vt 0.565883 0.010759
vt 0.591507 0.012987
vt 0.591527 0.010696
vt 0.616431 0.012896
vt 0.616460 0.010606
vt 0.640324 0.012896
vt 0.640371 0.010606
vt 0.662906 0.012985
vt 0.662899 0.010696
vt 0.683937 0.011118
vt 0.683848 0.008829
vt 0.703241 0.009572
vt 0.703138 0.007283
vt 0.720628 0.008352
vt 0.720542 0.006062
vt 0.735957 0.007452
vt 0.735893 0.005161
vt 0.749134 0.006863
vt 0.749094 0.004572
vt 0.488576 0.033238
vt 0.487229 0.020552
vt 0.489516 0.020411
vt 0.490863 0.033098
vt 0.489744 0.047989
vt 0.492033 0.047854
vt 0.490744 0.064654
vt 0.493033 0.064528
vt 0.491581 0.083065
vt 0.493870 0.082951
vt 0.492263 0.103044
vt 0.494553 0.102944
vt 0.492797 0.124405
vt 0.495087 0.124323
vt 0.642923 0.850901
vt 0.643926 0.869558
vt 0.619273 0.870005
vt 0.620091 0.851275
vt 0.493438 0.194937
vt 0.495729 0.194934
vt 0.086629 0.922973
vt 0.073767 0.922938
vt 0.073714 0.920221
vt 0.086568 0.920274
vt 0.250749 0.103945
vt 0.235704 0.103767
vt 0.234684 0.084005
vt 0.251636 0.084136
vt 0.233642 0.064254
vt 0.252525 0.064281
vt 0.232588 0.044518
vt 0.253416 0.044371
vt 0.231534 0.024797
vt 0.254308 0.024445
vt 0.220923 0.105238
vt 0.218017 0.085721
vt 0.215058 0.066269
vt 0.212063 0.046903
vt 0.209054 0.027634
vt 0.137219 0.921856
vt 0.125156 0.922436
vt 0.125079 0.919751
vt 0.137135 0.919156
vt 0.206560 0.108345
vt 0.201812 0.089255
vt 0.196969 0.070278
vt 0.192056 0.051449
vt 0.187104 0.032785
vt 0.148525 0.921203
vt 0.148434 0.918486
vt 0.192764 0.113051
vt 0.186237 0.094557
vt 0.179564 0.076214
vt 0.172774 0.058063
vt 0.165910 0.040132
vt 0.158958 0.920486
vt 0.158857 0.917750
vt 0.179676 0.119305
vt 0.171452 0.101567
vt 0.163020 0.084002
vt 0.154415 0.066656
vt 0.145685 0.049565
vt 0.168415 0.919713
vt 0.168302 0.916955
vt 0.167421 0.127048
vt 0.157602 0.110216
vt 0.147503 0.093563
vt 0.137160 0.077139
vt 0.126629 0.060987
vt 0.176806 0.918896
vt 0.176679 0.916114
vt 0.156109 0.136206
vt 0.144813 0.120426
vt 0.133157 0.104815
vt 0.121174 0.089428
vt 0.108926 0.074311
vt 0.184050 0.918050
vt 0.183896 0.915224
vt 0.145832 0.146700
vt 0.133194 0.132111
vt 0.120105 0.117670
vt 0.106598 0.103433
vt 0.092735 0.089449
vt 0.673005 0.289376
vt 0.673250 0.295997
vt 0.670421 0.296028
vt 0.670055 0.289337
vt 0.136656 0.158434
vt 0.122823 0.145173
vt 0.108445 0.132030
vt 0.093546 0.119059
vt 0.078189 0.106310
vt 0.672672 0.281422
vt 0.669562 0.281292
vt 0.128638 0.171311
vt 0.113754 0.159501
vt 0.098239 0.147783
vt 0.082096 0.136197
vt 0.065386 0.124792
vt 0.672148 0.272133
vt 0.668908 0.271938
vt 0.121918 0.185298
vt 0.106004 0.174966
vt 0.089513 0.164797
vt 0.072288 0.154716
vt 0.054384 0.144770
vt 0.671539 0.261707
vt 0.668201 0.261475
vt 0.116434 0.200165
vt 0.099644 0.191471
vt 0.082251 0.182922
vt 0.064112 0.174466
vt 0.045195 0.166094
vt 0.670991 0.250364
vt 0.667580 0.250122
vt 0.112015 0.215659
vt 0.094595 0.208799
vt 0.076400 0.201981
vt 0.057506 0.195267
vt 0.037759 0.188587
vt 0.670600 0.238280
vt 0.667144 0.238052
vt 0.108555 0.231611
vt 0.090688 0.226696
vt 0.071923 0.221768
vt 0.052432 0.216903
vt 0.032015 0.212034
vt 0.670334 0.225595
vt 0.666863 0.225401
vt 0.106178 0.247927
vt 0.087971 0.245007
vt 0.068807 0.242054
vt 0.048901 0.239121
vt 0.028021 0.236158
vt 0.669944 0.212330
vt 0.666446 0.212170
vt 0.104942 0.264420
vt 0.086541 0.263533
vt 0.067136 0.262606
vt 0.047019 0.261664
vt 0.025918 0.260680
vt 0.669462 0.198660
vt 0.665945 0.198538
vt 0.104850 0.280957
vt 0.086436 0.282115
vt 0.067005 0.283234
vt 0.046910 0.284294
vt 0.025855 0.285298
vt 0.669267 0.184691
vt 0.665742 0.184609
vt 0.105901 0.297401
vt 0.087626 0.300584
vt 0.068340 0.303728
vt 0.048473 0.306751
vt 0.027711 0.309692
vt 0.669393 0.170527
vt 0.665881 0.170489
vt 0.108015 0.313564
vt 0.090018 0.318727
vt 0.071064 0.323843
vt 0.051623 0.328764
vt 0.031369 0.333566
vt 0.669483 0.156345
vt 0.666019 0.156355
vt 0.111274 0.329269
vt 0.093669 0.336354
vt 0.075211 0.343370
vt 0.056371 0.350104
vt 0.036795 0.356683
vt 0.669552 0.142280
vt 0.666144 0.142338
vt 0.115529 0.344442
vt 0.098479 0.353367
vt 0.080816 0.362125
vt 0.062774 0.370562
vt 0.044068 0.378818
vt 0.669921 0.128430
vt 0.666595 0.128534
vt 0.120881 0.358968
vt 0.104622 0.369591
vt 0.088007 0.379901
vt 0.070911 0.389945
vt 0.053266 0.399771
vt 0.670518 0.114872
vt 0.667293 0.115011
vt 0.127446 0.372689
vt 0.112263 0.384796
vt 0.096784 0.396552
vt 0.080804 0.408095
vt 0.064388 0.419387
vt 0.671234 0.101702
vt 0.668127 0.101860
vt 0.135343 0.385388
vt 0.121434 0.398778
vt 0.107131 0.411943
vt 0.092427 0.424876
vt 0.077390 0.437535
vt 0.671986 0.089040
vt 0.669014 0.089200
vt 0.144610 0.396833
vt 0.131975 0.411493
vt 0.118996 0.425955
vt 0.105710 0.440171
vt 0.092181 0.454104
vt 0.672625 0.077039
vt 0.669809 0.077182
vt 0.155066 0.406997
vt 0.143809 0.422839
vt 0.132291 0.438480
vt 0.120549 0.453875
vt 0.108640 0.468992
vt 0.673009 0.065892
vt 0.670373 0.065995
vt 0.166586 0.415830
vt 0.156840 0.432719
vt 0.146902 0.449419
vt 0.136810 0.465888
vt 0.126614 0.482099
vt 0.673205 0.055682
vt 0.670724 0.055743
vt 0.179068 0.423249
vt 0.170945 0.441045
vt 0.162691 0.458676
vt 0.154338 0.476108
vt 0.145927 0.493321
vt 0.673261 0.046483
vt 0.670862 0.046528
vt 0.192391 0.429184
vt 0.185988 0.447734
vt 0.179503 0.466159
vt 0.172959 0.484433
vt 0.166390 0.502543
vt 0.668142 0.970077
vt 0.658660 0.968707
vt 0.658873 0.966316
vt 0.668343 0.967721
vt 0.206422 0.433571
vt 0.201816 0.452711
vt 0.197165 0.471777
vt 0.192486 0.490754
vt 0.187799 0.509638
vt 0.678635 0.971371
vt 0.678827 0.969040
vt 0.221014 0.436361
vt 0.218265 0.455911
vt 0.215498 0.475446
vt 0.212720 0.494963
vt 0.209941 0.514469
vt 0.690034 0.972565
vt 0.690219 0.970251
vt 0.236014 0.437520
vt 0.235161 0.457286
vt 0.234307 0.477096
vt 0.233452 0.496960
vt 0.232593 0.516842
vt 0.702216 0.973645
vt 0.702397 0.971336
vt 0.251063 0.437693
vt 0.252117 0.457412
vt 0.253194 0.477118
vt 0.254283 0.496808
vt 0.255369 0.516487
vt 0.714700 0.974387
vt 0.714877 0.972055
vt 0.265856 0.436206
vt 0.268795 0.455681
vt 0.271789 0.475087
vt 0.274818 0.494409
vt 0.277858 0.513639
vt 0.727414 0.974983
vt 0.727588 0.972618
vt 0.280234 0.433079
vt 0.285016 0.452126
vt 0.289894 0.471057
vt 0.294840 0.489844
vt 0.299820 0.508470
vt 0.740223 0.975441
vt 0.740393 0.973033
vt 0.294049 0.428348
vt 0.300611 0.446797
vt 0.307319 0.465095
vt 0.314140 0.483205
vt 0.321032 0.501100
vt 0.752995 0.975770
vt 0.753160 0.973313
vt 0.307160 0.422065
vt 0.315420 0.439755
vt 0.323886 0.457276
vt 0.332522 0.474581
vt 0.341280 0.491636
vt 0.765600 0.975985
vt 0.765759 0.973440
vt 0.319440 0.414289
vt 0.329298 0.431071
vt 0.339431 0.447678
vt 0.349805 0.464060
vt 0.360364 0.480175
vt 0.777909 0.976103
vt 0.778052 0.973401
vt 0.330780 0.405095
vt 0.342115 0.420822
vt 0.353809 0.436384
vt 0.365825 0.451727
vt 0.378101 0.466806
vt 0.789798 0.976101
vt 0.789907 0.973207
vt 0.341066 0.394540
vt 0.353767 0.409095
vt 0.366895 0.423482
vt 0.380439 0.437671
vt 0.394332 0.451615
vt 0.801127 0.975899
vt 0.801187 0.972848
vt 0.350122 0.382627
vt 0.364170 0.395989
vt 0.378594 0.409071
vt 0.393534 0.421988
vt 0.408923 0.434693
vt 0.811812 0.975609
vt 0.811814 0.972418
vt 0.357943 0.369565
vt 0.373200 0.381558
vt 0.388840 0.393265
vt 0.405030 0.404788
vt 0.421778 0.416142
vt 0.687485 0.676691
vt 0.689362 0.688105
vt 0.686248 0.687889
vt 0.684264 0.676470
vt 0.364612 0.355577
vt 0.380818 0.365959
vt 0.397606 0.376198
vt 0.414888 0.386204
vt 0.432837 0.396089
vt 0.685903 0.664486
vt 0.682597 0.664280
vt 0.370223 0.340830
vt 0.387157 0.349439
vt 0.404894 0.358026
vt 0.423108 0.366396
vt 0.442084 0.374688
vt 0.684645 0.651612
vt 0.681297 0.651439
vt 0.374863 0.325459
vt 0.392362 0.332192
vt 0.410764 0.338942
vt 0.429739 0.345562
vt 0.449560 0.352144
vt 0.683754 0.638175
vt 0.680402 0.638047
vt 0.378375 0.309524
vt 0.396330 0.314314
vt 0.415251 0.319142
vt 0.434823 0.323914
vt 0.455312 0.328688
vt 0.682988 0.624224
vt 0.679612 0.624136
vt 0.380844 0.293222
vt 0.399120 0.296010
vt 0.418385 0.298844
vt 0.438364 0.301684
vt 0.459313 0.304554
vt 0.682344 0.609948
vt 0.678953 0.609904
vt 0.382206 0.276733
vt 0.400649 0.277485
vt 0.420070 0.278285
vt 0.440249 0.279133
vt 0.461420 0.280027
vt 0.682228 0.595495
vt 0.678844 0.595495
vt 0.382376 0.260192
vt 0.400814 0.258901
vt 0.420199 0.257664
vt 0.440351 0.256511
vt 0.461476 0.255414
vt 0.682548 0.580975
vt 0.679179 0.581018
vt 0.381404 0.243732
vt 0.399686 0.240423
vt 0.418870 0.237181
vt 0.438780 0.234066
vt 0.459614 0.231029
vt 0.682969 0.566508
vt 0.679620 0.566592
vt 0.379350 0.227535
vt 0.397358 0.222248
vt 0.416143 0.217074
vt 0.435622 0.212065
vt 0.455949 0.207165
vt 0.683476 0.552262
vt 0.680140 0.552389
vt 0.376281 0.211710
vt 0.393821 0.204539
vt 0.411961 0.197562
vt 0.430829 0.190746
vt 0.450452 0.184076
vt 0.684188 0.538322
vt 0.680888 0.538481
vt 0.372086 0.196415
vt 0.388907 0.187523
vt 0.406277 0.178852
vt 0.424366 0.170332
vt 0.443108 0.162003
vt 0.685163 0.524808
vt 0.681922 0.524980
vt 0.366602 0.181876
vt 0.382518 0.171424
vt 0.399045 0.161124
vt 0.416184 0.151009
vt 0.433866 0.141126
vt 0.686424 0.511863
vt 0.683264 0.512028
vt 0.359731 0.168329
vt 0.374717 0.156345
vt 0.390235 0.144525
vt 0.406254 0.132922
vt 0.422704 0.121582
vt 0.687861 0.499682
vt 0.684811 0.499812
vt 0.351602 0.155826
vt 0.365512 0.142412
vt 0.379856 0.129186
vt 0.394598 0.116200
vt 0.409668 0.103498
vt 0.689362 0.488470
vt 0.686453 0.488536
vt 0.342267 0.144461
vt 0.354943 0.129742
vt 0.367962 0.115224
vt 0.381284 0.100959
vt 0.394844 0.086986
vt 0.025675 0.921969
vt 0.015057 0.921589
vt 0.015100 0.918635
vt 0.025672 0.919137
vt 0.331787 0.134335
vt 0.343082 0.118439
vt 0.354639 0.102745
vt 0.366417 0.087303
vt 0.378356 0.072148
vt 0.036961 0.922315
vt 0.036939 0.919531
vt 0.320244 0.125536
vt 0.330027 0.108597
vt 0.340003 0.091847
vt 0.350130 0.075332
vt 0.360356 0.059083
vt 0.048812 0.922601
vt 0.048778 0.919841
vt 0.307742 0.118147
vt 0.315900 0.100304
vt 0.324191 0.082625
vt 0.332579 0.065148
vt 0.341021 0.047896
vt 0.061120 0.922812
vt 0.061075 0.920075
vt 0.294401 0.112238
vt 0.300839 0.093643
vt 0.307360 0.075171
vt 0.313939 0.056852
vt 0.320540 0.038702
vt 0.280357 0.107870
vt 0.284996 0.088688
vt 0.289682 0.069576
vt 0.294397 0.050553
vt 0.299117 0.031628
vt 0.112460 0.922765
vt 0.112388 0.920092
vt 0.265754 0.105095
vt 0.268537 0.085503
vt 0.271340 0.065923
vt 0.274153 0.046359
vt 0.276965 0.026811
vt 0.099572 0.922915
vt 0.099505 0.920230
vt 0.097322 0.845848
vt 0.084418 0.845701
vt 0.083796 0.829483
vt 0.096754 0.829680
vt 0.592488 0.290200
vt 0.593558 0.297157
vt 0.577524 0.295779
vt 0.576596 0.288624
vt 0.720631 0.903289
vt 0.708020 0.903055
vt 0.709429 0.887728
vt 0.722133 0.887886
vt 0.036443 0.842620
vt 0.036104 0.826643
vt 0.170571 0.839255
vt 0.163711 0.840805
vt 0.162618 0.824682
vt 0.169259 0.823259
vt 0.696109 0.901737
vt 0.697643 0.886387
vt 0.614151 0.474348
vt 0.611797 0.484678
vt 0.596211 0.486438
vt 0.598378 0.475993
vt 0.155386 0.842232
vt 0.154484 0.826021
vt 0.685318 0.899983
vt 0.687014 0.884629
vt 0.609578 0.495919
vt 0.594211 0.497749
vt 0.145694 0.843487
vt 0.144956 0.827233
vt 0.675814 0.897868
vt 0.677707 0.882530
vt 0.607556 0.507836
vt 0.592427 0.509683
vt 0.134777 0.844525
vt 0.134172 0.828279
vt 0.600667 0.043005
vt 0.599614 0.052139
vt 0.584221 0.053964
vt 0.585257 0.044675
vt 0.605786 0.520185
vt 0.590901 0.521986
vt 0.122829 0.845313
vt 0.122312 0.829120
vt 0.598223 0.062276
vt 0.582874 0.064202
vt 0.604318 0.532740
vt 0.589661 0.534418
vt 0.099236 0.909353
vt 0.112099 0.909241
vt 0.596578 0.073199
vt 0.581302 0.075162
vt 0.603189 0.545316
vt 0.588719 0.546788
vt 0.071639 0.845275
vt 0.071013 0.829050
vt 0.594769 0.084691
vt 0.579592 0.086622
vt 0.602367 0.557826
vt 0.588028 0.558999
vt 0.592923 0.096544
vt 0.577895 0.098365
vt 0.601794 0.570292
vt 0.587510 0.571091
vt 0.591164 0.108573
vt 0.576263 0.110211
vt 0.601254 0.582991
vt 0.587022 0.583418
vt 0.589527 0.120653
vt 0.574742 0.122032
vt 0.600867 0.595701
vt 0.586624 0.595748
vt 0.588113 0.132718
vt 0.573413 0.133775
vt 0.601000 0.608352
vt 0.586831 0.608034
vt 0.587011 0.144797
vt 0.572342 0.145486
vt 0.601948 0.620874
vt 0.587777 0.620215
vt 0.586152 0.157004
vt 0.571424 0.157299
vt 0.603066 0.633152
vt 0.588853 0.632156
vt 0.585281 0.169315
vt 0.570549 0.169186
vt 0.604372 0.644979
vt 0.590146 0.643702
vt 0.584480 0.181651
vt 0.569700 0.181112
vt 0.606023 0.656446
vt 0.591733 0.654855
vt 0.584414 0.193957
vt 0.569566 0.193093
vt 0.608090 0.667711
vt 0.593669 0.665876
vt 0.584795 0.205873
vt 0.569871 0.204606
vt 0.610537 0.678712
vt 0.595944 0.676713
vt 0.585361 0.217641
vt 0.570394 0.216090
vt 0.613311 0.689298
vt 0.598531 0.687221
vt 0.585800 0.228889
vt 0.570831 0.227097
vt 0.802194 0.895873
vt 0.792554 0.897339
vt 0.793396 0.882142
vt 0.802745 0.880797
vt 0.586526 0.240151
vt 0.571485 0.238217
vt 0.782047 0.898772
vt 0.783137 0.883470
vt 0.587529 0.251322
vt 0.572353 0.249334
vt 0.770735 0.900181
vt 0.772025 0.884772
vt 0.588719 0.262186
vt 0.573370 0.260221
vt 0.758747 0.901417
vt 0.760178 0.885961
vt 0.251531 0.848112
vt 0.249036 0.856200
vt 0.230815 0.854238
vt 0.233594 0.844516
vt 0.589999 0.272471
vt 0.574461 0.270592
vt 0.746254 0.902397
vt 0.747769 0.886926
vt 0.110183 0.845826
vt 0.109646 0.829660
vt 0.591281 0.281896
vt 0.575557 0.280150
vt 0.733468 0.903045
vt 0.735006 0.887593
vt 0.229401 0.864401
vt 0.217200 0.864252
vt 0.218482 0.852935
vt 0.206962 0.864194
vt 0.207991 0.851901
vt 0.094692 0.809717
vt 0.106857 0.809735
vt 0.108727 0.818791
vt 0.096012 0.818799
vt 0.221336 0.842077
vt 0.210796 0.840063
vt 0.082523 0.809530
vt 0.083239 0.818599
vt 0.237658 0.835397
vt 0.225668 0.831871
vt 0.215263 0.828904
vt 0.070596 0.809187
vt 0.070674 0.818203
vt 0.242902 0.827019
vt 0.231356 0.822484
vt 0.221256 0.818619
vt 0.059134 0.808710
vt 0.058564 0.817636
vt 0.249202 0.819497
vt 0.238262 0.814054
vt 0.228617 0.809367
vt 0.048332 0.808123
vt 0.047122 0.816927
vt 0.256409 0.812914
vt 0.246222 0.806689
vt 0.237170 0.801277
vt 0.038357 0.807457
vt 0.036535 0.816110
vt 0.264360 0.807317
vt 0.255055 0.800455
vt 0.246722 0.794435
vt 0.230709 0.797587
vt 0.240709 0.790273
vt 0.026949 0.815223
vt 0.026245 0.825597
vt 0.272877 0.802708
vt 0.264564 0.795371
vt 0.257059 0.788878
vt 0.251581 0.784326
vt 0.584406 0.500445
vt 0.586194 0.489309
vt 0.281777 0.799041
vt 0.274535 0.791398
vt 0.267949 0.784580
vt 0.575588 0.516988
vt 0.576911 0.505909
vt 0.582842 0.512154
vt 0.290881 0.796214
vt 0.284758 0.788433
vt 0.279155 0.781439
vt 0.574497 0.528333
vt 0.581531 0.524188
vt 0.300040 0.794074
vt 0.295044 0.786304
vt 0.290453 0.779273
vt 0.573636 0.539727
vt 0.580486 0.536309
vt 0.309144 0.792416
vt 0.305250 0.784776
vt 0.301667 0.777827
vt 0.572985 0.551005
vt 0.579701 0.548330
vt 0.318151 0.790989
vt 0.315309 0.783567
vt 0.312707 0.776795
vt 0.572479 0.562091
vt 0.579118 0.560158
vt 0.327112 0.789525
vt 0.325269 0.782374
vt 0.323613 0.775909
vt 0.572052 0.573035
vt 0.578659 0.571837
vt 0.336472 0.789138
vt 0.335591 0.782120
vt 0.334828 0.776373
vt 0.571866 0.584231
vt 0.578250 0.583758
vt 0.345762 0.788551
vt 0.345866 0.781486
vt 0.346002 0.775747
vt 0.571748 0.595426
vt 0.577901 0.595676
vt 0.355121 0.789382
vt 0.356211 0.782392
vt 0.357237 0.776688
vt 0.346156 0.769731
vt 0.358095 0.770698
vt 0.578225 0.607565
vt 0.364412 0.790051
vt 0.366481 0.782959
vt 0.368414 0.776580
vt 0.572684 0.617774
vt 0.572199 0.606609
vt 0.579012 0.619376
vt 0.373428 0.791787
vt 0.376478 0.784455
vt 0.379336 0.777788
vt 0.573453 0.628627
vt 0.580007 0.630937
vt 0.382346 0.793493
vt 0.386314 0.786238
vt 0.390021 0.779669
vt 0.574670 0.639208
vt 0.581265 0.642153
vt 0.390677 0.796488
vt 0.395598 0.789252
vt 0.400222 0.782660
vt 0.576167 0.649256
vt 0.582800 0.652920
vt 0.398857 0.799657
vt 0.404765 0.792498
vt 0.410330 0.785967
vt 0.403845 0.777758
vt 0.414676 0.781143
vt 0.584620 0.663576
vt 0.406920 0.803179
vt 0.413837 0.796191
vt 0.420344 0.789829
vt 0.425395 0.785171
vt 0.586734 0.674088
vt 0.414816 0.807245
vt 0.422739 0.800548
vt 0.430162 0.794481
vt 0.435874 0.790089
vt 0.589134 0.684320
vt 0.422445 0.812005
vt 0.431339 0.805740
vt 0.439619 0.800107
vt 0.445927 0.796080
vt 0.793407 0.872204
vt 0.802449 0.871002
vt 0.429667 0.817569
vt 0.439463 0.811884
vt 0.448515 0.806819
vt 0.455334 0.803251
vt 0.783462 0.873401
vt 0.436321 0.823994
vt 0.446923 0.819033
vt 0.456638 0.814661
vt 0.772644 0.866177
vt 0.782791 0.865175
vt 0.772662 0.874544
vt 0.442241 0.831290
vt 0.453526 0.827186
vt 0.463778 0.823613
vt 0.761776 0.867085
vt 0.761111 0.875638
vt 0.447260 0.839420
vt 0.459085 0.836285
vt 0.469741 0.833598
vt 0.750323 0.867897
vt 0.748976 0.876537
vt 0.451228 0.848304
vt 0.463433 0.846230
vt 0.474338 0.844493
vt 0.738472 0.868472
vt 0.736458 0.877166
vt 0.454012 0.857827
vt 0.466425 0.856878
vt 0.477409 0.856129
vt 0.726438 0.868741
vt 0.723791 0.877451
vt 0.455488 0.867841
vt 0.467918 0.868052
vt 0.478804 0.868303
vt 0.714470 0.868631
vt 0.711247 0.877316
vt 0.453716 0.877789
vt 0.466099 0.879160
vt 0.477052 0.880410
vt 0.703661 0.867406
vt 0.699751 0.876012
vt 0.450669 0.887201
vt 0.462818 0.889688
vt 0.473665 0.891922
vt 0.484812 0.881335
vt 0.481451 0.893529
vt 0.689415 0.874312
vt 0.446456 0.895935
vt 0.458194 0.899468
vt 0.468773 0.902641
vt 0.476463 0.904918
vt 0.680396 0.872293
vt 0.441210 0.903880
vt 0.452378 0.908363
vt 0.462537 0.912406
vt 0.470015 0.915321
vt 0.573882 0.057051
vt 0.574851 0.047835
vt 0.435085 0.910962
vt 0.445546 0.916278
vt 0.455141 0.921099
vt 0.462295 0.924604
vt 0.572628 0.067157
vt 0.428246 0.917151
vt 0.437880 0.923164
vt 0.446787 0.928651
vt 0.453512 0.932678
vt 0.571175 0.077928
vt 0.420861 0.922460
vt 0.429576 0.929024
vt 0.437695 0.935053
vt 0.561484 0.093816
vt 0.562795 0.083239
vt 0.569612 0.089144
vt 0.413091 0.926955
vt 0.420820 0.933918
vt 0.428069 0.940352
vt 0.560139 0.104580
vt 0.568099 0.100590
vt 0.405071 0.930747
vt 0.411785 0.937969
vt 0.418107 0.944667
vt 0.558819 0.115378
vt 0.566615 0.112101
vt 0.396901 0.933994
vt 0.402598 0.941353
vt 0.407971 0.948186
vt 0.557574 0.126109
vt 0.565227 0.123555
vt 0.388624 0.936886
vt 0.393330 0.944291
vt 0.397757 0.951152
vt 0.556444 0.136752
vt 0.563996 0.134910
vt 0.380202 0.939604
vt 0.383954 0.946997
vt 0.387461 0.953802
vt 0.555455 0.147380
vt 0.562966 0.146226
vt 0.371231 0.941024
vt 0.374062 0.948463
vt 0.376717 0.955340
vt 0.554529 0.158110
vt 0.562035 0.157633
vt 0.362161 0.942479
vt 0.364017 0.949648
vt 0.365756 0.956200
vt 0.553920 0.168848
vt 0.561204 0.169074
vt 0.352848 0.942854
vt 0.353728 0.949894
vt 0.354582 0.955751
vt 0.553354 0.179406
vt 0.560462 0.180530
vt 0.343464 0.943397
vt 0.343356 0.950481
vt 0.343319 0.956341
vt 0.552995 0.190352
vt 0.560222 0.192145
vt 0.334192 0.942528
vt 0.333099 0.949541
vt 0.332164 0.955389
vt 0.552924 0.200741
vt 0.560419 0.203235
vt 0.324843 0.941868
vt 0.322787 0.948990
vt 0.320936 0.955541
vt 0.553230 0.211520
vt 0.560886 0.214438
vt 0.315928 0.940153
vt 0.312866 0.947519
vt 0.310061 0.954350
vt 0.553626 0.221568
vt 0.561306 0.225149
vt 0.306967 0.938476
vt 0.302847 0.946029
vt 0.299055 0.953011
vt 0.554105 0.231698
vt 0.561876 0.235976
vt 0.297916 0.936565
vt 0.292691 0.944218
vt 0.287888 0.951256
vt 0.554684 0.241860
vt 0.562603 0.246826
vt 0.288825 0.934174
vt 0.282472 0.941806
vt 0.276658 0.948783
vt 0.555339 0.251871
vt 0.563443 0.257485
vt 0.279808 0.931100
vt 0.272340 0.938564
vt 0.265548 0.945342
vt 0.556038 0.261483
vt 0.564344 0.267675
vt 0.271021 0.927194
vt 0.262490 0.934325
vt 0.254789 0.940755
vt 0.260531 0.950304
vt 0.249166 0.945406
vt 0.565252 0.277104
vt 0.262644 0.922359
vt 0.253136 0.928989
vt 0.244621 0.934927
vt 0.238474 0.939178
vt 0.566118 0.285501
vt 0.254862 0.916554
vt 0.244492 0.922525
vt 0.235276 0.927839
vt 0.228697 0.931610
vt 0.566894 0.292631
vt 0.247854 0.909785
vt 0.236754 0.914955
vt 0.226967 0.919532
vt 0.220056 0.922757
vt 0.160406 0.814046
vt 0.166812 0.812768
vt 0.241781 0.902103
vt 0.230103 0.906351
vt 0.219886 0.910097
vt 0.212751 0.912724
vt 0.152524 0.815269
vt 0.236789 0.893595
vt 0.224697 0.896823
vt 0.214204 0.899665
vt 0.206962 0.901656
vt 0.143261 0.816398
vt 0.232998 0.884377
vt 0.220672 0.886514
vt 0.210072 0.888402
vt 0.129511 0.808372
vt 0.139380 0.807457
vt 0.132751 0.817396
vt 0.230511 0.874592
vt 0.218143 0.875592
vt 0.207622 0.876503
vt 0.118607 0.809164
vt 0.121167 0.818231
vt 0.098812 0.893603
vt 0.111657 0.893525
vt 0.098352 0.877785
vt 0.111190 0.877734
vt 0.097855 0.861875
vt 0.110698 0.861843
vt 0.715643 0.961980
vt 0.728335 0.962467
vt 0.716782 0.947522
vt 0.729458 0.947903
vt 0.717963 0.933032
vt 0.730658 0.933251
vt 0.719225 0.918345
vt 0.732006 0.918271
vt 0.659217 0.296151
vt 0.658576 0.289184
vt 0.642434 0.295341
vt 0.641434 0.287933
vt 0.625521 0.293862
vt 0.624325 0.286102
vt 0.608814 0.292048
vt 0.607551 0.283991
vt 0.060896 0.909077
vt 0.073499 0.909269
vt 0.060567 0.893178
vt 0.073131 0.893427
vt 0.060174 0.877149
vt 0.072701 0.877533
vt 0.059738 0.860873
vt 0.072204 0.861482
vt 0.741118 0.962786
vt 0.742226 0.948057
vt 0.743462 0.933017
vt 0.744813 0.917763
vt 0.657726 0.280798
vt 0.640288 0.279215
vt 0.623016 0.277114
vt 0.606197 0.274766
vt 0.124769 0.908873
vt 0.124306 0.893118
vt 0.123827 0.877289
vt 0.123335 0.861361
vt 0.753858 0.962952
vt 0.754948 0.947817
vt 0.756131 0.932391
vt 0.757399 0.916896
vt 0.656782 0.271206
vt 0.639099 0.269403
vt 0.621691 0.267124
vt 0.604839 0.264616
vt 0.766420 0.962881
vt 0.767411 0.947225
vt 0.768450 0.931451
vt 0.769552 0.915743
vt 0.655863 0.260618
vt 0.637980 0.258715
vt 0.620457 0.256367
vt 0.603578 0.253801
vt 0.778631 0.962484
vt 0.779429 0.946365
vt 0.780240 0.930276
vt 0.781099 0.914382
vt 0.655087 0.249234
vt 0.637049 0.247357
vt 0.619430 0.245068
vt 0.602523 0.242568
vt 0.790334 0.961863
vt 0.790861 0.945338
vt 0.791367 0.928985
vt 0.791909 0.912957
vt 0.654554 0.237220
vt 0.636410 0.235498
vt 0.618717 0.233405
vt 0.601778 0.231115
vt 0.801417 0.961152
vt 0.801610 0.944264
vt 0.801749 0.927660
vt 0.801910 0.911499
vt 0.654239 0.224698
vt 0.636048 0.223245
vt 0.618316 0.221477
vt 0.601351 0.219538
vt 0.811820 0.960411
vt 0.811637 0.943191
vt 0.657794 0.685368
vt 0.660497 0.696004
vt 0.644309 0.693936
vt 0.641472 0.683288
vt 0.628560 0.691629
vt 0.625698 0.680998
vt 0.653765 0.211588
vt 0.635515 0.210405
vt 0.617748 0.208974
vt 0.600771 0.207407
vt 0.674533 0.687077
vt 0.672332 0.675651
vt 0.655383 0.673997
vt 0.638947 0.672013
vt 0.623162 0.669849
vt 0.653222 0.198096
vt 0.634948 0.197219
vt 0.617187 0.196171
vt 0.600280 0.195041
vt 0.670493 0.663524
vt 0.653360 0.662029
vt 0.636824 0.660253
vt 0.621025 0.658329
vt 0.653004 0.184314
vt 0.634719 0.183742
vt 0.617044 0.183067
vt 0.600256 0.182343
vt 0.669111 0.650808
vt 0.651815 0.649566
vt 0.635178 0.648097
vt 0.619347 0.646515
vt 0.653172 0.170354
vt 0.635052 0.170112
vt 0.617580 0.169839
vt 0.600952 0.169559
vt 0.668212 0.637582
vt 0.650809 0.636659
vt 0.634016 0.635539
vt 0.618084 0.634332
vt 0.653416 0.156393
vt 0.635556 0.156490
vt 0.618292 0.156624
vt 0.601767 0.156793
vt 0.667377 0.623819
vt 0.649899 0.623195
vt 0.632998 0.622454
vt 0.616986 0.621654
vt 0.653667 0.142552
vt 0.635981 0.142989
vt 0.618874 0.143526
vt 0.602515 0.144138
vt 0.666686 0.609745
vt 0.649164 0.609445
vt 0.632214 0.609096
vt 0.616103 0.608721
vt 0.654298 0.128917
vt 0.636823 0.129678
vt 0.619868 0.130600
vt 0.603596 0.131635
vt 0.666592 0.595494
vt 0.649082 0.595524
vt 0.632138 0.595575
vt 0.616020 0.595639
vt 0.655216 0.115530
vt 0.637987 0.116562
vt 0.621202 0.117810
vt 0.605015 0.119205
vt 0.666957 0.581173
vt 0.649471 0.581530
vt 0.632534 0.581982
vt 0.616412 0.582488
vt 0.656306 0.102464
vt 0.639356 0.103689
vt 0.622761 0.105179
vt 0.606666 0.106845
vt 0.667439 0.566899
vt 0.649998 0.567574
vt 0.633087 0.568418
vt 0.616971 0.569358
vt 0.657491 0.089824
vt 0.640844 0.091151
vt 0.624443 0.092787
vt 0.608435 0.094629
vt 0.667984 0.552852
vt 0.650575 0.553849
vt 0.633684 0.555086
vt 0.617568 0.556459
vt 0.658630 0.077751
vt 0.642340 0.079080
vt 0.626184 0.080763
vt 0.610303 0.082679
vt 0.668802 0.539061
vt 0.651460 0.540319
vt 0.634599 0.541876
vt 0.618466 0.543601
vt 0.659600 0.066414
vt 0.643701 0.067645
vt 0.627812 0.069281
vt 0.612082 0.071180
vt 0.086323 0.909362
vt 0.085924 0.893570
vt 0.085476 0.877718
vt 0.084978 0.861781
vt 0.669947 0.525617
vt 0.652702 0.527044
vt 0.635878 0.528818
vt 0.619709 0.530786
vt 0.660301 0.056000
vt 0.644829 0.057030
vt 0.629231 0.058529
vt 0.613674 0.060328
vt 0.671445 0.512644
vt 0.654324 0.514129
vt 0.637539 0.516009
vt 0.621321 0.518102
vt 0.660626 0.046721
vt 0.645635 0.047435
vt 0.630354 0.048708
vt 0.614989 0.050331
vt 0.136799 0.908245
vt 0.136308 0.892448
vt 0.135814 0.876583
vt 0.135318 0.860628
vt 0.673211 0.500304
vt 0.656247 0.501733
vt 0.639513 0.503609
vt 0.623245 0.505720
vt 0.659780 0.956110
vt 0.669207 0.957594
vt 0.661372 0.941185
vt 0.670485 0.943023
vt 0.663345 0.926000
vt 0.672079 0.928147
vt 0.665508 0.910745
vt 0.673899 0.913069
vt 0.615947 0.041399
vt 0.148065 0.907537
vt 0.147540 0.891690
vt 0.147024 0.875783
vt 0.146429 0.859716
vt 0.675141 0.488793
vt 0.658381 0.490048
vt 0.641720 0.491816
vt 0.625413 0.493853
vt 0.679657 0.958972
vt 0.680858 0.944522
vt 0.682139 0.929969
vt 0.683660 0.915097
vt 0.158450 0.906756
vt 0.157882 0.890854
vt 0.157250 0.874818
vt 0.156357 0.858531
vt 0.015267 0.907149
vt 0.025662 0.907924
vt 0.677125 0.478328
vt 0.660629 0.479285
vt 0.644078 0.480847
vt 0.627756 0.482729
vt 0.691021 0.960218
vt 0.692193 0.945818
vt 0.693386 0.931384
vt 0.694663 0.916741
vt 0.167849 0.905913
vt 0.167204 0.889925
vt 0.166190 0.873570
vt 0.164957 0.857126
vt 0.036850 0.908430
vt 0.025835 0.891161
vt 0.036734 0.892107
vt 0.026084 0.874304
vt 0.036688 0.875470
vt 0.026301 0.857670
vt 0.036614 0.858914
vt 0.026389 0.841422
vt 0.703179 0.961314
vt 0.704330 0.946928
vt 0.705513 0.932507
vt 0.706733 0.917931
vt 0.176174 0.905022
vt 0.175189 0.888724
vt 0.173740 0.872103
vt 0.172129 0.855554
vt 0.048641 0.908793
vt 0.048367 0.892801
vt 0.048103 0.876440
vt 0.047811 0.860000
vt 0.183284 0.904032
vt 0.181755 0.887311
vt 0.179846 0.870485
vt 0.626526 0.300185
vt 0.609914 0.298722
vt 0.247633 0.864673
vt 0.248783 0.873174
vt 0.259510 0.833551
vt 0.255051 0.840528
vt 0.264805 0.827261
vt 0.270812 0.821712
vt 0.277400 0.816930
vt 0.284429 0.812902
vt 0.291761 0.809584
vt 0.299270 0.806892
vt 0.306855 0.804710
vt 0.314449 0.802894
vt 0.322036 0.801290
vt 0.329729 0.799964
vt 0.337673 0.799418
vt 0.345587 0.798952
vt 0.353558 0.799625
vt 0.361458 0.800404
vt 0.369170 0.801968
vt 0.376712 0.803796
vt 0.383909 0.806329
vt 0.390786 0.809341
vt 0.397485 0.812643
vt 0.403989 0.816354
vt 0.410237 0.820586
vt 0.416134 0.825422
vt 0.421565 0.830913
vt 0.426406 0.837075
vt 0.430528 0.843890
vt 0.433814 0.851304
vt 0.436156 0.859235
vt 0.437449 0.867576
vt 0.435902 0.875858
vt 0.433340 0.883695
vt 0.429849 0.890982
vt 0.425536 0.897641
vt 0.420522 0.903626
vt 0.414934 0.908921
vt 0.408897 0.913547
vt 0.402526 0.917558
vt 0.395911 0.921043
vt 0.389113 0.924113
vt 0.382145 0.926889
vt 0.374872 0.929181
vt 0.367275 0.930764
vt 0.359515 0.932084
vt 0.351592 0.932607
vt 0.343600 0.933036
vt 0.335700 0.932333
vt 0.327772 0.931553
vt 0.320120 0.930011
vt 0.312582 0.928195
vt 0.305045 0.926169
vt 0.297528 0.923781
vt 0.290102 0.920886
vt 0.282871 0.917372
vt 0.275965 0.913159
vt 0.269522 0.908204
vt 0.263682 0.902501
vt 0.258577 0.896077
vt 0.254328 0.888989
vt 0.251035 0.881320
vt 0.326414 0.864307
vt 0.326244 0.865820
vt 0.311180 0.865598
vt 0.311578 0.862759
vt 0.295899 0.865375
vt 0.296583 0.861199
vt 0.280237 0.865150
vt 0.281221 0.859599
vt 0.264129 0.864916
vt 0.265371 0.857935
vt 0.326745 0.862822
vt 0.312285 0.859998
vt 0.297737 0.857168
vt 0.282859 0.854274
vt 0.267475 0.851264
vt 0.327234 0.861381
vt 0.313287 0.857339
vt 0.299336 0.853324
vt 0.285111 0.849238
vt 0.270387 0.844991
vt 0.327873 0.859995
vt 0.314569 0.854807
vt 0.301349 0.849700
vt 0.287928 0.844540
vt 0.274039 0.839190
vt 0.328655 0.858676
vt 0.316112 0.852420
vt 0.303738 0.846325
vt 0.291251 0.840220
vt 0.278348 0.833916
vt 0.329572 0.857436
vt 0.317894 0.850196
vt 0.306465 0.843219
vt 0.295014 0.836302
vt 0.283220 0.829206
vt 0.330615 0.856284
vt 0.319895 0.848147
vt 0.309490 0.840393
vt 0.299150 0.832797
vt 0.288556 0.825072
vt 0.331779 0.855233
vt 0.322091 0.846285
vt 0.312771 0.837855
vt 0.303593 0.829703
vt 0.294253 0.821504
vt 0.333060 0.854295
vt 0.324460 0.844618
vt 0.316270 0.835605
vt 0.308280 0.827004
vt 0.300215 0.818467
vt 0.334430 0.853471
vt 0.326981 0.843151
vt 0.319953 0.833637
vt 0.313156 0.824673
vt 0.306358 0.815908
vt 0.335874 0.852765
vt 0.329632 0.841889
vt 0.323790 0.831944
vt 0.318179 0.822680
vt 0.312615 0.813754
vt 0.337383 0.852183
vt 0.332432 0.840885
vt 0.327755 0.830522
vt 0.323320 0.820990
vt 0.318946 0.811926
vt 0.338943 0.851730
vt 0.335321 0.840111
vt 0.331879 0.829450
vt 0.328563 0.819578
vt 0.325342 0.810351
vt 0.340540 0.851408
vt 0.338264 0.839556
vt 0.336111 0.828726
vt 0.334023 0.818726
vt 0.331926 0.809260
vt 0.342161 0.851219
vt 0.341243 0.839222
vt 0.340376 0.828273
vt 0.339522 0.818188
vt 0.338636 0.808684
vt 0.343791 0.851166
vt 0.344236 0.839114
vt 0.344656 0.828098
vt 0.345029 0.817931
vt 0.345341 0.808329
vt 0.345428 0.851269
vt 0.347243 0.839310
vt 0.348958 0.828394
vt 0.350569 0.818337
vt 0.352092 0.808860
vt 0.347042 0.851504
vt 0.350209 0.839725
vt 0.353208 0.828964
vt 0.356050 0.819030
vt 0.358777 0.809631
vt 0.348621 0.851871
vt 0.353120 0.840364
vt 0.357392 0.829809
vt 0.361451 0.820057
vt 0.365340 0.810927
vt 0.350153 0.852369
vt 0.355957 0.841225
vt 0.361464 0.831019
vt 0.366684 0.821620
vt 0.371716 0.812688
vt 0.351624 0.852994
vt 0.358688 0.842325
vt 0.365382 0.832558
vt 0.371757 0.823458
vt 0.377903 0.814795
vt 0.353023 0.853744
vt 0.361284 0.843666
vt 0.369134 0.834362
vt 0.376584 0.825725
vt 0.383707 0.817557
vt 0.354334 0.854612
vt 0.363728 0.845208
vt 0.372672 0.836476
vt 0.381115 0.828404
vt 0.389284 0.820603
vt 0.355547 0.855591
vt 0.365999 0.846946
vt 0.375938 0.838919
vt 0.385395 0.831379
vt 0.394628 0.823990
vt 0.356646 0.856679
vt 0.368081 0.848872
vt 0.378951 0.841612
vt 0.389399 0.834674
vt 0.399701 0.827781
vt 0.357622 0.857863
vt 0.369923 0.851004
vt 0.381685 0.844555
vt 0.393090 0.838310
vt 0.404445 0.832026
vt 0.358465 0.859131
vt 0.371532 0.853296
vt 0.384111 0.847744
vt 0.396421 0.842299
vt 0.408784 0.836759
vt 0.359167 0.860473
vt 0.372890 0.855734
vt 0.386200 0.851171
vt 0.399339 0.846642
vt 0.412632 0.841992
vt 0.359720 0.861878
vt 0.373982 0.858304
vt 0.387918 0.854821
vt 0.401788 0.851325
vt 0.415899 0.847712
vt 0.360117 0.863334
vt 0.374793 0.860985
vt 0.389236 0.858670
vt 0.403711 0.856323
vt 0.418497 0.853884
vt 0.360354 0.864828
vt 0.375308 0.863757
vt 0.390125 0.862689
vt 0.405058 0.861594
vt 0.420349 0.860449
vt 0.360427 0.866345
vt 0.375515 0.866595
vt 0.390551 0.866841
vt 0.405771 0.867086
vt 0.421372 0.867331
vt 0.360309 0.867858
vt 0.375222 0.869420
vt 0.389996 0.870970
vt 0.404887 0.872541
vt 0.420136 0.874164
vt 0.360028 0.869341
vt 0.374626 0.872169
vt 0.388992 0.874950
vt 0.403389 0.877755
vt 0.418099 0.880653
vt 0.359588 0.870781
vt 0.373738 0.874817
vt 0.387564 0.878746
vt 0.401324 0.882676
vt 0.415328 0.886723
vt 0.358995 0.872165
vt 0.372571 0.877344
vt 0.385741 0.882328
vt 0.398743 0.887265
vt 0.411901 0.892318
vt 0.358254 0.873481
vt 0.371142 0.879731
vt 0.383554 0.885676
vt 0.395702 0.891498
vt 0.407905 0.897408
vt 0.357374 0.874718
vt 0.369468 0.881964
vt 0.381036 0.888776
vt 0.392257 0.895363
vt 0.403432 0.901982
vt 0.356364 0.875866
vt 0.367565 0.884030
vt 0.378218 0.891619
vt 0.388462 0.898865
vt 0.398566 0.906056
vt 0.355233 0.876916
vt 0.365427 0.885880
vt 0.375128 0.894204
vt 0.384364 0.902017
vt 0.393383 0.909666
vt 0.353993 0.877852
vt 0.363106 0.887538
vt 0.371792 0.896531
vt 0.379998 0.904841
vt 0.387941 0.912865
vt 0.352656 0.878674
vt 0.360618 0.888995
vt 0.368193 0.898522
vt 0.375389 0.907362
vt 0.382273 0.915717
vt 0.351236 0.879376
vt 0.357984 0.890246
vt 0.364389 0.900196
vt 0.370497 0.909463
vt 0.376388 0.918280
vt 0.349747 0.879955
vt 0.355221 0.891253
vt 0.360427 0.901601
vt 0.365370 0.911127
vt 0.370139 0.920178
vt 0.348202 0.880405
vt 0.352361 0.892017
vt 0.356321 0.902674
vt 0.360092 0.912514
vt 0.363710 0.921725
vt 0.346612 0.880725
vt 0.349431 0.892563
vt 0.352112 0.903379
vt 0.354660 0.913362
vt 0.357108 0.922807
vt 0.344992 0.880911
vt 0.346453 0.892889
vt 0.347845 0.903816
vt 0.349159 0.913877
vt 0.350400 0.923359
vt 0.343353 0.880965
vt 0.343442 0.892994
vt 0.343535 0.903983
vt 0.343607 0.914118
vt 0.343634 0.923687
vt 0.341724 0.880865
vt 0.340452 0.892801
vt 0.339260 0.903685
vt 0.338107 0.913703
vt 0.336939 0.923136
vt 0.340109 0.880628
vt 0.337483 0.892379
vt 0.335009 0.903106
vt 0.332625 0.913004
vt 0.330246 0.922365
vt 0.338522 0.880260
vt 0.334557 0.891738
vt 0.330800 0.902261
vt 0.327190 0.911997
vt 0.323695 0.921089
vt 0.336976 0.879761
vt 0.331692 0.890881
vt 0.326707 0.901072
vt 0.321990 0.910436
vt 0.317347 0.919333
vt 0.335485 0.879135
vt 0.328921 0.889798
vt 0.322785 0.899537
vt 0.316900 0.908602
vt 0.311072 0.917329
vt 0.334062 0.878388
vt 0.326309 0.888461
vt 0.319000 0.897738
vt 0.311938 0.906469
vt 0.304881 0.915003
vt 0.332717 0.877526
vt 0.323832 0.886924
vt 0.315376 0.895668
vt 0.307133 0.904006
vt 0.298817 0.912279
vt 0.331465 0.876552
vt 0.321513 0.885191
vt 0.311945 0.893322
vt 0.302528 0.901181
vt 0.292947 0.909085
vt 0.330330 0.875469
vt 0.319373 0.883269
vt 0.308741 0.890696
vt 0.298179 0.897969
vt 0.287359 0.905367
vt 0.329323 0.874288
vt 0.317434 0.881166
vt 0.305802 0.887791
vt 0.294149 0.894358
vt 0.282148 0.901093
vt 0.328443 0.873023
vt 0.315718 0.878895
vt 0.303168 0.884613
vt 0.290504 0.890343
vt 0.277418 0.896258
vt 0.327700 0.871684
vt 0.314247 0.876468
vt 0.300880 0.881178
vt 0.287311 0.885939
vt 0.273268 0.890875
vt 0.327102 0.870281
vt 0.313041 0.873904
vt 0.298976 0.877504
vt 0.284636 0.881172
vt 0.269791 0.884984
vt 0.326657 0.868828
vt 0.312118 0.871221
vt 0.297492 0.873621
vt 0.282534 0.876082
vt 0.267066 0.878641
vt 0.326369 0.867336
vt 0.311494 0.868444
vt 0.296459 0.869565
vt 0.281055 0.870721
vt 0.265162 0.871922
vt 0.311747 0.140699
vt 0.300632 0.134103
vt 0.276288 0.124971
vt 0.263306 0.122527
vt 0.175875 0.142087
vt 0.165800 0.150294
vt 0.236775 0.419963
vt 0.250154 0.420146
vt 0.322015 0.148568
vt 0.186779 0.135158
vt 0.223438 0.418962
vt 0.331345 0.157636
vt 0.198418 0.129572
vt 0.210465 0.416504
vt 0.339666 0.167821
vt 0.210682 0.125383
vt 0.197993 0.412614
vt 0.346912 0.179046
vt 0.223449 0.122631
vt 0.186149 0.407332
vt 0.352942 0.191289
vt 0.236588 0.121346
vt 0.175052 0.400710
vt 0.357803 0.204344
vt 0.164805 0.392811
vt 0.361596 0.218015
vt 0.288772 0.128843
vt 0.155544 0.383655
vt 0.364405 0.232149
vt 0.147426 0.373269
vt 0.366294 0.246618
vt 0.140445 0.361861
vt 0.367168 0.261328
vt 0.134567 0.349601
vt 0.367012 0.276106
vt 0.129731 0.336634
vt 0.365792 0.290835
vt 0.125858 0.323084
vt 0.363573 0.305403
vt 0.122880 0.309054
vt 0.360405 0.319644
vt 0.120962 0.294607
vt 0.356194 0.333373
vt 0.120008 0.279913
vt 0.351109 0.346533
vt 0.120084 0.265141
vt 0.345098 0.359016
vt 0.121179 0.250405
vt 0.338104 0.370694
vt 0.123305 0.235824
vt 0.330085 0.381418
vt 0.126450 0.221578
vt 0.321029 0.391017
vt 0.130467 0.207746
vt 0.310955 0.399294
vt 0.135413 0.194461
vt 0.300027 0.406252
vt 0.141375 0.181887
vt 0.288367 0.411864
vt 0.148442 0.170235
vt 0.276085 0.416076
vt 0.249963 0.121534
vt 0.156633 0.159702
vt 0.263303 0.418846
vt 0.853841 0.012955
vt 0.869541 0.013953
vt 0.871040 0.023716
vt 0.855406 0.022559
vt 0.594749 0.867421
vt 0.597373 0.848919
vt 0.687455 0.842845
vt 0.692161 0.860359
vt 0.668313 0.866204
vt 0.665455 0.848032
vt 0.708698 0.835456
vt 0.715234 0.852211
vt 0.728969 0.825975
vt 0.737305 0.841890
vt 0.748067 0.814499
vt 0.758158 0.829504
vt 0.765810 0.801121
vt 0.777594 0.815146
vt 0.782036 0.785928
vt 0.795433 0.798897
vt 0.796615 0.769017
vt 0.811524 0.780842
vt 0.809458 0.750502
vt 0.825756 0.761085
vt 0.820518 0.730547
vt 0.838080 0.739781
vt 0.829773 0.709328
vt 0.848408 0.717156
vt 0.837260 0.686875
vt 0.856804 0.693170
vt 0.842990 0.663388
vt 0.863239 0.668002
vt 0.846965 0.639228
vt 0.867694 0.642058
vt 0.849052 0.614694
vt 0.870004 0.615652
vt 0.849107 0.590078
vt 0.869998 0.589151
vt 0.847253 0.565667
vt 0.867822 0.562923
vt 0.843582 0.541867
vt 0.863588 0.537423
vt 0.838087 0.518875
vt 0.857344 0.512789
vt 0.830726 0.496772
vt 0.849014 0.489121
vt 0.821464 0.475797
vt 0.838627 0.466690
vt 0.810287 0.456144
vt 0.826172 0.445681
vt 0.797235 0.437954
vt 0.811712 0.426222
vt 0.782392 0.421344
vt 0.795354 0.408420
vt 0.765881 0.406418
vt 0.777241 0.392371
vt 0.747853 0.393278
vt 0.757544 0.378172
vt 0.728485 0.382030
vt 0.736455 0.365934
vt 0.707968 0.372788
vt 0.714178 0.355780
vt 0.686504 0.365678
vt 0.690929 0.347861
vt 0.664305 0.360838
vt 0.666925 0.342384
vt 0.641590 0.358468
vt 0.642407 0.339791
vt 0.618754 0.358844
vt 0.617754 0.340238
vt 0.596214 0.361728
vt 0.593365 0.343605
vt 0.574211 0.366944
vt 0.569516 0.349474
vt 0.552969 0.374370
vt 0.546443 0.357652
vt 0.532700 0.383896
vt 0.524372 0.368010
vt 0.513605 0.395421
vt 0.503519 0.380440
vt 0.495864 0.408855
vt 0.484083 0.394853
vt 0.479638 0.424111
vt 0.466243 0.411164
vt 0.465060 0.441097
vt 0.450152 0.429292
vt 0.452223 0.459703
vt 0.435924 0.449138
vt 0.441180 0.479794
vt 0.423633 0.470580
vt 0.431932 0.501173
vt 0.413286 0.493434
vt 0.424462 0.523599
vt 0.404933 0.517432
vt 0.418733 0.546990
vt 0.398493 0.542467
vt 0.414759 0.571146
vt 0.394041 0.568406
vt 0.412669 0.595674
vt 0.391725 0.594806
vt 0.412608 0.620296
vt 0.391725 0.621312
vt 0.414462 0.644710
vt 0.393901 0.647545
vt 0.418134 0.668503
vt 0.398139 0.673040
vt 0.423628 0.691443
vt 0.404377 0.697575
vt 0.430984 0.713466
vt 0.412701 0.721151
vt 0.440241 0.734362
vt 0.423083 0.743499
vt 0.451414 0.753942
vt 0.435533 0.764433
vt 0.464462 0.772066
vt 0.449989 0.783825
vt 0.479300 0.788619
vt 0.466343 0.801569
vt 0.495808 0.803495
vt 0.484452 0.817568
vt 0.513831 0.816592
vt 0.504145 0.831725
vt 0.533196 0.827805
vt 0.525229 0.843930
vt 0.553710 0.837017
vt 0.547501 0.854057
vt 0.575172 0.844101
vt 0.570746 0.861958
vt 0.882491 0.617284
vt 0.889057 0.616351
vt 0.889811 0.626474
vt 0.883230 0.627543
vt 0.623568 0.771769
vt 0.622702 0.791590
vt 0.605721 0.790225
vt 0.608480 0.770618
vt 0.621834 0.811450
vt 0.602944 0.809812
vt 0.620963 0.831358
vt 0.600157 0.829377
vt 0.589194 0.787036
vt 0.593806 0.767838
vt 0.584538 0.806157
vt 0.579856 0.825181
vt 0.880410 0.569465
vt 0.886997 0.569111
vt 0.887215 0.581350
vt 0.880645 0.581876
vt 0.573305 0.782072
vt 0.579715 0.763463
vt 0.566815 0.800551
vt 0.560273 0.818872
vt 0.880244 0.556998
vt 0.886855 0.556806
vt 0.558199 0.775396
vt 0.566330 0.757542
vt 0.549943 0.793081
vt 0.541594 0.810558
vt 0.880153 0.544580
vt 0.886791 0.544555
vt 0.544030 0.767083
vt 0.553785 0.750136
vt 0.534092 0.783836
vt 0.524008 0.800349
vt 0.880137 0.532332
vt 0.886802 0.532476
vt 0.530936 0.757218
vt 0.542202 0.741318
vt 0.519419 0.772911
vt 0.507690 0.788348
vt 0.880189 0.520366
vt 0.886877 0.520679
vt 0.519038 0.745889
vt 0.531683 0.731172
vt 0.506062 0.760401
vt 0.492795 0.774657
vt 0.880291 0.508784
vt 0.887002 0.509279
vt 0.508435 0.733196
vt 0.522315 0.719789
vt 0.494137 0.746409
vt 0.479457 0.759380
vt 0.880419 0.497667
vt 0.887195 0.498368
vt 0.499199 0.719245
vt 0.514157 0.707265
vt 0.483730 0.731046
vt 0.467779 0.742625
vt 0.880576 0.487093
vt 0.887440 0.488022
vt 0.491377 0.704153
vt 0.507263 0.693696
vt 0.474894 0.714435
vt 0.457825 0.724514
vt 0.957971 0.282258
vt 0.950934 0.282973
vt 0.950966 0.271849
vt 0.957935 0.271084
vt 0.484985 0.688052
vt 0.501780 0.679144
vt 0.467646 0.696716
vt 0.449622 0.705194
vt 0.957837 0.294357
vt 0.950752 0.294997
vt 0.480096 0.671063
vt 0.497623 0.663862
vt 0.461977 0.678055
vt 0.443162 0.684848
vt 0.957690 0.307158
vt 0.950567 0.307723
vt 0.476602 0.653386
vt 0.494588 0.648070
vt 0.457822 0.658598
vt 0.438385 0.663623
vt 0.957631 0.320510
vt 0.950479 0.320991
vt 0.474291 0.635211
vt 0.492543 0.631871
vt 0.455107 0.638491
vt 0.435230 0.641641
vt 0.957644 0.334291
vt 0.950471 0.334641
vt 0.473197 0.616699
vt 0.491607 0.615372
vt 0.453790 0.617976
vt 0.433668 0.619165
vt 0.957447 0.348422
vt 0.950252 0.348615
vt 0.473405 0.598132
vt 0.491828 0.598850
vt 0.453935 0.597363
vt 0.433775 0.596541
vt 0.957078 0.362674
vt 0.949879 0.362739
vt 0.474932 0.579664
vt 0.493186 0.582434
vt 0.455615 0.576837
vt 0.435646 0.574006
vt 0.956934 0.376927
vt 0.949732 0.376891
vt 0.477737 0.561380
vt 0.495674 0.566164
vt 0.458737 0.556536
vt 0.439161 0.551759
vt 0.957045 0.391149
vt 0.949849 0.390988
vt 0.481709 0.543514
vt 0.499198 0.550236
vt 0.463208 0.536739
vt 0.444218 0.530126
vt 0.957049 0.405163
vt 0.949897 0.404850
vt 0.486880 0.526319
vt 0.503811 0.534914
vt 0.469041 0.517704
vt 0.450823 0.509365
vt 0.956939 0.418748
vt 0.949854 0.418308
vt 0.493149 0.509843
vt 0.509357 0.520231
vt 0.476274 0.499556
vt 0.459031 0.489597
vt 0.957078 0.431851
vt 0.950059 0.431323
vt 0.500682 0.494223
vt 0.515948 0.506256
vt 0.485020 0.482477
vt 0.468886 0.470996
vt 0.957367 0.444388
vt 0.950423 0.443767
vt 0.509631 0.479709
vt 0.523691 0.493144
vt 0.495256 0.466630
vt 0.480379 0.453755
vt 0.957691 0.456245
vt 0.950833 0.455526
vt 0.520016 0.466531
vt 0.532693 0.481128
vt 0.506949 0.452167
vt 0.493471 0.438018
vt 0.957973 0.467290
vt 0.951205 0.466470
vt 0.531670 0.454739
vt 0.542971 0.470475
vt 0.520034 0.439204
vt 0.508085 0.423900
vt 0.924816 0.768761
vt 0.918232 0.769629
vt 0.917383 0.759585
vt 0.924043 0.758493
vt 0.544504 0.444429
vt 0.554335 0.461216
vt 0.534420 0.427843
vt 0.524109 0.411501
vt 0.925338 0.779744
vt 0.918866 0.780368
vt 0.558411 0.435686
vt 0.566650 0.453389
vt 0.549985 0.418178
vt 0.541405 0.400912
vt 0.925703 0.791288
vt 0.919330 0.791686
vt 0.573262 0.428590
vt 0.579807 0.447059
vt 0.566587 0.410297
vt 0.559813 0.392221
vt 0.925973 0.803269
vt 0.919656 0.803468
vt 0.588911 0.423215
vt 0.593677 0.442290
vt 0.584060 0.404281
vt 0.579152 0.385522
vt 0.926124 0.815586
vt 0.919841 0.815602
vt 0.605196 0.419623
vt 0.608121 0.439131
vt 0.602224 0.400209
vt 0.599224 0.380911
vt 0.926129 0.828121
vt 0.919880 0.827960
vt 0.621946 0.417868
vt 0.622985 0.437623
vt 0.620887 0.398151
vt 0.619819 0.378479
vt 0.925976 0.840743
vt 0.919750 0.840410
vt 0.638996 0.417983
vt 0.638131 0.437787
vt 0.639861 0.398160
vt 0.640725 0.378312
vt 0.925641 0.853408
vt 0.919446 0.852924
vt 0.655989 0.419362
vt 0.653233 0.438949
vt 0.658760 0.399814
vt 0.661534 0.380313
vt 0.925000 0.865886
vt 0.918767 0.865246
vt 0.672516 0.422577
vt 0.667904 0.441751
vt 0.677165 0.403500
vt 0.681831 0.384539
vt 0.924215 0.877637
vt 0.917954 0.876839
vt 0.688417 0.427578
vt 0.682010 0.446158
vt 0.694893 0.409145
vt 0.701416 0.390884
vt 0.923324 0.888637
vt 0.917026 0.887687
vt 0.703526 0.434297
vt 0.695404 0.452118
vt 0.711763 0.416662
vt 0.720091 0.399237
vt 0.922355 0.898776
vt 0.916019 0.897677
vt 0.717690 0.442658
vt 0.707948 0.459567
vt 0.727605 0.425955
vt 0.737674 0.409488
vt 0.921344 0.907959
vt 0.914958 0.906692
vt 0.730771 0.452574
vt 0.719525 0.468432
vt 0.742269 0.436929
vt 0.753993 0.421533
vt 0.920325 0.916114
vt 0.913849 0.914627
vt 0.742655 0.463952
vt 0.730029 0.478634
vt 0.755621 0.449487
vt 0.768891 0.435272
vt 0.919273 0.923135
vt 0.912691 0.921409
vt 0.753247 0.476701
vt 0.739355 0.490109
vt 0.767546 0.463530
vt 0.782233 0.450605
vt 0.773751 0.248422
vt 0.780382 0.247077
vt 0.778803 0.253681
vt 0.772231 0.255024
vt 0.762471 0.490716
vt 0.747324 0.502823
vt 0.777956 0.478950
vt 0.793916 0.467421
vt 0.775264 0.240501
vt 0.781956 0.239184
vt 0.770196 0.505920
vt 0.753954 0.516543
vt 0.786790 0.495625
vt 0.803873 0.485597
vt 0.776655 0.231431
vt 0.783410 0.230156
vt 0.776400 0.522128
vt 0.759354 0.531044
vt 0.794029 0.513401
vt 0.812079 0.504984
vt 0.777832 0.221356
vt 0.784646 0.220135
vt 0.781243 0.539096
vt 0.763632 0.546175
vt 0.799685 0.532101
vt 0.818543 0.525391
vt 0.778763 0.210401
vt 0.785605 0.209250
vt 0.784900 0.556695
vt 0.766897 0.561867
vt 0.803844 0.551577
vt 0.823320 0.546649
vt 0.779387 0.198683
vt 0.786238 0.197643
vt 0.787277 0.574859
vt 0.768995 0.578065
vt 0.806567 0.571694
vt 0.826473 0.568640
vt 0.779986 0.186183
vt 0.786850 0.185275
vt 0.788445 0.593328
vt 0.770018 0.594500
vt 0.807898 0.592192
vt 0.828037 0.591109
vt 0.780542 0.173156
vt 0.787410 0.172360
vt 0.788351 0.611865
vt 0.769937 0.610981
vt 0.807778 0.612787
vt 0.827938 0.613721
vt 0.780628 0.159765
vt 0.787495 0.159065
vt 0.786905 0.630381
vt 0.768674 0.627461
vt 0.806117 0.633334
vt 0.826071 0.636268
vt 0.780354 0.146019
vt 0.787215 0.145443
vt 0.784176 0.648720
vt 0.766273 0.643805
vt 0.803013 0.653656
vt 0.822554 0.658523
vt 0.780065 0.132033
vt 0.786907 0.131612
vt 0.780282 0.666645
vt 0.762817 0.659778
vt 0.798548 0.673481
vt 0.817490 0.680200
vt 0.779773 0.118014
vt 0.786604 0.117736
vt 0.775234 0.683989
vt 0.758392 0.675273
vt 0.792693 0.692561
vt 0.810860 0.701005
vt 0.779342 0.104090
vt 0.786157 0.103935
vt 0.768881 0.700504
vt 0.752904 0.690140
vt 0.785412 0.710666
vt 0.802646 0.720698
vt 0.778724 0.090376
vt 0.785519 0.090337
vt 0.761118 0.715975
vt 0.746185 0.704158
vt 0.776657 0.727658
vt 0.792796 0.739181
vt 0.777898 0.076982
vt 0.784675 0.077062
vt 0.752013 0.730315
vt 0.738145 0.717073
vt 0.766407 0.743417
vt 0.781298 0.756332
vt 0.776995 0.064071
vt 0.783741 0.064264
vt 0.741598 0.743398
vt 0.728928 0.728833
vt 0.754699 0.757803
vt 0.768200 0.771994
vt 0.776144 0.051826
vt 0.782823 0.052097
vt 0.729928 0.755112
vt 0.718603 0.739352
vt 0.741598 0.770695
vt 0.753579 0.786045
vt 0.775226 0.040291
vt 0.781857 0.040643
vt 0.717087 0.765356
vt 0.707240 0.748538
vt 0.727200 0.781988
vt 0.737546 0.798382
vt 0.774246 0.029546
vt 0.780866 0.030020
vt 0.703180 0.774039
vt 0.694931 0.756309
vt 0.711628 0.791589
vt 0.720241 0.808913
vt 0.773237 0.019670
vt 0.779846 0.020272
vt 0.688338 0.781082
vt 0.681786 0.762591
vt 0.695029 0.799415
vt 0.701829 0.817549
vt 0.772231 0.010753
vt 0.778826 0.011472
vt 0.672705 0.786415
vt 0.667933 0.767321
vt 0.677567 0.805386
vt 0.682494 0.824202
vt 0.890600 0.635620
vt 0.884003 0.636818
vt 0.656441 0.789974
vt 0.653513 0.770450
vt 0.659420 0.809424
vt 0.662432 0.828780
vt 0.637584 0.750559
vt 0.638675 0.771939
vt 0.624497 0.750356
vt 0.639717 0.791710
vt 0.640779 0.811463
vt 0.641852 0.831193
vt 0.881793 0.606142
vt 0.888347 0.605350
vt 0.962554 0.602040
vt 0.978228 0.601280
vt 0.979108 0.611946
vt 0.963399 0.612844
vt 0.964392 0.508722
vt 0.979882 0.508191
vt 0.979054 0.518412
vt 0.963446 0.519114
vt 0.850060 0.862383
vt 0.835114 0.861622
vt 0.836302 0.849848
vt 0.851171 0.850466
vt 0.872586 0.034387
vt 0.857058 0.033124
vt 0.978330 0.529400
vt 0.962635 0.530215
vt 0.836364 0.837497
vt 0.851265 0.838115
vt 0.874128 0.045759
vt 0.858738 0.044441
vt 0.977751 0.540997
vt 0.962003 0.541866
vt 0.835955 0.825169
vt 0.850889 0.825814
vt 0.875611 0.057623
vt 0.860383 0.056311
vt 0.977352 0.553009
vt 0.961590 0.553874
vt 0.835094 0.813157
vt 0.850047 0.813773
vt 0.876978 0.069777
vt 0.861928 0.068533
vt 0.977160 0.565215
vt 0.961419 0.566035
vt 0.833858 0.801675
vt 0.848811 0.802203
vt 0.878176 0.082029
vt 0.863307 0.080926
vt 0.977184 0.577401
vt 0.961485 0.578164
vt 0.832334 0.790904
vt 0.847262 0.791284
vt 0.879157 0.094222
vt 0.864453 0.093337
vt 0.887687 0.593485
vt 0.898519 0.593060
vt 0.899205 0.604905
vt 0.830612 0.780978
vt 0.845489 0.781155
vt 0.879883 0.106266
vt 0.865312 0.105680
vt 0.980155 0.621384
vt 0.964431 0.622427
vt 0.877876 0.478170
vt 0.863015 0.476208
vt 0.861760 0.466564
vt 0.876573 0.468572
vt 0.880378 0.118178
vt 0.865903 0.117962
vt 0.860430 0.456289
vt 0.875149 0.458265
vt 0.880699 0.129940
vt 0.866273 0.130139
vt 0.859086 0.445567
vt 0.873736 0.447437
vt 0.881065 0.141750
vt 0.866703 0.142300
vt 0.857788 0.434552
vt 0.872378 0.436237
vt 0.881388 0.153401
vt 0.867036 0.154268
vt 0.856631 0.423352
vt 0.871185 0.424776
vt 0.881245 0.164630
vt 0.866958 0.165844
vt 0.855708 0.412077
vt 0.870271 0.413148
vt 0.880402 0.175902
vt 0.866097 0.177344
vt 0.854915 0.400586
vt 0.869569 0.401318
vt 0.879480 0.186706
vt 0.865133 0.188391
vt 0.854135 0.388737
vt 0.868786 0.389109
vt 0.878376 0.196895
vt 0.864049 0.198776
vt 0.853337 0.376600
vt 0.868016 0.376651
vt 0.877004 0.206599
vt 0.862653 0.208743
vt 0.853200 0.364530
vt 0.867933 0.364238
vt 0.875306 0.216093
vt 0.860875 0.218397
vt 0.853372 0.352552
vt 0.868200 0.351883
vt 0.873326 0.225181
vt 0.858780 0.227561
vt 0.853714 0.340450
vt 0.868601 0.339484
vt 0.871111 0.233678
vt 0.856436 0.236055
vt 0.853898 0.328653
vt 0.868781 0.327369
vt 0.868720 0.241376
vt 0.853921 0.243675
vt 0.854294 0.316689
vt 0.869217 0.315162
vt 0.866222 0.248058
vt 0.851319 0.250218
vt 0.854890 0.304731
vt 0.869893 0.303037
vt 0.839838 0.905655
vt 0.824948 0.903940
vt 0.827222 0.898083
vt 0.842215 0.899541
vt 0.855596 0.292898
vt 0.870710 0.291117
vt 0.829488 0.890861
vt 0.844523 0.892086
vt 0.236621 0.178431
vt 0.233828 0.160709
vt 0.243651 0.158299
vt 0.244849 0.176232
vt 0.856321 0.281389
vt 0.871560 0.279592
vt 0.831622 0.882310
vt 0.846663 0.883337
vt 0.977479 0.589497
vt 0.961794 0.590251
vt 0.856982 0.270436
vt 0.872345 0.268685
vt 0.833531 0.872517
vt 0.848541 0.873389
vt 0.852419 0.004518
vt 0.868143 0.005308
vt 0.857505 0.260272
vt 0.872982 0.258618
vt 0.242958 0.147036
vt 0.254211 0.146218
vt 0.253950 0.157286
vt 0.242407 0.137879
vt 0.254435 0.137355
vt 0.995353 0.597020
vt 0.987764 0.599923
vt 0.987023 0.588342
vt 0.994619 0.586030
vt 0.232154 0.149431
vt 0.230835 0.140136
vt 0.996188 0.606949
vt 0.988630 0.610368
vt 0.224561 0.164424
vt 0.221942 0.153313
vt 0.219865 0.144046
vt 0.218548 0.137756
vt 0.230002 0.133925
vt 0.989637 0.619605
vt 0.215995 0.169344
vt 0.212495 0.158569
vt 0.209694 0.149480
vt 0.207895 0.143216
vt 0.878963 0.016327
vt 0.877638 0.007653
vt 0.208249 0.175349
vt 0.203954 0.165062
vt 0.200486 0.156287
vt 0.198221 0.150147
vt 0.880356 0.026069
vt 0.201410 0.182293
vt 0.196432 0.172636
vt 0.192371 0.164300
vt 0.189666 0.158374
vt 0.881773 0.036669
vt 0.195531 0.190015
vt 0.190000 0.181114
vt 0.185439 0.173334
vt 0.890023 0.052299
vt 0.883166 0.047918
vt 0.888835 0.041473
vt 0.190621 0.198336
vt 0.184681 0.190301
vt 0.179726 0.183186
vt 0.891129 0.063497
vt 0.884489 0.059607
vt 0.186640 0.207073
vt 0.180445 0.199992
vt 0.175213 0.193639
vt 0.892123 0.074866
vt 0.885695 0.071531
vt 0.183493 0.216045
vt 0.177192 0.209980
vt 0.171805 0.204467
vt 0.892978 0.086226
vt 0.886743 0.083501
vt 0.181032 0.225097
vt 0.174760 0.220078
vt 0.169330 0.215463
vt 0.893680 0.097435
vt 0.887599 0.095363
vt 0.179054 0.234120
vt 0.172921 0.230150
vt 0.167543 0.226463
vt 0.894228 0.108420
vt 0.888242 0.107030
vt 0.177308 0.243064
vt 0.171403 0.240132
vt 0.166153 0.237384
vt 0.894662 0.119198
vt 0.888696 0.118518
vt 0.175553 0.251905
vt 0.169978 0.249925
vt 0.164929 0.248082
vt 0.895033 0.129711
vt 0.888998 0.129797
vt 0.174791 0.261125
vt 0.169372 0.260115
vt 0.164967 0.259214
vt 0.895213 0.140217
vt 0.889258 0.141194
vt 0.173862 0.270286
vt 0.168392 0.270189
vt 0.163913 0.270168
vt 0.895241 0.150911
vt 0.889489 0.152530
vt 0.174277 0.279568
vt 0.168775 0.280395
vt 0.164383 0.281229
vt 0.159110 0.281823
vt 0.158584 0.270111
vt 0.889230 0.163418
vt 0.174557 0.288852
vt 0.168869 0.290633
vt 0.163846 0.292300
vt 0.894277 0.171827
vt 0.888570 0.174422
vt 0.894798 0.161200
vt 0.175865 0.297901
vt 0.169841 0.300517
vt 0.164575 0.302981
vt 0.893553 0.181668
vt 0.887711 0.184896
vt 0.177174 0.306763
vt 0.171152 0.310198
vt 0.165932 0.313427
vt 0.892423 0.191075
vt 0.886580 0.194819
vt 0.179754 0.315135
vt 0.173641 0.319442
vt 0.168365 0.323512
vt 0.164305 0.326821
vt 0.161820 0.316044
vt 0.885200 0.204165
vt 0.182552 0.323408
vt 0.176424 0.328660
vt 0.171148 0.333602
vt 0.167172 0.337578
vt 0.883565 0.213363
vt 0.185715 0.331581
vt 0.179654 0.337787
vt 0.174467 0.343580
vt 0.170643 0.348181
vt 0.881694 0.222214
vt 0.189435 0.339617
vt 0.183548 0.346764
vt 0.178552 0.353365
vt 0.174959 0.358529
vt 0.879614 0.230545
vt 0.193869 0.347421
vt 0.188284 0.355470
vt 0.183594 0.362817
vt 0.180305 0.368466
vt 0.877368 0.238146
vt 0.199131 0.354857
vt 0.193986 0.363745
vt 0.189716 0.371754
vt 0.186798 0.377802
vt 0.875011 0.244802
vt 0.205290 0.361765
vt 0.200721 0.371404
vt 0.196975 0.379975
vt 0.194479 0.386333
vt 0.818297 0.896160
vt 0.816191 0.901795
vt 0.212362 0.367977
vt 0.208497 0.378253
vt 0.205366 0.387275
vt 0.203331 0.393863
vt 0.820453 0.889169
vt 0.220318 0.373324
vt 0.217269 0.384103
vt 0.214832 0.393464
vt 0.213284 0.400188
vt 0.822507 0.880843
vt 0.229086 0.377646
vt 0.226944 0.388782
vt 0.225258 0.398356
vt 0.224211 0.405117
vt 0.824367 0.871263
vt 0.238558 0.380803
vt 0.237386 0.392143
vt 0.236484 0.401782
vt 0.818470 0.858371
vt 0.825935 0.860561
vt 0.816965 0.868574
vt 0.248712 0.382645
vt 0.248456 0.394009
vt 0.248268 0.403574
vt 0.819630 0.847265
vt 0.827122 0.848981
vt 0.258943 0.381264
vt 0.259605 0.392658
vt 0.260126 0.402338
vt 0.819704 0.835411
vt 0.827197 0.836735
vt 0.268566 0.378560
vt 0.270210 0.389800
vt 0.271515 0.399464
vt 0.819329 0.823654
vt 0.826802 0.824523
vt 0.277544 0.374664
vt 0.280111 0.385582
vt 0.282171 0.395079
vt 0.818563 0.812281
vt 0.825976 0.812663
vt 0.285754 0.369705
vt 0.289160 0.380152
vt 0.291928 0.389344
vt 0.817489 0.801492
vt 0.824799 0.801371
vt 0.293117 0.363831
vt 0.297260 0.373681
vt 0.300664 0.382438
vt 0.816191 0.791444
vt 0.823359 0.790821
vt 0.299599 0.357212
vt 0.304356 0.366347
vt 0.308308 0.374560
vt 0.311013 0.380761
vt 0.302940 0.388937
vt 0.821743 0.781144
vt 0.305208 0.350019
vt 0.310443 0.358337
vt 0.314840 0.365915
vt 0.317925 0.371724
vt 0.852922 0.463705
vt 0.854067 0.473226
vt 0.310003 0.342418
vt 0.315581 0.349845
vt 0.320315 0.356693
vt 0.844845 0.448652
vt 0.851729 0.453619
vt 0.845884 0.458250
vt 0.314092 0.334550
vt 0.319886 0.341042
vt 0.324845 0.347088
vt 0.843751 0.438745
vt 0.850482 0.443146
vt 0.317631 0.326519
vt 0.323533 0.332057
vt 0.328612 0.337255
vt 0.842666 0.428667
vt 0.849263 0.432442
vt 0.320808 0.318372
vt 0.326735 0.322963
vt 0.331846 0.327285
vt 0.841645 0.418494
vt 0.848148 0.421599
vt 0.323774 0.310116
vt 0.329646 0.313829
vt 0.334730 0.317305
vt 0.840721 0.408336
vt 0.847203 0.410745
vt 0.325490 0.301311
vt 0.331400 0.304204
vt 0.336561 0.306921
vt 0.839816 0.397854
vt 0.846335 0.399634
vt 0.327216 0.292320
vt 0.332823 0.294363
vt 0.337768 0.296271
vt 0.839194 0.387152
vt 0.845587 0.388215
vt 0.327924 0.283050
vt 0.333385 0.284130
vt 0.337741 0.285178
vt 0.838546 0.376101
vt 0.844932 0.376458
vt 0.328767 0.273788
vt 0.334233 0.273944
vt 0.338704 0.274144
vt 0.838133 0.365031
vt 0.844698 0.364736
vt 0.328260 0.264589
vt 0.333713 0.263836
vt 0.338152 0.263160
vt 0.837916 0.354122
vt 0.844714 0.353138
vt 0.327917 0.255355
vt 0.333567 0.253654
vt 0.338704 0.252066
vt 0.838148 0.343014
vt 0.844959 0.341382
vt 0.326560 0.246472
vt 0.332586 0.243838
vt 0.337975 0.241342
vt 0.838442 0.332371
vt 0.845164 0.329994
vt 0.325218 0.237486
vt 0.331529 0.233813
vt 0.337095 0.230377
vt 0.838804 0.321499
vt 0.845547 0.318402
vt 0.323656 0.228393
vt 0.330157 0.223671
vt 0.335821 0.219308
vt 0.839235 0.310551
vt 0.846078 0.306769
vt 0.321614 0.219238
vt 0.328193 0.213470
vt 0.333859 0.208206
vt 0.839693 0.299624
vt 0.846681 0.295209
vt 0.318886 0.210128
vt 0.325407 0.203340
vt 0.330957 0.197228
vt 0.840128 0.288891
vt 0.847285 0.283915
vt 0.315314 0.201216
vt 0.321624 0.193462
vt 0.326935 0.186576
vt 0.840491 0.278570
vt 0.847818 0.273117
vt 0.310796 0.192676
vt 0.316739 0.184037
vt 0.321688 0.176469
vt 0.840736 0.268887
vt 0.848222 0.263050
vt 0.305283 0.184690
vt 0.310708 0.175270
vt 0.315184 0.167124
vt 0.995655 0.518478
vt 0.988356 0.518130
vt 0.989057 0.508146
vt 0.996188 0.508981
vt 0.298776 0.177437
vt 0.303548 0.167357
vt 0.307452 0.158745
vt 0.995181 0.528763
vt 0.987740 0.528908
vt 0.291319 0.171082
vt 0.295321 0.160478
vt 0.298573 0.151522
vt 0.994796 0.539694
vt 0.987245 0.540326
vt 0.282993 0.165771
vt 0.286131 0.154793
vt 0.288668 0.145627
vt 0.994523 0.551093
vt 0.986900 0.552193
vt 0.273911 0.161634
vt 0.276113 0.150445
vt 0.277895 0.141218
vt 0.994385 0.562754
vt 0.986731 0.564289
vt 0.264200 0.158773
vt 0.265423 0.147555
vt 0.266433 0.138432
vt 0.994398 0.574458
vt 0.986754 0.576383
vt 0.914200 0.592412
vt 0.914918 0.604235
vt 0.929956 0.591727
vt 0.930700 0.603536
vt 0.945812 0.591006
vt 0.946571 0.602808
vt 0.907797 0.876454
vt 0.908683 0.864892
vt 0.893252 0.875883
vt 0.894218 0.864368
vt 0.878661 0.875224
vt 0.879741 0.863811
vt 0.863747 0.874357
vt 0.865090 0.863168
vt 0.898557 0.498423
vt 0.898107 0.509186
vt 0.915484 0.498648
vt 0.914684 0.509133
vt 0.932450 0.498908
vt 0.931446 0.509091
vt 0.949144 0.499109
vt 0.948071 0.508973
vt 0.888674 0.266697
vt 0.889321 0.256775
vt 0.900741 0.625970
vt 0.901574 0.635076
vt 0.916541 0.625232
vt 0.917402 0.634279
vt 0.932362 0.624466
vt 0.933303 0.633343
vt 0.948310 0.623545
vt 0.949442 0.632062
vt 0.965646 0.630681
vt 0.906790 0.887255
vt 0.892133 0.886593
vt 0.877203 0.885652
vt 0.862021 0.884525
vt 0.899161 0.488288
vt 0.939236 0.272243
vt 0.921935 0.273608
vt 0.922458 0.263059
vt 0.939412 0.261923
vt 0.904709 0.275444
vt 0.905435 0.264736
vt 0.887863 0.277522
vt 0.898076 0.580944
vt 0.913797 0.580314
vt 0.929592 0.579636
vt 0.945480 0.578915
vt 0.905711 0.897187
vt 0.890712 0.896249
vt 0.875419 0.894971
vt 0.859995 0.893541
vt 0.938881 0.283544
vt 0.921289 0.285029
vt 0.903892 0.286927
vt 0.886979 0.289038
vt 0.904492 0.906083
vt 0.889024 0.904734
vt 0.873391 0.903084
vt 0.857765 0.901306
vt 0.938464 0.295639
vt 0.920637 0.297131
vt 0.903098 0.298989
vt 0.886128 0.301036
vt 0.903050 0.913764
vt 0.887147 0.911989
vt 0.871215 0.909931
vt 0.855423 0.907765
vt 0.938105 0.308356
vt 0.920100 0.309746
vt 0.902445 0.311457
vt 0.885428 0.313334
vt 0.901478 0.920208
vt 0.885188 0.917989
vt 0.869021 0.915501
vt 0.822447 0.248814
vt 0.838344 0.246259
vt 0.835725 0.252603
vt 0.819928 0.254913
vt 0.937911 0.321546
vt 0.919783 0.322738
vt 0.902043 0.324202
vt 0.884984 0.325808
vt 0.791915 0.246100
vt 0.790004 0.252935
vt 0.808526 0.244020
vt 0.806284 0.251109
vt 0.824895 0.241513
vt 0.840882 0.238776
vt 0.937863 0.335059
vt 0.919681 0.335960
vt 0.901897 0.337072
vt 0.884810 0.338296
vt 0.793774 0.238052
vt 0.810673 0.235809
vt 0.827216 0.233175
vt 0.843268 0.230340
vt 0.937580 0.348893
vt 0.919329 0.349495
vt 0.901500 0.350242
vt 0.884396 0.351070
vt 0.795471 0.228940
vt 0.812618 0.226636
vt 0.829310 0.223974
vt 0.845410 0.221141
vt 0.937161 0.362864
vt 0.918879 0.363141
vt 0.901052 0.363487
vt 0.884016 0.363868
vt 0.796897 0.218911
vt 0.814258 0.216652
vt 0.831079 0.214072
vt 0.847222 0.211351
vt 0.936995 0.376855
vt 0.918697 0.376801
vt 0.900949 0.376746
vt 0.884022 0.376695
vt 0.797953 0.208091
vt 0.815496 0.205987
vt 0.832434 0.203610
vt 0.848627 0.201126
vt 0.937140 0.390795
vt 0.919005 0.390425
vt 0.901461 0.389995
vt 0.884693 0.389538
vt 0.798594 0.196626
vt 0.816250 0.194792
vt 0.833354 0.192680
vt 0.849658 0.190480
vt 0.937296 0.404498
vt 0.919425 0.403818
vt 0.902096 0.403019
vt 0.885430 0.402150
vt 0.799258 0.184378
vt 0.817000 0.182785
vt 0.834220 0.180990
vt 0.850607 0.179120
vt 0.937382 0.417792
vt 0.919688 0.416793
vt 0.902513 0.415621
vt 0.886017 0.414366
vt 0.799849 0.171599
vt 0.817640 0.170286
vt 0.834913 0.168828
vt 0.851402 0.167307
vt 0.937775 0.430688
vt 0.920305 0.429442
vt 0.903293 0.427967
vt 0.886894 0.426364
vt 0.799918 0.158461
vt 0.817691 0.157473
vt 0.834953 0.156408
vt 0.851441 0.155316
vt 0.938374 0.443061
vt 0.921172 0.441642
vt 0.904351 0.439947
vt 0.888060 0.438092
vt 0.799604 0.144992
vt 0.817351 0.144318
vt 0.834605 0.143633
vt 0.851098 0.142953
vt 0.939060 0.454810
vt 0.922166 0.453307
vt 0.905563 0.451485
vt 0.889394 0.449471
vt 0.799250 0.131313
vt 0.816943 0.130953
vt 0.834163 0.130650
vt 0.850647 0.130387
vt 0.939753 0.465812
vt 0.923198 0.464319
vt 0.906821 0.462464
vt 0.890774 0.460386
vt 0.798917 0.117586
vt 0.816570 0.117540
vt 0.833766 0.117618
vt 0.850248 0.117777
vt 0.951389 0.476445
vt 0.940310 0.475920
vt 0.924154 0.474537
vt 0.908058 0.472745
vt 0.892175 0.470697
vt 0.798387 0.103914
vt 0.815955 0.104147
vt 0.833106 0.104565
vt 0.849594 0.105105
vt 0.908192 0.780416
vt 0.907146 0.769876
vt 0.892462 0.780606
vt 0.891016 0.770373
vt 0.876681 0.780838
vt 0.874966 0.770935
vt 0.861005 0.781043
vt 0.859137 0.771479
vt 0.843583 0.771910
vt 0.899947 0.615880
vt 0.915702 0.615182
vt 0.931511 0.614461
vt 0.947387 0.613704
vt 0.797616 0.090410
vt 0.815059 0.090870
vt 0.832149 0.091574
vt 0.848649 0.092434
vt 0.908997 0.791591
vt 0.893696 0.791534
vt 0.878214 0.791502
vt 0.862715 0.791432
vt 0.796586 0.077170
vt 0.813865 0.077778
vt 0.830883 0.078686
vt 0.847399 0.079780
vt 0.909478 0.803290
vt 0.894627 0.803049
vt 0.879473 0.802822
vt 0.864177 0.802548
vt 0.897892 0.568730
vt 0.913659 0.568123
vt 0.929484 0.567464
vt 0.945381 0.566773
vt 0.795393 0.064322
vt 0.812460 0.064981
vt 0.829386 0.066000
vt 0.845913 0.067235
vt 0.909710 0.815363
vt 0.895189 0.815009
vt 0.880374 0.814653
vt 0.865303 0.814249
vt 0.897793 0.556455
vt 0.913608 0.555886
vt 0.929452 0.555278
vt 0.945428 0.554623
vt 0.794142 0.052020
vt 0.810943 0.052626
vt 0.827748 0.053657
vt 0.844270 0.054944
vt 0.909795 0.827675
vt 0.895355 0.827250
vt 0.880851 0.826822
vt 0.866016 0.826353
vt 0.897776 0.544242
vt 0.913626 0.543738
vt 0.929556 0.543203
vt 0.945742 0.542590
vt 0.792930 0.040450
vt 0.809420 0.040889
vt 0.826059 0.041831
vt 0.842548 0.043081
vt 0.909703 0.840097
vt 0.895292 0.839625
vt 0.880870 0.839147
vt 0.866258 0.838660
vt 0.897825 0.532221
vt 0.913717 0.531810
vt 0.929941 0.531374
vt 0.946314 0.530854
vt 0.791873 0.029825
vt 0.807982 0.029953
vt 0.824404 0.030711
vt 0.840822 0.031840
vt 0.909412 0.852592
vt 0.895014 0.852094
vt 0.880586 0.851578
vt 0.866024 0.851041
vt 0.897917 0.520499
vt 0.914077 0.520227
vt 0.930587 0.519954
vt 0.947108 0.519595
vt 0.790845 0.020119
vt 0.806699 0.020016
vt 0.822865 0.020497
vt 0.839163 0.021420
vt 0.789792 0.011347
vt 0.805611 0.011261
vt 0.821504 0.011386
vt 0.837638 0.012027
vt 0.253539 0.175147
vt 0.262179 0.176632
vt 0.221682 0.185888
vt 0.228863 0.181678
vt 0.215160 0.190958
vt 0.209360 0.196770
vt 0.204308 0.203190
vt 0.200000 0.210078
vt 0.196395 0.217292
vt 0.193415 0.224703
vt 0.190946 0.232202
vt 0.188841 0.239716
vt 0.186941 0.247226
vt 0.185322 0.254823
vt 0.184494 0.262660
vt 0.183759 0.270505
vt 0.184128 0.278389
vt 0.184553 0.286248
vt 0.185743 0.294033
vt 0.187194 0.301588
vt 0.189397 0.308853
vt 0.192115 0.315837
vt 0.195139 0.322654
vt 0.198590 0.329303
vt 0.202584 0.335724
vt 0.207208 0.341825
vt 0.212519 0.347492
vt 0.218540 0.352596
vt 0.225258 0.357007
vt 0.232623 0.360601
vt 0.240560 0.363266
vt 0.249127 0.364893
vt 0.257761 0.363651
vt 0.265820 0.361363
vt 0.273355 0.358122
vt 0.280279 0.354032
vt 0.286540 0.349214
vt 0.292117 0.343798
vt 0.297026 0.337912
vt 0.301317 0.331675
vt 0.305076 0.325185
vt 0.308414 0.318506
vt 0.311453 0.311646
vt 0.313992 0.304482
vt 0.315791 0.296994
vt 0.317343 0.289263
vt 0.318129 0.281424
vt 0.318864 0.273559
vt 0.318496 0.265682
vt 0.318031 0.257815
vt 0.316764 0.250162
vt 0.315205 0.242599
vt 0.313440 0.235017
vt 0.311314 0.227423
vt 0.308679 0.219886
vt 0.305413 0.212513
vt 0.301429 0.205434
vt 0.296682 0.198787
vt 0.291158 0.192713
vt 0.284881 0.187346
vt 0.277905 0.182810
vt 0.270308 0.179210
vt 0.250040 0.253913
vt 0.249045 0.239013
vt 0.252066 0.238727
vt 0.251708 0.254108
vt 0.248054 0.224022
vt 0.252421 0.223501
vt 0.247031 0.208613
vt 0.252785 0.207841
vt 0.245962 0.192667
vt 0.253158 0.191689
vt 0.248533 0.254186
vt 0.246235 0.239615
vt 0.243954 0.225024
vt 0.241613 0.210053
vt 0.239172 0.194525
vt 0.247131 0.254788
vt 0.243519 0.240514
vt 0.240024 0.226476
vt 0.236462 0.212118
vt 0.232754 0.197209
vt 0.245716 0.255333
vt 0.240918 0.241698
vt 0.236300 0.228349
vt 0.231631 0.214761
vt 0.226783 0.200651
vt 0.244360 0.256036
vt 0.238454 0.243146
vt 0.232812 0.230607
vt 0.227160 0.217922
vt 0.221319 0.204771
vt 0.243080 0.256882
vt 0.236146 0.244839
vt 0.229581 0.233211
vt 0.223078 0.221539
vt 0.216402 0.209475
vt 0.241882 0.257861
vt 0.234006 0.246756
vt 0.226619 0.236120
vt 0.219397 0.225542
vt 0.212047 0.214662
vt 0.240781 0.258971
vt 0.232046 0.248876
vt 0.223938 0.239293
vt 0.216117 0.229862
vt 0.208250 0.220231
vt 0.239791 0.260200
vt 0.230277 0.251175
vt 0.221537 0.242692
vt 0.213224 0.234435
vt 0.204977 0.226079
vt 0.238913 0.261521
vt 0.228704 0.253631
vt 0.219413 0.246284
vt 0.210691 0.239207
vt 0.202175 0.232121
vt 0.238148 0.262923
vt 0.227332 0.256227
vt 0.217562 0.250041
vt 0.208488 0.244131
vt 0.199773 0.238280
vt 0.237505 0.264396
vt 0.226211 0.258986
vt 0.215975 0.253941
vt 0.206587 0.249183
vt 0.197691 0.244517
vt 0.236989 0.265924
vt 0.225319 0.261843
vt 0.214732 0.258021
vt 0.204958 0.254362
vt 0.195853 0.250833
vt 0.236604 0.267495
vt 0.224644 0.264761
vt 0.213835 0.262221
vt 0.203880 0.259783
vt 0.194502 0.257351
vt 0.236351 0.269096
vt 0.224190 0.267721
vt 0.213209 0.266458
vt 0.203125 0.265240
vt 0.193687 0.263991
vt 0.236235 0.270718
vt 0.223964 0.270716
vt 0.212862 0.270736
vt 0.202657 0.270734
vt 0.193110 0.270660
vt 0.236275 0.272352
vt 0.224046 0.273710
vt 0.212993 0.274966
vt 0.202847 0.276144
vt 0.193386 0.277274
vt 0.236443 0.273918
vt 0.224343 0.276548
vt 0.213395 0.279021
vt 0.203312 0.281434
vt 0.193861 0.283831
vt 0.236751 0.275418
vt 0.224868 0.279312
vt 0.214068 0.283104
vt 0.204105 0.286827
vt 0.194840 0.290446
vt 0.237205 0.276873
vt 0.225631 0.282111
vt 0.215112 0.287207
vt 0.205440 0.292115
vt 0.196284 0.296864
vt 0.237781 0.278209
vt 0.226624 0.284842
vt 0.216493 0.291182
vt 0.207066 0.297255
vt 0.198111 0.303122
vt 0.238470 0.279492
vt 0.227858 0.287465
vt 0.218150 0.295002
vt 0.209140 0.302176
vt 0.200634 0.309036
vt 0.239287 0.280819
vt 0.229309 0.289965
vt 0.220131 0.298623
vt 0.211640 0.306810
vt 0.203452 0.314724
vt 0.240221 0.282052
vt 0.230965 0.292303
vt 0.222453 0.301983
vt 0.214453 0.311200
vt 0.206631 0.320194
vt 0.241272 0.283178
vt 0.232821 0.294458
vt 0.225041 0.305097
vt 0.217605 0.315329
vt 0.210234 0.325416
vt 0.242424 0.284179
vt 0.234897 0.296382
vt 0.227896 0.307941
vt 0.221118 0.319160
vt 0.214316 0.330331
vt 0.243665 0.285043
vt 0.237143 0.298076
vt 0.231015 0.310488
vt 0.225006 0.322646
vt 0.218912 0.334863
vt 0.244987 0.285762
vt 0.239548 0.299525
vt 0.234391 0.312707
vt 0.229274 0.325735
vt 0.224040 0.338925
vt 0.246379 0.286321
vt 0.242098 0.300714
vt 0.238009 0.314564
vt 0.233909 0.328366
vt 0.229689 0.342424
vt 0.247831 0.286695
vt 0.244774 0.301625
vt 0.241847 0.316028
vt 0.238887 0.330484
vt 0.235829 0.345270
vt 0.249330 0.286826
vt 0.247555 0.302245
vt 0.245878 0.317069
vt 0.244170 0.332035
vt 0.242403 0.347383
vt 0.250954 0.286416
vt 0.250580 0.302562
vt 0.250229 0.317657
vt 0.249872 0.332964
vt 0.249506 0.348678
vt 0.252554 0.286899
vt 0.253614 0.302379
vt 0.254601 0.317260
vt 0.255610 0.332284
vt 0.256659 0.347695
vt 0.254057 0.286836
vt 0.256420 0.301887
vt 0.258674 0.316405
vt 0.260958 0.330979
vt 0.263326 0.345892
vt 0.255525 0.286527
vt 0.259136 0.301099
vt 0.262576 0.315118
vt 0.266031 0.329093
vt 0.269596 0.343335
vt 0.256942 0.286032
vt 0.261738 0.300028
vt 0.266277 0.313429
vt 0.270786 0.326679
vt 0.275408 0.340104
vt 0.258296 0.285373
vt 0.264209 0.298689
vt 0.269754 0.311367
vt 0.275195 0.323790
vt 0.280725 0.336285
vt 0.259576 0.284565
vt 0.266531 0.297099
vt 0.272989 0.308966
vt 0.279245 0.320486
vt 0.285533 0.331969
vt 0.260774 0.283617
vt 0.268695 0.295272
vt 0.275976 0.306254
vt 0.282936 0.316820
vt 0.289843 0.327246
vt 0.261877 0.282540
vt 0.270650 0.293203
vt 0.278707 0.303262
vt 0.286279 0.312840
vt 0.293688 0.322192
vt 0.262867 0.281350
vt 0.272414 0.290943
vt 0.281184 0.300011
vt 0.289295 0.308581
vt 0.297121 0.316870
vt 0.263745 0.280061
vt 0.273980 0.288510
vt 0.283333 0.296484
vt 0.292010 0.304064
vt 0.300202 0.311313
vt 0.264494 0.278810
vt 0.275335 0.285946
vt 0.285167 0.292741
vt 0.294313 0.299241
vt 0.302999 0.305516
vt 0.265131 0.277501
vt 0.276454 0.283262
vt 0.286731 0.288832
vt 0.296176 0.294178
vt 0.305117 0.299343
vt 0.265654 0.276069
vt 0.277347 0.280501
vt 0.287967 0.284780
vt 0.297756 0.288954
vt 0.306856 0.292993
vt 0.266033 0.274584
vt 0.278000 0.277762
vt 0.288829 0.280730
vt 0.298800 0.283599
vt 0.308143 0.286424
vt 0.266275 0.273027
vt 0.278431 0.274940
vt 0.289421 0.276695
vt 0.299510 0.278332
vt 0.308920 0.279891
vt 0.266392 0.271398
vt 0.278654 0.271952
vt 0.289749 0.272474
vt 0.299953 0.272933
vt 0.309504 0.273291
vt 0.266353 0.269770
vt 0.278570 0.268949
vt 0.289607 0.268182
vt 0.299747 0.267420
vt 0.309242 0.266598
vt 0.266177 0.268161
vt 0.278256 0.265971
vt 0.289180 0.263920
vt 0.299248 0.261934
vt 0.308738 0.259925
vt 0.265866 0.266575
vt 0.277719 0.263027
vt 0.288481 0.259686
vt 0.298428 0.256468
vt 0.307696 0.253352
vt 0.265423 0.265027
vt 0.276962 0.260135
vt 0.287433 0.255554
vt 0.297043 0.251223
vt 0.306154 0.246968
vt 0.264850 0.263527
vt 0.275973 0.257327
vt 0.286031 0.251587
vt 0.295380 0.246093
vt 0.304359 0.240657
vt 0.264152 0.262093
vt 0.274724 0.254672
vt 0.284357 0.247751
vt 0.293409 0.241078
vt 0.302238 0.234407
vt 0.263337 0.260734
vt 0.273268 0.252147
vt 0.282403 0.244067
vt 0.291099 0.236203
vt 0.299713 0.228255
vt 0.262406 0.259462
vt 0.271608 0.249771
vt 0.280163 0.240563
vt 0.288416 0.231508
vt 0.296711 0.222268
vt 0.261359 0.258303
vt 0.269750 0.247566
vt 0.277633 0.237273
vt 0.285338 0.227048
vt 0.293174 0.216534
vt 0.260209 0.257271
vt 0.267702 0.245554
vt 0.274811 0.234236
vt 0.281847 0.222886
vt 0.289066 0.211153
vt 0.258969 0.256369
vt 0.265475 0.243759
vt 0.271703 0.231491
vt 0.277937 0.219089
vt 0.284373 0.206228
vt 0.257648 0.255608
vt 0.263082 0.242201
vt 0.268323 0.229078
vt 0.273618 0.215727
vt 0.279108 0.201861
vt 0.256260 0.255001
vt 0.260540 0.240902
vt 0.264690 0.227039
vt 0.268915 0.212866
vt 0.273305 0.198147
vt 0.254890 0.254330
vt 0.257868 0.239880
vt 0.260832 0.225410
vt 0.263866 0.210567
vt 0.267020 0.195170
vt 0.253380 0.254036
vt 0.255079 0.239151
vt 0.256771 0.224222
vt 0.258509 0.208879
vt 0.260312 0.192999
vt 0.005313 0.004745
vt 0.005313 0.007970
vt 0.004866 0.006358
vt 0.685960 0.737099
vt 0.674664 0.742532
vt 0.881163 0.594144
vt 0.554430 0.724157
vt 0.545374 0.715369
vt 0.637191 0.459242
vt 0.650275 0.460195
vt 0.696543 0.730366
vt 0.564387 0.731788
vt 0.624074 0.459047
vt 0.706329 0.722403
vt 0.575166 0.738186
vt 0.611282 0.460324
vt 0.715260 0.713282
vt 0.586670 0.743287
vt 0.598862 0.463034
vt 0.723263 0.703053
vt 0.598790 0.747043
vt 0.586943 0.467141
vt 0.730161 0.691691
vt 0.611422 0.749421
vt 0.575633 0.472595
vt 0.735993 0.679414
vt 0.565024 0.479338
vt 0.740851 0.666426
vt 0.662758 0.746612
vt 0.650357 0.749297
vt 0.555251 0.487392
vt 0.744798 0.652871
vt 0.546486 0.496772
vt 0.747888 0.638885
vt 0.538732 0.507252
vt 0.749997 0.624567
vt 0.531975 0.518651
vt 0.751091 0.610136
vt 0.526172 0.530830
vt 0.751155 0.595707
vt 0.521258 0.543668
vt 0.750261 0.581308
vt 0.517145 0.557076
vt 0.748407 0.567118
vt 0.514038 0.571029
vt 0.745474 0.553380
vt 0.511857 0.585280
vt 0.741669 0.540146
vt 0.510667 0.599652
vt 0.736907 0.527503
vt 0.510457 0.614120
vt 0.731131 0.515566
vt 0.511278 0.628571
vt 0.724288 0.504472
vt 0.513139 0.642763
vt 0.716351 0.494399
vt 0.515873 0.656591
vt 0.707305 0.485555
vt 0.519559 0.669948
vt 0.697331 0.477916
vt 0.524294 0.682694
vt 0.686546 0.471499
vt 0.530184 0.694612
vt 0.675036 0.466369
vt 0.537271 0.705499
vt 0.662904 0.462586
vt 0.255146 0.005711
vt 0.279613 0.008307
vt 0.303570 0.013770
vt 0.326778 0.021662
vt 0.349018 0.031772
vt 0.370076 0.043951
vt 0.389747 0.058075
vt 0.407842 0.074036
vt 0.424187 0.091738
vt 0.438638 0.111087
vt 0.451086 0.131980
vt 0.461463 0.154296
vt 0.469742 0.177885
vt 0.476006 0.202617
vt 0.480226 0.228219
vt 0.482409 0.254423
vt 0.482412 0.280916
vt 0.480080 0.307309
vt 0.475599 0.333224
vt 0.469142 0.358358
vt 0.460785 0.382494
vt 0.450443 0.405351
vt 0.438124 0.426744
vt 0.423869 0.446527
vt 0.407757 0.464587
vt 0.389908 0.480829
vt 0.370473 0.495174
vt 0.349630 0.507541
vt 0.327581 0.517840
vt 0.304537 0.525966
vt 0.280725 0.531789
vt 0.256382 0.535119
vt 0.231783 0.535540
vt 0.207319 0.532939
vt 0.183371 0.527464
vt 0.160176 0.519553
vt 0.137954 0.509416
vt 0.116918 0.497202
vt 0.097273 0.483037
vt 0.079208 0.467026
vt 0.062896 0.449266
vt 0.048481 0.429851
vt 0.036073 0.408883
vt 0.025741 0.386484
vt 0.017513 0.362802
vt 0.011381 0.338023
vt 0.007166 0.312414
vt 0.004987 0.286204
vt 0.004988 0.259707
vt 0.007318 0.233317
vt 0.011794 0.207409
vt 0.018245 0.182282
vt 0.026529 0.158242
vt 0.036804 0.135474
vt 0.049064 0.114160
vt 0.063266 0.094447
vt 0.079331 0.076449
vt 0.097140 0.060260
vt 0.116542 0.045960
vt 0.137357 0.033631
vt 0.159384 0.023361
vt 0.182411 0.015258
vt 0.206211 0.009451
vt 0.230548 0.006130
vt 0.255179 0.004685
vt 0.279756 0.007294
vt 0.303823 0.012784
vt 0.327142 0.020716
vt 0.349490 0.030879
vt 0.370651 0.043123
vt 0.390418 0.057321
vt 0.408598 0.073364
vt 0.425016 0.091154
vt 0.439530 0.110594
vt 0.452031 0.131577
vt 0.462460 0.153973
vt 0.470778 0.177612
vt 0.477064 0.202405
vt 0.481296 0.228101
vt 0.483483 0.254400
vt 0.483483 0.280986
vt 0.481145 0.307469
vt 0.476652 0.333475
vt 0.470173 0.358669
vt 0.461779 0.382855
vt 0.451388 0.405790
vt 0.439020 0.427271
vt 0.424707 0.447143
vt 0.408527 0.465288
vt 0.390597 0.481612
vt 0.371070 0.496032
vt 0.350127 0.508465
vt 0.327968 0.518820
vt 0.304812 0.526989
vt 0.280886 0.532842
vt 0.256430 0.536189
vt 0.231721 0.536613
vt 0.207148 0.534000
vt 0.183088 0.528498
vt 0.159782 0.520546
vt 0.137452 0.510357
vt 0.116313 0.498078
vt 0.096572 0.483838
vt 0.078423 0.467744
vt 0.062038 0.449896
vt 0.047562 0.430388
vt 0.035104 0.409327
vt 0.024731 0.386836
vt 0.016462 0.363072
vt 0.010298 0.338240
vt 0.006067 0.312570
vt 0.003884 0.286267
vt 0.003886 0.259680
vt 0.006222 0.233198
vt 0.010710 0.207196
vt 0.017184 0.182008
vt 0.025505 0.157921
vt 0.035829 0.135074
vt 0.048138 0.113673
vt 0.062399 0.093872
vt 0.078533 0.075789
vt 0.096423 0.059519
vt 0.115917 0.045145
vt 0.136832 0.032750
vt 0.158968 0.022425
vt 0.182108 0.014280
vt 0.206021 0.008443
vt 0.230471 0.005106
vt 0.496731 0.170791
vt 0.496766 0.195072
vt 0.496630 0.219652
vt 0.496328 0.244182
vt 0.495852 0.268395
vt 0.495194 0.292043
vt 0.758661 0.830354
vt 0.737720 0.842785
vt 0.778176 0.815943
vt 0.796087 0.799636
vt 0.021305 0.532193
vt 0.021955 0.531077
vt 0.041554 0.534462
vt 0.062668 0.537800
vt 0.085136 0.541086
vt 0.108724 0.544280
vt 0.133435 0.545244
vt 0.159127 0.545935
vt 0.185394 0.546351
vt 0.211907 0.546466
vt 0.238283 0.546133
vt 0.264169 0.545432
vt 0.289125 0.544445
vt 0.312978 0.541207
vt 0.335667 0.537876
vt 0.356924 0.534498
vt 0.377223 0.532194
vt 0.376564 0.531077
vt 0.812429 0.425592
vt 0.826946 0.445117
vt 0.796004 0.407727
vt 0.763912 0.078089
vt 0.764504 0.100975
vt 0.764888 0.124612
vt 0.765073 0.148783
vt 0.765070 0.173251
vt 0.764893 0.197761
vt 0.764548 0.222030
vt 0.764045 0.245670
vt 0.763444 0.268268
vt 0.593232 0.342679
vt 0.617712 0.339302
vt 0.569289 0.348566
vt 0.546122 0.356772
vt 0.523960 0.367167
vt 0.503019 0.379642
vt 0.483502 0.394106
vt 0.465591 0.410475
vt 0.449437 0.428663
vt 0.415738 0.004572
vt 0.439290 0.005466
vt 0.463665 0.006667
vt 0.488688 0.008171
vt 0.514088 0.009943
vt 0.539800 0.009797
vt 0.565670 0.009720
vt 0.591228 0.009659
vt 0.616081 0.009565
vt 0.639921 0.009561
vt 0.662352 0.009646
vt 0.403505 0.697954
vt 0.397264 0.673302
vt 0.411846 0.721616
vt 0.422264 0.744038
vt 0.434761 0.765042
vt 0.449273 0.784501
vt 0.465694 0.802309
vt 0.483878 0.818367
vt 0.503654 0.832576
vt 0.524827 0.844827
vt 0.547191 0.854992
vt 0.570528 0.862920
vt 0.594621 0.868402
vt 0.496516 0.147219
vt 0.624029 0.026323
vt 0.610933 0.027125
vt 0.610567 0.024014
vt 0.623932 0.023191
vt 0.012126 0.647585
vt 0.009890 0.660290
vt 0.006781 0.659919
vt 0.009081 0.646861
vt 0.607173 0.318182
vt 0.620044 0.319634
vt 0.619872 0.322762
vt 0.606648 0.321271
vt 0.302302 0.669495
vt 0.300848 0.656670
vt 0.303930 0.656133
vt 0.305426 0.669317
vt 0.714896 0.065199
vt 0.706125 0.055731
vt 0.708301 0.053476
vt 0.717328 0.063227
vt 0.039415 0.754232
vt 0.049434 0.762319
vt 0.047551 0.764802
vt 0.037236 0.756470
vt 0.585898 0.033002
vt 0.574220 0.038018
vt 0.572814 0.035218
vt 0.584832 0.030056
vt 0.027173 0.612913
vt 0.020788 0.623762
vt 0.017999 0.622343
vt 0.024590 0.611149
vt 0.594688 0.315289
vt 0.593809 0.318297
vt 0.297905 0.644252
vt 0.300895 0.643336
vt 0.722646 0.075777
vt 0.725274 0.074090
vt 0.060481 0.769256
vt 0.058885 0.771921
vt 0.637148 0.026313
vt 0.637321 0.023185
vt 0.009084 0.673347
vt 0.009067 0.686423
vt 0.005941 0.686597
vt 0.005953 0.673248
vt 0.582718 0.310984
vt 0.581482 0.313863
vt 0.293257 0.632466
vt 0.296098 0.631164
vt 0.729281 0.087393
vt 0.732058 0.085982
vt 0.072344 0.775082
vt 0.071015 0.777879
vt 0.571397 0.305274
vt 0.569807 0.307972
vt 0.287013 0.621497
vt 0.289652 0.619829
vt 0.734837 0.099847
vt 0.737719 0.098689
vt 0.084823 0.779896
vt 0.083731 0.782784
vt 0.560862 0.298185
vt 0.558945 0.300656
vt 0.279351 0.611477
vt 0.281747 0.609484
vt 0.739408 0.112943
vt 0.742364 0.112008
vt 0.097746 0.783843
vt 0.096858 0.786791
vt 0.551225 0.289796
vt 0.549027 0.292011
vt 0.270456 0.602487
vt 0.272590 0.600224
vt 0.743093 0.126525
vt 0.746100 0.125788
vt 0.110986 0.787091
vt 0.110271 0.790081
vt 0.542611 0.280164
vt 0.540180 0.282108
vt 0.260516 0.594559
vt 0.262382 0.592078
vt 0.745961 0.140475
vt 0.749008 0.139940
vt 0.124471 0.789776
vt 0.123947 0.792801
vt 0.535033 0.269478
vt 0.532417 0.271154
vt 0.249706 0.587674
vt 0.251311 0.585024
vt 0.747828 0.154739
vt 0.750904 0.154419
vt 0.138280 0.791470
vt 0.137967 0.794523
vt 0.528464 0.257906
vt 0.525708 0.259326
vt 0.238189 0.581763
vt 0.239551 0.578986
vt 0.748701 0.169132
vt 0.751790 0.169032
vt 0.152192 0.792272
vt 0.152097 0.795338
vt 0.522848 0.245593
vt 0.519987 0.246777
vt 0.226106 0.576710
vt 0.227249 0.573841
vt 0.748578 0.183546
vt 0.751665 0.183674
vt 0.166117 0.792081
vt 0.166247 0.795144
vt 0.518115 0.232660
vt 0.515176 0.233629
vt 0.213554 0.572374
vt 0.214505 0.569438
vt 0.747461 0.197870
vt 0.750532 0.198212
vt 0.179950 0.791029
vt 0.180281 0.794076
vt 0.514200 0.219204
vt 0.511197 0.219950
vt 0.200585 0.568626
vt 0.201317 0.565629
vt 0.745436 0.211948
vt 0.748473 0.212510
vt 0.193567 0.789259
vt 0.194114 0.792275
vt 0.511326 0.205257
vt 0.508277 0.205781
vt 0.187087 0.565997
vt 0.187600 0.562955
vt 0.742373 0.225606
vt 0.745360 0.226391
vt 0.206738 0.786377
vt 0.207503 0.789347
vt 0.509359 0.191012
vt 0.506281 0.191328
vt 0.173324 0.564116
vt 0.173642 0.561047
vt 0.738476 0.238802
vt 0.741400 0.239805
vt 0.219539 0.782901
vt 0.220499 0.785817
vt 0.508342 0.176624
vt 0.505249 0.176712
vt 0.159422 0.563060
vt 0.159515 0.559975
vt 0.733670 0.251443
vt 0.736505 0.252688
vt 0.231922 0.778688
vt 0.233105 0.781527
vt 0.508365 0.162201
vt 0.505272 0.162066
vt 0.145481 0.563080
vt 0.145351 0.559995
vt 0.727868 0.263411
vt 0.730579 0.264919
vt 0.243796 0.773585
vt 0.245229 0.776315
vt 0.509378 0.147854
vt 0.506301 0.147506
vt 0.131602 0.563984
vt 0.131265 0.560914
vt 0.721003 0.274563
vt 0.723549 0.276350
vt 0.255030 0.767468
vt 0.256734 0.770048
vt 0.511375 0.133752
vt 0.508325 0.133204
vt 0.117973 0.565833
vt 0.117449 0.562787
vt 0.713036 0.284734
vt 0.715367 0.286805
vt 0.265464 0.760253
vt 0.267449 0.762635
vt 0.514223 0.119968
vt 0.511211 0.119220
vt 0.104559 0.568284
vt 0.103859 0.565269
vt 0.703962 0.293724
vt 0.706030 0.296068
vt 0.274912 0.751904
vt 0.277176 0.754035
vt 0.598178 0.029358
vt 0.597461 0.026309
vt 0.015771 0.635366
vt 0.012832 0.634291
vt 0.517992 0.106617
vt 0.515040 0.105642
vt 0.091422 0.571468
vt 0.090516 0.568502
vt 0.693898 0.301459
vt 0.695656 0.304051
vt 0.283191 0.742441
vt 0.285717 0.744266
vt 0.522775 0.093842
vt 0.519912 0.092609
vt 0.078673 0.575543
vt 0.077525 0.572653
vt 0.682963 0.307868
vt 0.684378 0.310664
vt 0.290115 0.731935
vt 0.292868 0.733410
vt 0.650017 0.027748
vt 0.650543 0.024660
vt 0.010498 0.699232
vt 0.007413 0.699764
vt 0.528675 0.081830
vt 0.525944 0.080312
vt 0.066470 0.580660
vt 0.065048 0.577887
vt 0.671289 0.312909
vt 0.672354 0.315856
vt 0.295506 0.720505
vt 0.298432 0.721604
vt 0.662498 0.030621
vt 0.663380 0.027614
vt 0.013366 0.711641
vt 0.010365 0.712529
vt 0.535750 0.070784
vt 0.533198 0.068969
vt 0.055006 0.586930
vt 0.053286 0.584323
vt 0.659012 0.316572
vt 0.659729 0.319622
vt 0.299232 0.708322
vt 0.302275 0.709049
vt 0.674464 0.034901
vt 0.675694 0.032019
vt 0.017642 0.723519
vt 0.014769 0.724759
vt 0.543915 0.060783
vt 0.541600 0.058671
vt 0.044489 0.594407
vt 0.042459 0.592028
vt 0.646258 0.318820
vt 0.646625 0.321931
vt 0.301485 0.695628
vt 0.304592 0.695998
vt 0.685795 0.040547
vt 0.687359 0.037831
vt 0.023324 0.734729
vt 0.020633 0.736325
vt 0.553124 0.051962
vt 0.551091 0.049575
vt 0.035139 0.603088
vt 0.032813 0.600995
vt 0.633164 0.319629
vt 0.633262 0.322762
vt 0.302297 0.682578
vt 0.305427 0.682675
vt 0.696384 0.047504
vt 0.698263 0.044995
vt 0.030640 0.745011
vt 0.028185 0.746948
vt 0.563261 0.044359
vt 0.561532 0.041745
vt 0.690168 0.160926
vt 0.690374 0.147723
vt 0.704729 0.147688
vt 0.704490 0.160878
vt 0.691098 0.121044
vt 0.691610 0.107960
vt 0.706108 0.108007
vt 0.705541 0.121058
vt 0.112918 0.651221
vt 0.099459 0.651711
vt 0.100037 0.640403
vt 0.113386 0.639858
vt 0.690990 0.198120
vt 0.690556 0.186415
vt 0.704960 0.186329
vt 0.705443 0.198005
vt 0.083634 0.586457
vt 0.095292 0.585871
vt 0.094991 0.595918
vt 0.083519 0.596840
vt 0.220635 0.598592
vt 0.230465 0.600043
vt 0.229224 0.613652
vt 0.219666 0.611800
vt 0.066675 0.682595
vt 0.054909 0.684758
vt 0.056691 0.669331
vt 0.068403 0.666954
vt 0.268307 0.690000
vt 0.257450 0.687740
vt 0.256388 0.672234
vt 0.267526 0.674771
vt 0.232872 0.683515
vt 0.219592 0.681786
vt 0.218396 0.665812
vt 0.231609 0.667664
vt 0.680723 0.173970
vt 0.680695 0.160945
vt 0.690223 0.173936
vt 0.126785 0.650645
vt 0.127128 0.639241
vt 0.282677 0.646370
vt 0.272992 0.646026
vt 0.271925 0.631872
vt 0.281921 0.632727
vt 0.282917 0.655276
vt 0.273304 0.655150
vt 0.220087 0.692490
vt 0.206321 0.691251
vt 0.205889 0.680433
vt 0.119229 0.689018
vt 0.105056 0.689672
vt 0.105592 0.678766
vt 0.119634 0.678061
vt 0.262134 0.645288
vt 0.260869 0.630708
vt 0.681023 0.186470
vt 0.245561 0.685535
vt 0.244341 0.669836
vt 0.140969 0.650365
vt 0.141179 0.638947
vt 0.681529 0.121000
vt 0.681996 0.107887
vt 0.683176 0.082831
vt 0.683913 0.071128
vt 0.693835 0.071316
vt 0.692947 0.082952
vt 0.250343 0.644283
vt 0.248983 0.629327
vt 0.092085 0.679544
vt 0.079106 0.680826
vt 0.080678 0.664996
vt 0.093412 0.663546
vt 0.192192 0.690320
vt 0.177770 0.689634
vt 0.177605 0.678723
vt 0.191880 0.679432
vt 0.221257 0.589815
vt 0.231116 0.591149
vt 0.237829 0.643126
vt 0.236472 0.627823
vt 0.704585 0.173871
vt 0.155328 0.650428
vt 0.155388 0.639041
vt 0.204863 0.664360
vt 0.681420 0.198201
vt 0.224780 0.641940
vt 0.223521 0.626337
vt 0.173231 0.585955
vt 0.186045 0.586540
vt 0.185478 0.595191
vt 0.172675 0.594659
vt 0.148377 0.688547
vt 0.133703 0.688504
vt 0.133959 0.677512
vt 0.148490 0.677568
vt 0.163107 0.689036
vt 0.163081 0.678086
vt 0.211349 0.640864
vt 0.210276 0.624982
vt 0.683921 0.235100
vt 0.683145 0.227584
vt 0.692916 0.227410
vt 0.693834 0.234833
vt 0.169715 0.650493
vt 0.169621 0.639216
vt 0.177143 0.662553
vt 0.191111 0.663292
vt 0.210366 0.588593
vt 0.209763 0.597294
vt 0.197645 0.639978
vt 0.196834 0.623847
vt 0.681153 0.134327
vt 0.690684 0.134345
vt 0.106623 0.662656
vt 0.120388 0.661871
vt 0.681909 0.209037
vt 0.691524 0.208925
vt 0.183741 0.639399
vt 0.183245 0.623055
vt 0.160059 0.585523
vt 0.159516 0.594303
vt 0.183996 0.650551
vt 0.148629 0.661337
vt 0.162918 0.661874
vt 0.682547 0.095124
vt 0.692225 0.095220
vt 0.169440 0.622694
vt 0.033958 0.655653
vt 0.026968 0.656156
vt 0.026839 0.646244
vt 0.034079 0.645457
vt 0.091399 0.690445
vt 0.198551 0.587494
vt 0.197968 0.596157
vt 0.155523 0.622257
vt 0.705081 0.134332
vt 0.198064 0.650948
vt 0.134405 0.661272
vt 0.682486 0.218862
vt 0.692163 0.218722
vt 0.141626 0.621995
vt 0.146773 0.585242
vt 0.146235 0.594131
vt 0.078297 0.691642
vt 0.065803 0.693238
vt 0.709286 0.071794
vt 0.707924 0.083161
vt 0.127860 0.622299
vt 0.042326 0.654991
vt 0.042753 0.644450
vt 0.211899 0.651614
vt 0.114401 0.622936
vt 0.133502 0.585108
vt 0.132967 0.594145
vt 0.072699 0.587086
vt 0.072795 0.597772
vt 0.101305 0.623538
vt 0.051993 0.654176
vt 0.052630 0.643359
vt 0.225412 0.652435
vt 0.087301 0.640793
vt 0.088824 0.623974
vt 0.120381 0.585162
vt 0.119866 0.594431
vt 0.107589 0.585431
vt 0.107146 0.595064
vt 0.075091 0.641419
vt 0.076771 0.624706
vt 0.062735 0.653334
vt 0.063478 0.642309
vt 0.238481 0.653327
vt 0.106528 0.609881
vt 0.094633 0.611124
vt 0.065193 0.625751
vt 0.233358 0.694064
vt 0.119070 0.608785
vt 0.054259 0.626997
vt 0.074329 0.652599
vt 0.707888 0.226913
vt 0.709286 0.233843
vt 0.250947 0.654151
vt 0.132092 0.607945
vt 0.184600 0.608192
vt 0.171804 0.607732
vt 0.044184 0.628322
vt 0.054040 0.695183
vt 0.706831 0.095299
vt 0.680875 0.147726
vt 0.145368 0.607487
vt 0.706774 0.218517
vt 0.086602 0.652069
vt 0.197075 0.609173
vt 0.035201 0.629611
vt 0.684795 0.060184
vt 0.694993 0.060539
vt 0.158655 0.607480
vt 0.083483 0.612397
vt 0.706032 0.208775
vt 0.262600 0.654764
vt 0.208849 0.610362
vt 0.027544 0.630765
vt 0.257625 0.697796
vt 0.245945 0.695872
vt 0.004613 0.673227
vt 0.005448 0.659778
vt 0.305313 0.655917
vt 0.306826 0.669261
vt 0.046649 0.766001
vt 0.036230 0.757531
vt 0.707466 0.108287
vt 0.706902 0.121172
vt 0.302244 0.642953
vt 0.058094 0.773234
vt 0.004601 0.686697
vt 0.297413 0.630600
vt 0.070334 0.779282
vt 0.290914 0.619082
vt 0.083158 0.784257
vt 0.282930 0.608568
vt 0.096386 0.788317
vt 0.273675 0.599160
vt 0.109894 0.791643
vt 0.263358 0.590887
vt 0.123676 0.794387
vt 0.252172 0.583728
vt 0.137811 0.796128
vt 0.240298 0.577606
vt 0.152059 0.796951
vt 0.227885 0.572396
vt 0.166332 0.796759
vt 0.215035 0.567947
vt 0.180479 0.795683
vt 0.201728 0.564103
vt 0.194429 0.793859
vt 0.187893 0.561399
vt 0.207939 0.790905
vt 0.173825 0.559475
vt 0.221042 0.787336
vt 0.159575 0.558397
vt 0.233763 0.782988
vt 0.145291 0.558418
vt 0.246006 0.777700
vt 0.131091 0.559347
vt 0.257632 0.771336
vt 0.117170 0.561238
vt 0.268463 0.763804
vt 0.103483 0.563751
vt 0.278297 0.755063
vt 0.706441 0.134283
vt 0.090035 0.567030
vt 0.286929 0.745132
vt 0.076933 0.571246
vt 0.294144 0.734097
vt 0.006090 0.700021
vt 0.064340 0.576563
vt 0.299753 0.722114
vt 0.009077 0.712945
vt 0.052460 0.583107
vt 0.303640 0.709392
vt 0.013536 0.725333
vt 0.041520 0.590944
vt 0.305984 0.696183
vt 0.019474 0.737059
vt 0.031781 0.600068
vt 0.306826 0.682740
vt 0.027097 0.747848
vt 0.023478 0.610385
vt 0.706089 0.147483
vt 0.016803 0.621735
vt 0.560792 0.040579
vt 0.572211 0.033970
vt 0.597149 0.024951
vt 0.610405 0.022629
vt 0.699053 0.043879
vt 0.709210 0.052479
vt 0.633299 0.324093
vt 0.619795 0.324093
vt 0.550224 0.048511
vt 0.688015 0.036621
vt 0.646777 0.323255
vt 0.540622 0.057734
vt 0.676210 0.030735
vt 0.660029 0.320919
vt 0.268289 0.699810
vt 0.267392 0.701317
vt 0.256887 0.699348
vt 0.663748 0.026276
vt 0.672805 0.317107
vt 0.245363 0.697470
vt 0.650761 0.023286
vt 0.684977 0.311848
vt 0.232914 0.695699
vt 0.637389 0.021793
vt 0.696393 0.305132
vt 0.219756 0.694150
vt 0.706876 0.297015
vt 0.206081 0.692926
vt 0.584372 0.028743
vt 0.261936 0.656156
vt 0.250445 0.655575
vt 0.192025 0.692004
vt 0.238128 0.654778
vt 0.177672 0.691323
vt 0.225190 0.653905
vt 0.163086 0.690726
vt 0.211790 0.653100
vt 0.148436 0.690238
vt 0.198050 0.652444
vt 0.133844 0.690194
vt 0.184060 0.652050
vt 0.119443 0.690707
vt 0.169858 0.651994
vt 0.105350 0.691359
vt 0.155548 0.651928
vt 0.091770 0.692126
vt 0.141263 0.651864
vt 0.078745 0.693315
vt 0.127160 0.652142
vt 0.066343 0.694897
vt 0.113367 0.652716
vt 0.054688 0.696820
vt 0.099981 0.653204
vt 0.043165 0.697387
vt 0.043934 0.698995
vt 0.087189 0.653558
vt 0.033355 0.699748
vt 0.034256 0.701317
vt 0.074985 0.654078
vt 0.095945 0.584454
vt 0.108110 0.584044
vt 0.063476 0.654797
vt 0.120747 0.583798
vt 0.733129 0.085423
vt 0.738806 0.098243
vt 0.133702 0.583752
vt 0.726316 0.073395
vt 0.146809 0.583882
vt 0.623884 0.021799
vt 0.718321 0.062379
vt 0.159940 0.584155
vt 0.172963 0.584579
vt 0.073122 0.613652
vt 0.112649 0.924253
vt 0.099699 0.924404
vt 0.263100 0.124041
vt 0.249905 0.123058
vt 0.086692 0.924463
vt 0.275937 0.126461
vt 0.073767 0.924428
vt 0.288281 0.130295
vt 0.061056 0.924301
vt 0.300004 0.135505
vt 0.048684 0.924088
vt 0.310990 0.142037
vt 0.036770 0.923800
vt 0.321136 0.149831
vt 0.025419 0.923451
vt 0.330350 0.158816
vt 0.014727 0.923067
vt 0.338558 0.168915
vt 0.005189 0.921186
vt 0.004777 0.922657
vt 0.345696 0.180044
vt 0.689229 0.499218
vt 0.687780 0.511435
vt 0.351631 0.192173
vt 0.686505 0.524433
vt 0.356412 0.205098
vt 0.685519 0.538015
vt 0.360140 0.218622
vt 0.684799 0.552034
vt 0.362900 0.232597
vt 0.684288 0.566365
vt 0.364756 0.246898
vt 0.683865 0.580920
vt 0.365614 0.261433
vt 0.683545 0.595528
vt 0.365457 0.276033
vt 0.683663 0.610070
vt 0.364251 0.290585
vt 0.684310 0.624433
vt 0.362064 0.304979
vt 0.685080 0.638468
vt 0.358944 0.319055
vt 0.685980 0.651986
vt 0.354792 0.332628
vt 0.687251 0.664932
vt 0.349781 0.345644
vt 0.688851 0.677198
vt 0.343857 0.357996
vt 0.821814 0.975341
vt 0.822187 0.976838
vt 0.812108 0.977109
vt 0.336963 0.369559
vt 0.801342 0.977397
vt 0.329057 0.380184
vt 0.789933 0.977593
vt 0.320123 0.389702
vt 0.777964 0.977593
vt 0.310181 0.397916
vt 0.765582 0.977472
vt 0.299389 0.404822
vt 0.752912 0.977254
vt 0.287865 0.410387
vt 0.740076 0.976921
vt 0.275724 0.414561
vt 0.727203 0.976460
vt 0.263086 0.417306
vt 0.714427 0.975860
vt 0.250083 0.418595
vt 0.701883 0.975113
vt 0.236852 0.418415
vt 0.689641 0.974029
vt 0.223662 0.417424
vt 0.678186 0.972829
vt 0.210834 0.414990
vt 0.667638 0.971530
vt 0.198503 0.411138
vt 0.658105 0.970154
vt 0.186795 0.405907
vt 0.674752 0.045960
vt 0.674697 0.055188
vt 0.175831 0.399342
vt 0.674501 0.065420
vt 0.165715 0.391507
vt 0.674118 0.076595
vt 0.156580 0.382425
vt 0.673482 0.088642
vt 0.148577 0.372132
vt 0.672729 0.101362
vt 0.141699 0.360832
vt 0.672007 0.114602
vt 0.135911 0.348696
vt 0.671405 0.128238
vt 0.131150 0.335866
vt 0.671033 0.142172
vt 0.127337 0.322467
vt 0.670962 0.156324
vt 0.124405 0.308597
vt 0.670873 0.170594
vt 0.122519 0.294319
vt 0.670747 0.184845
vt 0.121580 0.279801
vt 0.670942 0.198900
vt 0.121655 0.265207
vt 0.671424 0.212653
vt 0.122734 0.250648
vt 0.671815 0.225995
vt 0.124827 0.236239
vt 0.672082 0.238755
vt 0.127925 0.222159
vt 0.672477 0.250900
vt 0.131879 0.208481
vt 0.673031 0.262288
vt 0.136749 0.195336
vt 0.673644 0.272742
vt 0.142620 0.182884
vt 0.674168 0.282037
vt 0.149582 0.171336
vt 0.674504 0.289977
vt 0.157657 0.160889
vt 0.674752 0.296586
vt 0.166703 0.151557
vt 0.184627 0.919513
vt 0.177331 0.920365
vt 0.176656 0.143424
vt 0.168891 0.921187
vt 0.187433 0.136559
vt 0.159382 0.921964
vt 0.198937 0.131025
vt 0.148893 0.922684
vt 0.211061 0.126874
vt 0.137529 0.923339
vt 0.223685 0.124147
vt 0.125406 0.923922
vt 0.236677 0.122873
vt 0.624544 0.749278
vt 0.637526 0.749479
vt 0.880810 0.606443
vt 0.880176 0.594389
vt 0.650190 0.748226
vt 0.881510 0.617642
vt 0.662485 0.745561
vt 0.882254 0.627955
vt 0.674286 0.741512
vt 0.883030 0.637281
vt 0.685482 0.736120
vt 0.883827 0.645530
vt 0.884796 0.645022
vt 0.695970 0.729438
vt 0.773284 0.029208
vt 0.772269 0.019283
vt 0.705666 0.721534
vt 0.774272 0.040004
vt 0.714511 0.712476
vt 0.775201 0.051586
vt 0.722435 0.702317
vt 0.776064 0.063879
vt 0.729264 0.691035
vt 0.776975 0.076845
vt 0.735039 0.678845
vt 0.777807 0.090295
vt 0.739849 0.665951
vt 0.778431 0.104066
vt 0.743758 0.652496
vt 0.778866 0.118048
vt 0.746819 0.638617
vt 0.779159 0.132130
vt 0.748907 0.624412
vt 0.779448 0.146180
vt 0.749992 0.610096
vt 0.779721 0.159985
vt 0.750055 0.595779
vt 0.779634 0.173431
vt 0.749171 0.581492
vt 0.779077 0.186513
vt 0.747336 0.567413
vt 0.778476 0.199069
vt 0.744433 0.553779
vt 0.777848 0.210836
vt 0.740665 0.540642
vt 0.776911 0.221832
vt 0.735950 0.528093
vt 0.740020 0.540924
vt 0.735336 0.528425
vt 0.730232 0.516244
vt 0.729656 0.516626
vt 0.723457 0.505233
vt 0.722926 0.505662
vt 0.715598 0.495235
vt 0.715122 0.495706
vt 0.706641 0.486454
vt 0.706228 0.486956
vt 0.696761 0.478870
vt 0.922312 0.908432
vt 0.921286 0.916645
vt 0.686075 0.472503
vt 0.923329 0.899193
vt 0.674667 0.467413
vt 0.924302 0.888998
vt 0.662641 0.463661
vt 0.925197 0.877939
vt 0.650120 0.461289
vt 0.925984 0.866125
vt 0.637143 0.460343
vt 0.926628 0.853584
vt 0.624133 0.460151
vt 0.926965 0.840856
vt 0.611451 0.461419
vt 0.927119 0.828165
vt 0.599141 0.464107
vt 0.927115 0.815561
vt 0.587327 0.468183
vt 0.926964 0.803175
vt 0.576121 0.473596
vt 0.926692 0.791124
vt 0.565611 0.480293
vt 0.926323 0.779507
vt 0.555933 0.488290
vt 0.925795 0.768453
vt 0.547254 0.497602
vt 0.925020 0.758119
vt 0.539575 0.508005
vt 0.958716 0.456605
vt 0.958997 0.467698
vt 0.532881 0.519321
vt 0.958389 0.444698
vt 0.527133 0.531412
vt 0.958099 0.432111
vt 0.522264 0.544156
vt 0.957961 0.418956
vt 0.518188 0.557464
vt 0.958071 0.405314
vt 0.515110 0.571307
vt 0.958068 0.391236
vt 0.512949 0.585447
vt 0.957958 0.376954
vt 0.511768 0.599708
vt 0.958101 0.362642
vt 0.511559 0.614062
vt 0.958470 0.348328
vt 0.512370 0.628398
vt 0.958666 0.334133
vt 0.514211 0.642481
vt 0.958653 0.320293
vt 0.516915 0.656207
vt 0.958713 0.306890
vt 0.520562 0.669467
vt 0.958862 0.294041
vt 0.525247 0.682120
vt 0.958997 0.281897
vt 0.531076 0.693952
vt 0.958961 0.270683
vt 0.538090 0.704763
vt 0.958637 0.260605
vt 0.957608 0.261036
vt 0.546112 0.714562
vt 0.879301 0.508578
vt 0.879435 0.497394
vt 0.555084 0.723283
vt 0.879197 0.520224
vt 0.564950 0.730855
vt 0.879145 0.532255
vt 0.575633 0.737202
vt 0.879161 0.544569
vt 0.587036 0.742264
vt 0.879253 0.557052
vt 0.599051 0.745990
vt 0.879420 0.569585
vt 0.611575 0.748349
vt 0.879657 0.582062
s 1
usemtl Hat
f 355/1/1 350/2/2 405/3/3 401/4/4
f 2818/5/5 2943/6/6 3072/7/6 2945/8/5
f 2823/9/7 2821/10/8 2950/11/8 2952/12/9
f 2825/13/10 2823/9/7 2952/12/9 2954/14/11
f 2827/15/12 2825/13/10 2954/14/11 2956/16/13
f 2829/17/14 2827/15/12 2956/16/13 2958/18/15
f 2831/19/16 2829/17/14 2958/18/15 2960/20/17
f 2833/21/18 2831/19/16 2960/20/17 2962/22/19
f 2835/23/20 2833/21/18 2962/22/19 2964/24/21
f 2837/25/22 2835/26/20 2964/27/21 2966/28/23
f 2839/29/24 2837/25/22 2966/28/23 2968/30/25
f 2841/31/26 2839/29/24 2968/30/25 2970/32/27
f 2843/33/28 2841/31/26 2970/32/27 2972/34/29
f 2845/35/30 2843/33/28 2972/34/29 2974/36/31
f 2847/37/32 2845/35/30 2974/36/31 2976/38/33
f 2849/39/34 2847/37/32 2976/38/33 2978/40/35
f 2851/41/36 2849/39/34 2978/40/35 2980/42/37
f 2853/43/38 2851/41/36 2980/42/37 2982/44/39
f 2855/45/40 2853/43/38 2982/44/39 2984/46/41
f 2857/47/42 2855/45/40 2984/46/41 2986/48/43
f 2859/49/44 2857/47/42 2986/48/43 2988/50/44
f 2861/51/45 2859/49/44 2988/50/44 2990/52/46
f 2863/53/47 2861/54/45 2990/55/46 2992/56/48
f 2865/57/49 2863/53/47 2992/56/48 2994/58/50
f 2867/59/51 2865/57/49 2994/58/50 2996/60/52
f 2869/61/53 2867/59/51 2996/60/52 2998/62/54
f 2871/63/55 2869/61/53 2998/62/54 3000/64/56
f 2873/65/57 2871/63/55 3000/64/56 3002/66/58
f 2875/67/59 2873/65/57 3002/66/58 3004/68/59
f 2877/69/60 2875/67/59 3004/68/59 3006/70/60
f 2879/71/61 2877/69/60 3006/70/60 3008/72/62
f 2881/73/63 2879/71/61 3008/72/62 3010/74/63
f 2883/75/64 2881/73/63 3010/74/63 3012/76/64
f 2885/77/65 2883/75/64 3012/76/64 3014/78/65
f 2887/79/66 2885/77/65 3014/78/65 3016/80/67
f 2889/81/68 2887/79/66 3016/80/67 3018/82/69
f 2891/83/70 2889/84/68 3018/85/69 3020/86/71
f 2893/87/72 2891/83/70 3020/86/71 3022/88/73
f 2895/89/74 2893/87/72 3022/88/73 3024/90/75
f 2897/91/76 2895/89/74 3024/90/75 3026/92/77
f 2899/93/78 2897/91/76 3026/92/77 3028/94/79
f 2901/95/80 2899/93/78 3028/94/79 3030/96/81
f 2903/97/82 2901/95/80 3030/96/81 3032/98/82
f 2905/99/83 2903/97/82 3032/98/82 3034/100/84
f 2907/101/85 2905/99/83 3034/100/84 3036/102/86
f 2909/103/87 2907/101/85 3036/102/86 3038/104/88
f 2911/105/89 2909/103/87 3038/104/88 3040/106/90
f 2913/107/91 2911/105/89 3040/106/90 3042/108/92
f 2915/109/93 2913/107/91 3042/108/92 3044/110/94
f 2917/111/95 2915/109/93 3044/110/94 3046/112/96
f 2919/113/97 2917/111/95 3046/112/96 3048/114/98
f 2921/115/99 2919/113/97 3048/114/98 3050/116/100
f 2923/117/101 2921/115/99 3050/116/100 3052/118/101
f 2925/119/102 2923/117/101 3052/118/101 3054/120/103
f 2927/121/104 2925/119/102 3054/120/103 3056/122/105
f 2929/123/106 2927/121/104 3056/122/105 3058/124/107
f 2931/125/108 2929/126/106 3058/127/107 3060/128/109
f 2933/129/110 2931/125/108 3060/128/109 3062/130/111
f 2935/131/112 2933/129/110 3062/130/111 3064/132/113
f 2937/133/114 2935/131/112 3064/132/113 3066/134/115
f 2939/135/116 2937/133/114 3066/134/115 3068/136/117
f 2941/137/118 2939/135/116 3068/136/117 3070/138/119
f 2943/6/6 2941/137/118 3070/138/119 3072/7/6
f 1409/139/120 2947/140/121 2946/141/122 1418/142/123
f 2821/10/8 2819/143/124 2948/144/125 2950/11/8
f 3528/145/126 3531/146/127 1355/147/128 1356/148/129
f 6/149/130 320/150/131 319/151/132 7/152/133
f 7/152/133 319/151/132 318/153/134 8/154/135
f 8/154/135 318/153/134 317/155/136 9/156/137
f 9/156/137 317/155/136 316/157/138 10/158/139
f 320/150/131 315/159/140 314/160/141 319/151/132
f 319/151/132 314/160/141 313/161/142 318/153/134
f 318/153/134 313/161/142 312/162/143 317/155/136
f 317/155/136 312/162/143 311/163/144 316/157/138
f 3708/164/145 3711/165/146 1370/166/147 1408/167/148
f 315/159/140 310/168/149 309/169/150 314/160/141
f 314/160/141 309/169/150 308/170/151 313/161/142
f 313/161/142 308/170/151 307/171/152 312/162/143
f 312/162/143 307/171/152 306/172/153 311/163/144
f 3705/173/154 3708/164/145 1408/167/148 1407/174/155
f 310/168/149 305/175/156 304/176/157 309/169/150
f 309/169/150 304/176/157 303/177/158 308/170/151
f 308/170/151 303/177/158 302/178/159 307/171/152
f 307/171/152 302/178/159 301/179/160 306/172/153
f 3702/180/161 3705/173/154 1407/174/155 1406/181/162
f 305/175/156 300/182/163 299/183/164 304/176/157
f 304/176/157 299/183/164 298/184/165 303/177/158
f 303/177/158 298/184/165 297/185/166 302/178/159
f 302/178/159 297/185/166 296/186/167 301/179/160
f 3699/187/168 3702/180/161 1406/181/162 1405/188/169
f 300/182/163 295/189/170 294/190/171 299/183/164
f 299/183/164 294/190/171 293/191/172 298/184/165
f 298/184/165 293/191/172 292/192/173 297/185/166
f 297/185/166 292/192/173 291/193/174 296/186/167
f 3696/194/175 3699/187/168 1405/188/169 1404/195/176
f 295/189/170 290/196/177 289/197/178 294/190/171
f 294/190/171 289/197/178 288/198/179 293/191/172
f 293/191/172 288/198/179 287/199/180 292/192/173
f 292/192/173 287/199/180 286/200/181 291/193/174
f 3693/201/182 3696/194/175 1404/195/176 1403/202/183
f 290/196/177 285/203/184 284/204/185 289/197/178
f 289/197/178 284/204/185 283/205/186 288/198/179
f 288/198/179 283/205/186 282/206/187 287/199/180
f 287/199/180 282/206/187 281/207/188 286/200/181
f 3690/208/189 3693/209/182 1403/210/183 1402/211/190
f 285/203/184 280/212/191 279/213/192 284/204/185
f 284/204/185 279/213/192 278/214/193 283/205/186
f 283/205/186 278/214/193 277/215/194 282/206/187
f 282/206/187 277/215/194 276/216/195 281/207/188
f 3687/217/196 3690/208/189 1402/211/190 1401/218/197
f 280/212/191 275/219/198 274/220/199 279/213/192
f 279/213/192 274/220/199 273/221/200 278/214/193
f 278/214/193 273/221/200 272/222/201 277/215/194
f 277/215/194 272/222/201 271/223/202 276/216/195
f 3684/224/203 3687/217/196 1401/218/197 1400/225/204
f 275/219/198 270/226/205 269/227/206 274/220/199
f 274/220/199 269/227/206 268/228/207 273/221/200
f 273/221/200 268/228/207 267/229/208 272/222/201
f 272/222/201 267/229/208 266/230/209 271/223/202
f 3681/231/210 3684/224/203 1400/225/204 1399/232/211
f 270/226/205 265/233/212 264/234/213 269/227/206
f 269/227/206 264/234/213 263/235/214 268/228/207
f 268/228/207 263/235/214 262/236/215 267/229/208
f 267/229/208 262/236/215 261/237/216 266/230/209
f 3678/238/217 3681/231/210 1399/232/211 1398/239/218
f 265/233/212 260/240/219 259/241/220 264/234/213
f 264/234/213 259/241/220 258/242/221 263/235/214
f 263/235/214 258/242/221 257/243/222 262/236/215
f 262/236/215 257/243/222 256/244/223 261/237/216
f 3675/245/224 3678/238/217 1398/239/218 1397/246/225
f 260/240/219 255/247/226 254/248/227 259/241/220
f 259/241/220 254/248/227 253/249/228 258/242/221
f 258/242/221 253/249/228 252/250/229 257/243/222
f 257/243/222 252/250/229 251/251/230 256/244/223
f 3672/252/231 3675/245/224 1397/246/225 1396/253/232
f 255/247/226 250/254/233 249/255/234 254/248/227
f 254/248/227 249/255/234 248/256/235 253/249/228
f 253/249/228 248/256/235 247/257/236 252/250/229
f 252/250/229 247/257/236 246/258/237 251/251/230
f 3669/259/238 3672/252/231 1396/253/232 1395/260/239
f 250/254/233 245/261/240 244/262/241 249/255/234
f 249/255/234 244/262/241 243/263/242 248/256/235
f 248/256/235 243/263/242 242/264/243 247/257/236
f 247/257/236 242/264/243 241/265/244 246/258/237
f 3666/266/245 3669/259/238 1395/260/239 1394/267/246
f 245/261/240 240/268/247 239/269/248 244/262/241
f 244/262/241 239/269/248 238/270/249 243/263/242
f 243/263/242 238/270/249 237/271/250 242/264/243
f 242/264/243 237/271/250 236/272/251 241/265/244
f 3663/273/252 3666/266/245 1394/267/246 1393/274/253
f 240/268/247 235/275/254 234/276/255 239/269/248
f 239/269/248 234/276/255 233/277/256 238/270/249
f 238/270/249 233/277/256 232/278/257 237/271/250
f 237/271/250 232/278/257 231/279/258 236/272/251
f 3660/280/259 3663/273/252 1393/274/253 1392/281/260
f 235/275/254 230/282/261 229/283/262 234/276/255
f 234/276/255 229/283/262 228/284/263 233/277/256
f 233/277/256 228/284/263 227/285/264 232/278/257
f 232/278/257 227/285/264 226/286/265 231/279/258
f 3657/287/266 3660/280/259 1392/281/260 1391/288/267
f 230/282/261 225/289/268 224/290/269 229/283/262
f 229/283/262 224/290/269 223/291/270 228/284/263
f 228/284/263 223/291/270 222/292/271 227/285/264
f 227/285/264 222/292/271 221/293/272 226/286/265
f 3654/294/273 3657/287/266 1391/288/267 1390/295/274
f 225/289/268 220/296/275 219/297/276 224/290/269
f 224/290/269 219/297/276 218/298/277 223/291/270
f 223/291/270 218/298/277 217/299/278 222/292/271
f 222/292/271 217/299/278 216/300/279 221/293/272
f 3651/301/280 3654/294/273 1390/295/274 1389/302/281
f 220/296/275 215/303/282 214/304/283 219/297/276
f 219/297/276 214/304/283 213/305/284 218/298/277
f 218/298/277 213/305/284 212/306/285 217/299/278
f 217/299/278 212/306/285 211/307/286 216/300/279
f 3648/308/287 3651/301/280 1389/302/281 1388/309/288
f 215/303/282 210/310/289 209/311/290 214/304/283
f 214/304/283 209/311/290 208/312/291 213/305/284
f 213/305/284 208/312/291 207/313/292 212/306/285
f 212/306/285 207/313/292 206/314/293 211/307/286
f 3645/315/294 3648/308/287 1388/309/288 1387/316/295
f 210/310/289 205/317/296 204/318/297 209/311/290
f 209/311/290 204/318/297 203/319/298 208/312/291
f 208/312/291 203/319/298 202/320/299 207/313/292
f 207/313/292 202/320/299 201/321/300 206/314/293
f 3642/322/301 3645/315/294 1387/316/295 1386/323/302
f 205/317/296 200/324/303 199/325/304 204/318/297
f 204/318/297 199/325/304 198/326/305 203/319/298
f 203/319/298 198/326/305 197/327/306 202/320/299
f 202/320/299 197/327/306 196/328/307 201/321/300
f 3639/329/308 3642/322/301 1386/323/302 1385/330/309
f 200/324/303 195/331/310 194/332/311 199/325/304
f 199/325/304 194/332/311 193/333/312 198/326/305
f 198/326/305 193/333/312 192/334/313 197/327/306
f 197/327/306 192/334/313 191/335/314 196/328/307
f 3636/336/315 3639/329/308 1385/330/309 1384/337/316
f 195/331/310 190/338/317 189/339/318 194/332/311
f 194/332/311 189/339/318 188/340/319 193/333/312
f 193/333/312 188/340/319 187/341/320 192/334/313
f 192/334/313 187/341/320 186/342/321 191/335/314
f 3633/343/322 3636/336/315 1384/337/316 1383/344/323
f 190/338/317 185/345/324 184/346/325 189/339/318
f 189/339/318 184/346/325 183/347/326 188/340/319
f 188/340/319 183/347/326 182/348/327 187/341/320
f 187/341/320 182/348/327 181/349/328 186/342/321
f 3630/350/329 3633/343/322 1383/344/323 1382/351/330
f 185/345/324 180/352/331 179/353/332 184/346/325
f 184/346/325 179/353/332 178/354/333 183/347/326
f 183/347/326 178/354/333 177/355/334 182/348/327
f 182/348/327 177/355/334 176/356/335 181/349/328
f 3627/357/336 3630/358/329 1382/359/330 1381/360/337
f 180/352/331 175/361/338 174/362/339 179/353/332
f 179/353/332 174/362/339 173/363/340 178/354/333
f 178/354/333 173/363/340 172/364/341 177/355/334
f 177/355/334 172/364/341 171/365/342 176/356/335
f 3624/366/343 3627/357/336 1381/360/337 1380/367/344
f 175/361/338 170/368/345 169/369/346 174/362/339
f 174/362/339 169/369/346 168/370/347 173/363/340
f 173/363/340 168/370/347 167/371/348 172/364/341
f 172/364/341 167/371/348 166/372/349 171/365/342
f 3621/373/350 3624/366/343 1380/367/344 1379/374/351
f 170/368/345 165/375/352 164/376/353 169/369/346
f 169/369/346 164/376/353 163/377/354 168/370/347
f 168/370/347 163/377/354 162/378/355 167/371/348
f 167/371/348 162/378/355 161/379/356 166/372/349
f 3618/380/357 3621/373/350 1379/374/351 1378/381/358
f 165/375/352 160/382/359 159/383/360 164/376/353
f 164/376/353 159/383/360 158/384/361 163/377/354
f 163/377/354 158/384/361 157/385/362 162/378/355
f 162/378/355 157/385/362 156/386/363 161/379/356
f 3615/387/364 3618/380/357 1378/381/358 1377/388/365
f 160/382/359 155/389/366 154/390/367 159/383/360
f 159/383/360 154/390/367 153/391/368 158/384/361
f 158/384/361 153/391/368 152/392/369 157/385/362
f 157/385/362 152/392/369 151/393/370 156/386/363
f 3612/394/371 3615/387/364 1377/388/365 1376/395/372
f 155/389/366 150/396/373 149/397/374 154/390/367
f 154/390/367 149/397/374 148/398/375 153/391/368
f 153/391/368 148/398/375 147/399/376 152/392/369
f 152/392/369 147/399/376 146/400/377 151/393/370
f 3609/401/378 3612/394/371 1376/395/372 1375/402/379
f 150/396/373 145/403/380 144/404/381 149/397/374
f 149/397/374 144/404/381 143/405/382 148/398/375
f 148/398/375 143/405/382 142/406/383 147/399/376
f 147/399/376 142/406/383 141/407/384 146/400/377
f 3606/408/385 3609/401/378 1375/402/379 1374/409/386
f 145/403/380 140/410/387 139/411/388 144/404/381
f 144/404/381 139/411/388 138/412/389 143/405/382
f 143/405/382 138/412/389 137/413/390 142/406/383
f 142/406/383 137/413/390 136/414/391 141/407/384
f 3603/415/392 3606/408/385 1374/409/386 1373/416/393
f 140/410/387 135/417/394 134/418/395 139/411/388
f 139/411/388 134/418/395 133/419/396 138/412/389
f 138/412/389 133/419/396 132/420/397 137/413/390
f 137/413/390 132/420/397 131/421/398 136/414/391
f 3600/422/399 3603/415/392 1373/416/393 1372/423/400
f 135/417/394 130/424/401 129/425/402 134/418/395
f 134/418/395 129/425/402 128/426/403 133/419/396
f 133/419/396 128/426/403 127/427/404 132/420/397
f 132/420/397 127/427/404 126/428/405 131/421/398
f 3597/429/406 3600/422/399 1372/423/400 1371/430/407
f 130/424/401 125/431/408 124/432/409 129/425/402
f 129/425/402 124/432/409 123/433/410 128/426/403
f 128/426/403 123/433/410 122/434/411 127/427/404
f 127/427/404 122/434/411 121/435/412 126/428/405
f 3594/436/413 3597/429/406 1371/430/407 1368/437/414
f 125/431/408 120/438/415 119/439/416 124/432/409
f 124/432/409 119/439/416 118/440/417 123/433/410
f 123/433/410 118/440/417 117/441/418 122/434/411
f 122/434/411 117/441/418 116/442/419 121/435/412
f 3591/443/420 3594/436/413 1368/437/414 1345/444/421
f 120/438/415 115/445/422 114/446/423 119/439/416
f 119/439/416 114/446/423 113/447/424 118/440/417
f 118/440/417 113/447/424 112/448/425 117/441/418
f 117/441/418 112/448/425 111/449/426 116/442/419
f 3588/450/427 3591/451/420 1345/452/421 1358/453/428
f 115/445/422 110/454/429 109/455/430 114/446/423
f 114/446/423 109/455/430 108/456/431 113/447/424
f 113/447/424 108/456/431 107/457/432 112/448/425
f 112/448/425 107/457/432 106/458/433 111/449/426
f 3585/459/434 3588/450/427 1358/453/428 1346/460/435
f 110/454/429 105/461/436 104/462/437 109/455/430
f 109/455/430 104/462/437 103/463/438 108/456/431
f 108/456/431 103/463/438 102/464/439 107/457/432
f 107/457/432 102/464/439 101/465/440 106/458/433
f 3582/466/441 3585/459/434 1346/460/435 1361/467/442
f 105/461/436 100/468/443 99/469/444 104/462/437
f 104/462/437 99/469/444 98/470/445 103/463/438
f 103/463/438 98/470/445 97/471/446 102/464/439
f 102/464/439 97/471/446 96/472/447 101/465/440
f 3579/473/448 3582/466/441 1361/467/442 1347/474/449
f 100/468/443 95/475/450 94/476/451 99/469/444
f 99/469/444 94/476/451 93/477/452 98/470/445
f 98/470/445 93/477/452 92/478/453 97/471/446
f 97/471/446 92/478/453 91/479/454 96/472/447
f 3576/480/455 3579/473/448 1347/474/449 1363/481/456
f 95/475/450 90/482/457 89/483/458 94/476/451
f 94/476/451 89/483/458 88/484/459 93/477/452
f 93/477/452 88/484/459 87/485/460 92/478/453
f 92/478/453 87/485/460 86/486/461 91/479/454
f 3573/487/462 3576/480/455 1363/481/456 1348/488/463
f 90/482/457 85/489/464 84/490/465 89/483/458
f 89/483/458 84/490/465 83/491/466 88/484/459
f 88/484/459 83/491/466 82/492/467 87/485/460
f 87/485/460 82/492/467 81/493/468 86/486/461
f 3570/494/469 3573/487/462 1348/488/463 1365/495/470
f 85/489/464 80/496/471 79/497/472 84/490/465
f 84/490/465 79/497/472 78/498/473 83/491/466
f 83/491/466 78/498/473 77/499/474 82/492/467
f 82/492/467 77/499/474 76/500/475 81/493/468
f 3567/501/476 3570/494/469 1365/495/470 1349/502/477
f 80/496/471 75/503/478 74/504/479 79/497/472
f 79/497/472 74/504/479 73/505/480 78/498/473
f 78/498/473 73/505/480 72/506/481 77/499/474
f 77/499/474 72/506/481 71/507/482 76/500/475
f 3564/508/483 3567/501/476 1349/502/477 1367/509/484
f 75/503/478 70/510/485 69/511/486 74/504/479
f 74/504/479 69/511/486 68/512/487 73/505/480
f 73/505/480 68/512/487 67/513/488 72/506/481
f 72/506/481 67/513/488 66/514/489 71/507/482
f 3561/515/490 3564/508/483 1367/509/484 1350/516/491
f 70/510/485 65/517/492 64/518/493 69/511/486
f 69/511/486 64/518/493 63/519/494 68/512/487
f 68/512/487 63/519/494 62/520/495 67/513/488
f 67/513/488 62/520/495 61/521/496 66/514/489
f 3558/522/497 3561/515/490 1350/516/491 1357/523/498
f 65/517/492 60/524/499 59/525/500 64/518/493
f 64/518/493 59/525/500 58/526/501 63/519/494
f 63/519/494 58/526/501 57/527/502 62/520/495
f 62/520/495 57/527/502 56/528/503 61/521/496
f 3555/529/504 3558/522/497 1357/523/498 1351/530/505
f 60/524/499 55/531/506 54/532/507 59/525/500
f 59/525/500 54/532/507 53/533/508 58/526/501
f 58/526/501 53/533/508 52/534/509 57/527/502
f 57/527/502 52/534/509 51/535/510 56/528/503
f 3552/536/511 3555/529/504 1351/530/505 1360/537/512
f 55/531/506 50/538/513 49/539/514 54/532/507
f 54/532/507 49/539/514 48/540/515 53/533/508
f 53/533/508 48/540/515 47/541/516 52/534/509
f 52/534/509 47/541/516 46/542/517 51/535/510
f 3549/543/518 3552/536/511 1360/537/512 1352/544/519
f 50/538/513 45/545/520 44/546/521 49/539/514
f 49/539/514 44/546/521 43/547/522 48/540/515
f 48/540/515 43/547/522 42/548/523 47/541/516
f 47/541/516 42/548/523 41/549/524 46/542/517
f 3546/550/525 3549/543/518 1352/544/519 1362/551/526
f 45/545/520 40/552/527 39/553/528 44/546/521
f 44/546/521 39/553/528 38/554/529 43/547/522
f 43/547/522 38/554/529 37/555/530 42/548/523
f 42/548/523 37/555/530 36/556/531 41/549/524
f 3543/557/532 3546/558/525 1362/559/526 1353/560/533
f 40/552/527 35/561/534 34/562/535 39/553/528
f 39/553/528 34/562/535 33/563/536 38/554/529
f 38/554/529 33/563/536 32/564/537 37/555/530
f 37/555/530 32/564/537 31/565/538 36/556/531
f 3540/566/539 3543/557/532 1353/560/533 1364/567/540
f 35/561/534 30/568/541 29/569/542 34/562/535
f 34/562/535 29/569/542 28/570/543 33/563/536
f 33/563/536 28/570/543 27/571/544 32/564/537
f 32/564/537 27/571/544 26/572/545 31/565/538
f 3537/573/546 3540/566/539 1364/567/540 1354/574/547
f 30/568/541 25/575/548 24/576/549 29/569/542
f 29/569/542 24/576/549 23/577/550 28/570/543
f 28/570/543 23/577/550 22/578/551 27/571/544
f 27/571/544 22/578/551 21/579/552 26/572/545
f 3534/580/553 3537/573/546 1354/574/547 1366/581/554
f 25/575/548 20/582/555 19/583/556 24/576/549
f 24/576/549 19/583/556 18/584/557 23/577/550
f 23/577/550 18/584/557 17/585/558 22/578/551
f 22/578/551 17/585/558 16/586/559 21/579/552
f 3531/146/127 3534/580/553 1366/581/554 1355/147/128
f 20/582/555 15/587/560 14/588/561 19/583/556
f 19/583/556 14/588/561 13/589/562 18/584/557
f 18/584/557 13/589/562 12/590/563 17/585/558
f 17/585/558 12/590/563 11/591/564 16/586/559
f 3711/165/146 3524/592/565 1369/593/566 1370/166/147
f 15/587/560 5/594/567 4/595/568 14/588/561
f 14/588/561 4/595/568 3/596/569 13/589/562
f 13/589/562 3/596/569 2/597/570 12/590/563
f 12/590/563 2/597/570 1/598/571 11/591/564
f 3522/599/572 3528/145/126 1356/148/129 1359/600/573
f 5/594/567 6/149/130 7/152/133 4/595/568
f 4/595/568 7/152/133 8/154/135 3/596/569
f 3/596/569 8/154/135 9/156/137 2/597/570
f 2/597/570 9/156/137 10/158/139 1/598/571
f 375/601/574 370/602/575 393/603/576 385/604/577
f 871/605/578 876/606/579 617/607/580 613/608/581
f 741/609/582 746/610/583 513/611/584 509/612/585
f 350/2/2 345/613/586 409/614/587 405/3/3
f 876/615/579 881/616/588 621/617/589 617/618/580
f 746/610/583 751/619/590 517/620/591 513/611/584
f 345/621/586 340/622/592 413/623/593 409/624/587
f 881/616/588 886/625/594 625/626/595 621/617/589
f 751/619/590 756/627/596 521/628/597 517/620/591
f 340/622/592 335/629/598 417/630/599 413/623/593
f 886/625/594 891/631/600 629/632/601 625/626/595
f 756/627/596 761/633/602 525/634/603 521/628/597
f 335/629/598 330/635/604 421/636/605 417/630/599
f 891/631/600 896/637/606 633/638/607 629/632/601
f 761/639/602 766/640/608 529/641/609 525/642/603
f 330/635/604 325/643/610 425/644/611 421/636/605
f 896/637/606 369/645/612 637/646/613 633/638/607
f 766/640/608 771/647/614 533/648/615 529/641/609
f 325/643/610 641/649/616 429/650/617 425/644/611
f 1369/593/566 1359/600/573 379/651/618 380/652/619
f 771/647/614 776/653/620 537/654/621 533/648/615
f 641/649/616 646/655/622 433/656/623 429/650/617
f 370/602/575 360/657/624 397/658/625 393/603/576
f 776/653/620 781/659/626 541/660/627 537/654/621
f 646/655/622 651/661/628 437/662/629 433/656/623
f 781/659/626 786/663/630 545/664/631 541/660/627
f 651/661/628 656/665/632 441/666/633 437/662/629
f 786/663/630 791/667/634 549/668/635 545/664/631
f 656/665/632 661/669/636 445/670/637 441/666/633
f 791/667/634 796/671/638 553/672/639 549/668/635
f 661/669/636 666/673/640 449/674/641 445/670/637
f 796/671/638 801/675/642 557/676/643 553/672/639
f 666/673/640 671/677/644 453/678/645 449/674/641
f 801/675/642 806/679/646 561/680/647 557/676/643
f 671/677/644 676/681/648 457/682/649 453/678/645
f 806/679/646 811/683/650 565/684/651 561/680/647
f 676/681/648 681/685/652 461/686/653 457/682/649
f 811/683/650 816/687/654 569/688/655 565/684/651
f 681/685/652 686/689/656 465/690/657 461/686/653
f 816/687/654 821/691/658 573/692/659 569/688/655
f 686/689/656 691/693/660 469/694/661 465/690/657
f 821/691/658 826/695/662 577/696/663 573/692/659
f 691/693/660 696/697/664 473/698/665 469/694/661
f 826/695/662 831/699/666 581/700/667 577/696/663
f 696/697/664 701/701/668 477/702/669 473/698/665
f 831/699/666 836/703/670 585/704/671 581/700/667
f 701/701/668 706/705/672 481/706/673 477/702/669
f 836/703/670 841/707/674 589/708/675 585/704/671
f 706/709/672 711/710/676 485/711/677 481/712/673
f 841/707/674 846/713/678 593/714/679 589/708/675
f 711/710/676 716/715/680 489/716/681 485/711/677
f 846/713/678 851/717/682 597/718/683 593/714/679
f 716/715/680 721/719/684 493/720/685 489/716/681
f 851/717/682 856/721/686 601/722/687 597/718/683
f 721/719/684 726/723/688 497/724/689 493/720/685
f 973/725/690 961/726/691 897/727/692 899/728/693
f 856/721/686 861/729/694 605/730/695 601/722/687
f 726/723/688 731/731/696 501/732/697 497/724/689
f 369/645/612 384/733/698 389/734/699 637/646/613
f 861/729/694 866/735/700 609/736/701 605/730/695
f 731/731/696 736/737/702 505/738/703 501/732/697
f 360/657/624 355/1/1 401/4/4 397/658/625
f 866/735/700 871/605/578 613/608/581 609/736/701
f 736/737/702 741/609/582 509/612/585 505/738/703
f 897/727/692 898/739/704 390/740/705 388/741/706
f 388/741/706 390/740/705 391/742/707 387/743/708
f 387/744/708 391/745/707 392/746/709 386/747/710
f 386/747/710 392/746/709 389/734/699 385/604/577
f 899/728/693 897/727/692 388/741/706 396/748/711
f 396/748/711 388/741/706 387/743/708 395/749/712
f 395/750/712 387/744/708 386/747/710 394/751/713
f 394/751/713 386/747/710 385/604/577 393/603/576
f 900/752/714 899/728/693 396/748/711 400/753/715
f 400/753/715 396/748/711 395/749/712 399/754/716
f 399/755/716 395/750/712 394/751/713 398/756/717
f 398/756/717 394/751/713 393/603/576 397/658/625
f 901/757/718 900/752/714 400/753/715 404/758/719
f 404/758/719 400/753/715 399/754/716 403/759/720
f 403/760/720 399/755/716 398/756/717 402/761/721
f 402/761/721 398/756/717 397/658/625 401/4/4
f 902/762/722 901/757/718 404/758/719 408/763/723
f 408/763/723 404/758/719 403/759/720 407/764/724
f 407/765/724 403/760/720 402/761/721 406/766/725
f 406/766/725 402/761/721 401/4/4 405/3/3
f 903/767/726 902/762/722 408/763/723 412/768/727
f 412/768/727 408/763/723 407/764/724 411/769/728
f 411/770/728 407/765/724 406/766/725 410/771/729
f 410/771/729 406/766/725 405/3/3 409/614/587
f 904/772/730 903/767/726 412/768/727 416/773/731
f 416/773/731 412/768/727 411/769/728 415/774/732
f 415/774/732 411/769/728 410/775/729 414/776/733
f 414/777/733 410/771/729 409/614/587 413/778/593
f 905/779/734 904/772/730 416/773/731 420/780/735
f 420/780/735 416/773/731 415/774/732 419/781/736
f 419/781/736 415/774/732 414/776/733 418/782/737
f 418/783/737 414/784/733 413/623/593 417/630/599
f 906/785/738 905/779/734 420/780/735 424/786/739
f 424/786/739 420/780/735 419/781/736 423/787/740
f 423/788/740 419/789/736 418/783/737 422/790/741
f 422/790/741 418/783/737 417/630/599 421/636/605
f 907/791/742 906/785/738 424/786/739 428/792/743
f 428/792/743 424/786/739 423/787/740 427/793/744
f 427/794/744 423/788/740 422/790/741 426/795/745
f 426/795/745 422/790/741 421/636/605 425/644/611
f 908/796/746 907/791/742 428/792/743 432/797/747
f 432/797/747 428/792/743 427/793/744 431/798/748
f 431/799/748 427/794/744 426/795/745 430/800/749
f 430/800/749 426/795/745 425/644/611 429/650/617
f 909/801/750 908/796/746 432/797/747 436/802/751
f 436/802/751 432/797/747 431/798/748 435/803/752
f 435/804/752 431/799/748 430/800/749 434/805/753
f 434/805/753 430/800/749 429/650/617 433/656/623
f 910/806/754 909/801/750 436/802/751 440/807/755
f 440/807/755 436/802/751 435/803/752 439/808/756
f 439/809/756 435/804/752 434/805/753 438/810/757
f 438/810/757 434/805/753 433/656/623 437/662/629
f 911/811/758 910/806/754 440/807/755 444/812/759
f 444/812/759 440/807/755 439/808/756 443/813/760
f 443/814/760 439/809/756 438/810/757 442/815/761
f 442/815/761 438/810/757 437/662/629 441/666/633
f 912/816/762 911/811/758 444/812/759 448/817/763
f 448/817/763 444/812/759 443/813/760 447/818/764
f 447/819/764 443/814/760 442/815/761 446/820/765
f 446/820/765 442/815/761 441/666/633 445/670/637
f 913/821/766 912/816/762 448/817/763 452/822/767
f 452/822/768 448/817/763 447/818/764 451/823/769
f 451/824/769 447/819/764 446/820/765 450/825/770
f 450/825/770 446/820/765 445/670/637 449/674/641
f 914/826/771 913/821/766 452/822/767 456/827/772
f 456/827/772 452/822/768 451/823/769 455/828/773
f 455/828/773 451/823/769 450/829/770 454/830/774
f 454/831/774 450/825/770 449/674/641 453/678/645
f 915/832/775 914/826/771 456/827/772 460/833/776
f 460/833/776 456/827/772 455/828/773 459/834/777
f 459/835/777 455/836/773 454/831/774 458/837/778
f 458/837/778 454/831/774 453/678/645 457/682/649
f 916/838/779 915/832/775 460/833/776 464/839/780
f 464/839/780 460/833/776 459/834/777 463/840/781
f 463/841/781 459/835/777 458/837/778 462/842/782
f 462/842/782 458/837/778 457/682/649 461/686/653
f 917/843/783 916/838/779 464/839/780 468/844/784
f 468/844/784 464/839/780 463/840/781 467/845/785
f 467/846/785 463/841/781 462/842/782 466/847/786
f 466/847/786 462/842/782 461/686/653 465/690/657
f 918/848/787 917/843/783 468/844/784 472/849/788
f 472/849/788 468/844/784 467/845/785 471/850/789
f 471/851/789 467/846/785 466/847/786 470/852/790
f 470/852/790 466/847/786 465/690/657 469/694/661
f 919/853/791 918/848/787 472/849/788 476/854/792
f 476/854/792 472/849/788 471/850/789 475/855/793
f 475/855/793 471/850/789 470/856/790 474/857/794
f 474/858/794 470/852/790 469/694/661 473/698/665
f 920/859/795 919/853/791 476/854/792 480/860/796
f 480/860/796 476/854/792 475/855/793 479/861/797
f 479/861/797 475/855/793 474/857/794 478/862/798
f 478/863/798 474/858/794 473/698/665 477/702/669
f 921/864/799 920/859/795 480/860/796 484/865/800
f 484/865/800 480/860/796 479/861/797 483/866/801
f 483/866/801 479/861/797 478/862/798 482/867/802
f 482/868/802 478/863/798 477/702/669 481/706/673
f 922/869/803 921/864/799 484/865/800 488/870/804
f 488/870/804 484/865/800 483/866/801 487/871/805
f 487/871/805 483/866/801 482/867/802 486/872/806
f 486/873/806 482/874/802 481/712/673 485/711/677
f 923/875/807 922/869/803 488/870/804 492/876/808
f 492/876/808 488/870/804 487/871/805 491/877/809
f 491/877/809 487/871/805 486/872/806 490/878/810
f 490/879/810 486/873/806 485/711/677 489/716/681
f 924/880/811 923/875/807 492/876/808 496/881/812
f 496/881/812 492/876/808 491/877/809 495/882/813
f 495/883/813 491/884/809 490/879/810 494/885/814
f 494/885/814 490/879/810 489/716/681 493/720/685
f 925/886/815 924/880/811 496/881/812 500/887/816
f 500/887/816 496/881/812 495/882/813 499/888/817
f 499/889/817 495/883/813 494/885/814 498/890/818
f 498/890/818 494/885/814 493/720/685 497/724/689
f 926/891/819 925/886/815 500/887/816 504/892/820
f 504/892/820 500/887/816 499/888/817 503/893/821
f 503/894/821 499/889/817 498/890/818 502/895/822
f 502/895/822 498/890/818 497/724/689 501/732/697
f 927/896/823 926/891/819 504/892/820 508/897/824
f 508/897/824 504/892/820 503/893/821 507/898/825
f 507/899/825 503/894/821 502/895/822 506/900/826
f 506/900/826 502/895/822 501/732/697 505/738/703
f 928/901/827 927/896/823 508/897/824 512/902/828
f 512/902/828 508/897/824 507/898/825 511/903/829
f 511/904/829 507/899/825 506/900/826 510/905/830
f 510/905/830 506/900/826 505/738/703 509/612/585
f 929/906/831 928/901/827 512/902/828 516/907/832
f 516/907/832 512/902/828 511/903/829 515/908/833
f 515/909/833 511/904/829 510/905/830 514/910/834
f 514/910/834 510/905/830 509/612/585 513/611/584
f 930/911/835 929/906/831 516/907/832 520/912/836
f 520/912/836 516/907/832 515/908/833 519/913/837
f 519/914/837 515/909/833 514/910/834 518/915/838
f 518/915/838 514/910/834 513/611/584 517/620/591
f 931/916/839 930/911/835 520/912/836 524/917/840
f 524/917/840 520/912/836 519/913/837 523/918/841
f 523/918/841 519/913/837 518/919/838 522/920/842
f 522/921/842 518/915/838 517/620/591 521/628/597
f 932/922/843 931/916/839 524/917/840 528/923/844
f 528/923/844 524/917/840 523/918/841 527/924/845
f 527/924/845 523/918/841 522/920/842 526/925/846
f 526/926/846 522/921/842 521/628/597 525/634/603
f 933/927/847 932/922/843 528/923/844 532/928/848
f 532/928/848 528/923/844 527/924/845 531/929/849
f 531/929/849 527/924/845 526/925/846 530/930/850
f 530/931/850 526/932/846 525/642/603 529/641/609
f 934/933/851 933/927/847 532/928/848 536/934/852
f 536/934/852 532/928/848 531/929/849 535/935/853
f 535/935/853 531/929/849 530/930/850 534/936/854
f 534/937/854 530/931/850 529/641/609 533/648/615
f 935/938/855 934/933/851 536/934/852 540/939/856
f 540/939/856 536/934/852 535/935/853 539/940/857
f 539/940/857 535/935/853 534/936/854 538/941/858
f 538/942/858 534/937/854 533/648/615 537/654/621
f 936/943/859 935/938/855 540/939/856 544/944/860
f 544/944/860 540/939/856 539/940/857 543/945/861
f 543/946/861 539/947/857 538/942/858 542/948/862
f 542/948/862 538/942/858 537/654/621 541/660/627
f 937/949/863 936/943/859 544/944/860 548/950/864
f 548/950/864 544/944/860 543/945/861 547/951/865
f 547/952/865 543/946/861 542/948/862 546/953/866
f 546/953/866 542/948/862 541/660/627 545/664/631
f 938/954/867 937/949/863 548/950/864 552/955/868
f 552/955/868 548/950/864 547/951/865 551/956/869
f 551/957/869 547/952/865 546/953/866 550/958/870
f 550/958/870 546/953/866 545/664/631 549/668/635
f 939/959/871 938/954/867 552/955/868 556/960/872
f 556/960/872 552/955/868 551/956/869 555/961/873
f 555/962/873 551/957/869 550/958/870 554/963/874
f 554/963/874 550/958/870 549/668/635 553/672/639
f 940/964/875 939/959/871 556/960/872 560/965/876
f 560/965/876 556/960/872 555/961/873 559/966/877
f 559/967/877 555/962/873 554/963/874 558/968/878
f 558/968/878 554/963/874 553/672/639 557/676/643
f 941/969/879 940/964/875 560/965/876 564/970/880
f 564/970/880 560/965/876 559/966/877 563/971/881
f 563/972/881 559/967/877 558/968/878 562/973/882
f 562/973/882 558/968/878 557/676/643 561/680/647
f 942/974/883 941/969/879 564/970/880 568/975/884
f 568/975/884 564/970/880 563/971/881 567/976/885
f 567/977/885 563/972/881 562/973/882 566/978/886
f 566/978/886 562/973/882 561/680/647 565/684/651
f 943/979/887 942/974/883 568/975/884 572/980/888
f 572/980/888 568/975/884 567/976/885 571/981/889
f 571/982/889 567/977/885 566/978/886 570/983/890
f 570/983/890 566/978/886 565/684/651 569/688/655
f 944/984/891 943/979/887 572/980/888 576/985/892
f 576/985/892 572/980/888 571/981/889 575/986/893
f 575/987/893 571/982/889 570/983/890 574/988/894
f 574/988/894 570/983/890 569/688/655 573/692/659
f 945/989/895 944/984/891 576/985/892 580/990/896
f 580/990/897 576/985/892 575/986/893 579/991/898
f 579/992/898 575/987/893 574/988/894 578/993/899
f 578/993/899 574/988/894 573/692/659 577/696/663
f 946/994/900 945/989/895 580/990/896 584/995/901
f 584/995/901 580/990/897 579/991/898 583/996/902
f 583/997/902 579/992/898 578/993/899 582/998/903
f 582/998/903 578/993/899 577/696/663 581/700/667
f 947/999/904 946/994/900 584/995/901 588/1000/905
f 588/1000/905 584/995/901 583/996/902 587/1001/906
f 587/1002/906 583/997/902 582/998/903 586/1003/907
f 586/1003/907 582/998/903 581/700/667 585/704/671
f 948/1004/908 947/999/904 588/1000/905 592/1005/909
f 592/1005/909 588/1000/905 587/1001/906 591/1006/910
f 591/1007/910 587/1002/906 586/1003/907 590/1008/911
f 590/1008/911 586/1003/907 585/704/671 589/708/675
f 949/1009/912 948/1004/908 592/1005/909 596/1010/913
f 596/1010/913 592/1005/909 591/1006/910 595/1011/914
f 595/1012/914 591/1007/910 590/1008/911 594/1013/915
f 594/1013/915 590/1008/911 589/708/675 593/714/679
f 950/1014/916 949/1009/912 596/1010/913 600/1015/917
f 600/1015/917 596/1010/913 595/1011/914 599/1016/918
f 599/1017/918 595/1012/914 594/1013/915 598/1018/919
f 598/1018/919 594/1013/915 593/714/679 597/718/683
f 951/1019/920 950/1014/916 600/1015/917 604/1020/921
f 604/1020/921 600/1015/917 599/1016/918 603/1021/922
f 603/1022/922 599/1017/918 598/1018/919 602/1023/923
f 602/1023/923 598/1018/919 597/718/683 601/722/687
f 952/1024/924 951/1019/920 604/1020/921 608/1025/925
f 608/1025/925 604/1020/921 603/1021/922 607/1026/926
f 607/1027/926 603/1022/922 602/1023/923 606/1028/927
f 606/1028/927 602/1023/923 601/722/687 605/730/695
f 953/1029/928 952/1024/924 608/1025/925 612/1030/929
f 612/1030/929 608/1025/925 607/1026/926 611/1031/930
f 611/1031/930 607/1026/926 606/1032/927 610/1033/931
f 610/1034/931 606/1028/927 605/730/695 609/736/701
f 954/1035/932 953/1029/928 612/1030/929 616/1036/933
f 616/1036/933 612/1030/929 611/1031/930 615/1037/934
f 615/1037/934 611/1031/930 610/1033/931 614/1038/935
f 614/1039/935 610/1034/931 609/736/701 613/608/581
f 955/1040/936 954/1035/932 616/1036/933 620/1041/937
f 620/1041/937 616/1036/933 615/1037/934 619/1042/938
f 619/1042/938 615/1037/934 614/1038/935 618/1043/939
f 618/1044/939 614/1039/935 613/608/581 617/607/580
f 956/1045/940 955/1040/936 620/1041/937 624/1046/941
f 624/1046/941 620/1041/937 619/1042/938 623/1047/942
f 623/1047/942 619/1042/938 618/1043/939 622/1048/943
f 622/1049/943 618/1050/939 617/618/580 621/617/589
f 957/1051/944 956/1045/940 624/1046/941 628/1052/945
f 628/1052/945 624/1046/941 623/1047/942 627/1053/946
f 627/1053/946 623/1047/942 622/1048/943 626/1054/947
f 626/1055/947 622/1049/943 621/617/589 625/626/595
f 958/1056/948 957/1051/944 628/1052/945 632/1057/949
f 632/1057/949 628/1052/945 627/1053/946 631/1058/950
f 631/1058/950 627/1053/946 626/1054/947 630/1059/951
f 630/1060/951 626/1055/947 625/626/595 629/632/601
f 959/1061/952 958/1056/948 632/1057/949 636/1062/953
f 636/1062/953 632/1057/949 631/1058/950 635/1063/954
f 635/1064/954 631/1065/950 630/1060/951 634/1066/955
f 634/1066/955 630/1060/951 629/632/601 633/638/607
f 960/1067/956 959/1061/952 636/1062/953 640/1068/957
f 640/1068/957 636/1062/953 635/1063/954 639/1069/958
f 639/1070/958 635/1064/954 634/1066/955 638/1071/959
f 638/1071/959 634/1066/955 633/638/607 637/646/613
f 898/739/704 960/1067/956 640/1068/957 390/740/705
f 390/740/705 640/1068/957 639/1069/958 391/742/707
f 391/745/707 639/1070/958 638/1071/959 392/746/709
f 392/746/709 638/1071/959 637/646/613 389/734/699
f 384/733/698 375/601/574 385/604/577 389/734/699
f 380/652/619 379/651/618 378/1072/960 381/1073/961
f 381/1073/961 378/1072/960 377/1074/962 382/1075/963
f 382/1075/963 377/1074/962 376/1076/964 383/1077/965
f 383/1077/965 376/1076/964 375/601/574 384/733/698
f 1376/395/372 1377/388/365 737/1078/966 732/1079/967
f 732/1079/967 737/1078/966 738/1080/968 733/1081/969
f 733/1081/969 738/1080/968 739/1082/970 734/1083/971
f 734/1083/971 739/1082/970 740/1084/972 735/1085/973
f 735/1085/973 740/1084/972 741/609/582 736/737/702
f 1402/211/190 1403/210/183 867/1086/974 862/1087/975
f 862/1087/975 867/1086/974 868/1088/976 863/1089/977
f 863/1089/977 868/1088/976 869/1090/978 864/1091/979
f 864/1091/979 869/1090/978 870/1092/980 865/1093/981
f 865/1093/981 870/1092/980 871/605/578 866/735/700
f 1355/147/128 1366/581/554 359/1094/982 364/1095/983
f 364/1095/983 359/1094/982 358/1096/984 363/1097/985
f 363/1097/985 358/1096/984 357/1098/986 362/1099/987
f 362/1099/987 357/1098/986 356/1100/988 361/1101/989
f 361/1101/989 356/1100/988 355/1/1 360/657/624
f 1375/402/379 1376/395/372 732/1079/967 727/1102/990
f 727/1102/990 732/1079/967 733/1081/969 728/1103/991
f 728/1103/991 733/1081/969 734/1083/971 729/1104/992
f 729/1104/992 734/1083/971 735/1085/973 730/1105/993
f 730/1105/993 735/1085/973 736/737/702 731/731/696
f 1401/218/197 1402/211/190 862/1087/975 857/1106/994
f 857/1106/994 862/1087/975 863/1089/977 858/1107/995
f 858/1107/995 863/1089/977 864/1091/979 859/1108/996
f 859/1108/996 864/1091/979 865/1093/981 860/1109/997
f 860/1109/997 865/1093/981 866/735/700 861/729/694
f 1370/166/147 1369/593/566 380/652/619 365/1110/998
f 365/1110/998 380/652/619 381/1073/961 366/1111/999
f 366/1111/999 381/1073/961 382/1075/963 367/1112/1000
f 367/1112/1000 382/1075/963 383/1077/965 368/1113/1001
f 368/1113/1001 383/1077/965 384/733/698 369/645/612
f 1374/409/386 1375/402/379 727/1102/990 722/1114/1002
f 722/1114/1002 727/1102/990 728/1103/991 723/1115/1003
f 723/1115/1003 728/1103/991 729/1104/992 724/1116/1004
f 724/1116/1004 729/1104/992 730/1105/993 725/1117/1005
f 725/1117/1005 730/1105/993 731/731/696 726/723/688
f 1400/225/204 1401/218/197 857/1106/994 852/1118/1006
f 852/1118/1006 857/1106/994 858/1107/995 853/1119/1007
f 853/1119/1007 858/1107/995 859/1108/996 854/1120/1008
f 854/1120/1008 859/1108/996 860/1109/997 855/1121/1009
f 855/1121/1009 860/1109/997 861/729/694 856/721/686
f 1373/416/393 1374/409/386 722/1114/1002 717/1122/1010
f 717/1122/1010 722/1114/1002 723/1115/1003 718/1123/1011
f 718/1123/1011 723/1115/1003 724/1116/1004 719/1124/1012
f 719/1124/1012 724/1116/1004 725/1117/1005 720/1125/1013
f 720/1125/1013 725/1117/1005 726/723/688 721/719/684
f 1399/232/211 1400/225/204 852/1118/1006 847/1126/1014
f 847/1126/1014 852/1118/1006 853/1119/1007 848/1127/1015
f 848/1127/1015 853/1119/1007 854/1120/1008 849/1128/1016
f 849/1128/1016 854/1120/1008 855/1121/1009 850/1129/1017
f 850/1129/1017 855/1121/1009 856/721/686 851/717/682
f 1372/423/400 1373/416/393 717/1122/1010 712/1130/1018
f 712/1130/1018 717/1122/1010 718/1123/1011 713/1131/1019
f 713/1131/1019 718/1123/1011 719/1124/1012 714/1132/1020
f 714/1132/1020 719/1124/1012 720/1125/1013 715/1133/1021
f 715/1133/1021 720/1125/1013 721/719/684 716/715/680
f 1398/239/218 1399/232/211 847/1126/1014 842/1134/1022
f 842/1134/1022 847/1126/1014 848/1127/1015 843/1135/1023
f 843/1135/1023 848/1127/1015 849/1128/1016 844/1136/1024
f 844/1136/1024 849/1128/1016 850/1129/1017 845/1137/1025
f 845/1137/1025 850/1129/1017 851/717/682 846/713/678
f 1371/430/407 1372/423/400 712/1130/1018 707/1138/1026
f 707/1138/1026 712/1130/1018 713/1131/1019 708/1139/1027
f 708/1139/1027 713/1131/1019 714/1132/1020 709/1140/1028
f 709/1140/1028 714/1132/1020 715/1133/1021 710/1141/1029
f 710/1141/1029 715/1133/1021 716/715/680 711/710/676
f 1397/246/225 1398/239/218 842/1134/1022 837/1142/1030
f 837/1142/1030 842/1134/1022 843/1135/1023 838/1143/1031
f 838/1143/1031 843/1135/1023 844/1136/1024 839/1144/1032
f 839/1144/1032 844/1136/1024 845/1137/1025 840/1145/1033
f 840/1145/1033 845/1137/1025 846/713/678 841/707/674
f 1368/437/414 1371/430/407 707/1138/1026 702/1146/1034
f 702/1146/1034 707/1138/1026 708/1139/1027 703/1147/1035
f 703/1147/1035 708/1139/1027 709/1140/1028 704/1148/1036
f 704/1148/1036 709/1140/1028 710/1141/1029 705/1149/1037
f 705/1149/1037 710/1141/1029 711/710/676 706/709/672
f 1396/253/232 1397/246/225 837/1142/1030 832/1150/1038
f 832/1150/1038 837/1142/1030 838/1143/1031 833/1151/1039
f 833/1151/1039 838/1143/1031 839/1144/1032 834/1152/1040
f 834/1152/1040 839/1144/1032 840/1145/1033 835/1153/1041
f 835/1153/1041 840/1145/1033 841/707/674 836/703/670
f 1345/444/421 1368/437/414 702/1146/1034 697/1154/1042
f 697/1154/1042 702/1146/1034 703/1147/1035 698/1155/1043
f 698/1156/1043 703/1157/1035 704/1158/1036 699/1159/1044
f 699/1159/1044 704/1158/1036 705/1160/1037 700/1161/1045
f 700/1161/1045 705/1160/1037 706/705/672 701/701/668
f 1395/260/239 1396/253/232 832/1150/1038 827/1162/1046
f 827/1162/1046 832/1150/1038 833/1151/1039 828/1163/1047
f 828/1163/1047 833/1151/1039 834/1152/1040 829/1164/1048
f 829/1164/1048 834/1152/1040 835/1153/1041 830/1165/1049
f 830/1165/1049 835/1153/1041 836/703/670 831/699/666
f 1358/453/428 1345/452/421 697/1166/1042 692/1167/1050
f 692/1167/1050 697/1166/1042 698/1156/1043 693/1168/1051
f 693/1168/1051 698/1156/1043 699/1159/1044 694/1169/1052
f 694/1169/1052 699/1159/1044 700/1161/1045 695/1170/1053
f 695/1170/1053 700/1161/1045 701/701/668 696/697/664
f 1394/267/246 1395/260/239 827/1162/1046 822/1171/1054
f 822/1171/1054 827/1162/1046 828/1163/1047 823/1172/1055
f 823/1172/1055 828/1163/1047 829/1164/1048 824/1173/1056
f 824/1173/1056 829/1164/1048 830/1165/1049 825/1174/1057
f 825/1174/1057 830/1165/1049 831/699/666 826/695/662
f 1346/460/435 1358/453/428 692/1167/1050 687/1175/1058
f 687/1175/1058 692/1167/1050 693/1168/1051 688/1176/1059
f 688/1176/1059 693/1168/1051 694/1169/1052 689/1177/1060
f 689/1177/1060 694/1169/1052 695/1170/1053 690/1178/1061
f 690/1178/1061 695/1170/1053 696/697/664 691/693/660
f 1393/274/253 1394/267/246 822/1171/1054 817/1179/1062
f 817/1179/1062 822/1171/1054 823/1172/1055 818/1180/1063
f 818/1180/1063 823/1172/1055 824/1173/1056 819/1181/1064
f 819/1181/1064 824/1173/1056 825/1174/1057 820/1182/1065
f 820/1182/1065 825/1174/1057 826/695/662 821/691/658
f 1361/467/442 1346/460/435 687/1175/1058 682/1183/1066
f 682/1183/1066 687/1175/1058 688/1176/1059 683/1184/1067
f 683/1184/1067 688/1176/1059 689/1177/1060 684/1185/1068
f 684/1185/1068 689/1177/1060 690/1178/1061 685/1186/1069
f 685/1186/1069 690/1178/1061 691/693/660 686/689/656
f 1392/281/260 1393/274/253 817/1179/1062 812/1187/1070
f 812/1187/1070 817/1179/1062 818/1180/1063 813/1188/1071
f 813/1188/1071 818/1180/1063 819/1181/1064 814/1189/1072
f 814/1189/1072 819/1181/1064 820/1182/1065 815/1190/1073
f 815/1190/1073 820/1182/1065 821/691/658 816/687/654
f 1347/474/449 1361/467/442 682/1183/1066 677/1191/1074
f 677/1191/1074 682/1183/1066 683/1184/1067 678/1192/1075
f 678/1192/1075 683/1184/1067 684/1185/1068 679/1193/1076
f 679/1193/1076 684/1185/1068 685/1186/1069 680/1194/1077
f 680/1194/1077 685/1186/1069 686/689/656 681/685/652
f 1391/288/267 1392/281/260 812/1187/1070 807/1195/1078
f 807/1195/1078 812/1187/1070 813/1188/1071 808/1196/1079
f 808/1196/1079 813/1188/1071 814/1189/1072 809/1197/1080
f 809/1197/1080 814/1189/1072 815/1190/1073 810/1198/1081
f 810/1198/1081 815/1190/1073 816/687/654 811/683/650
f 1363/481/456 1347/474/449 677/1191/1074 672/1199/1082
f 672/1199/1082 677/1191/1074 678/1192/1075 673/1200/1083
f 673/1200/1083 678/1192/1075 679/1193/1076 674/1201/1084
f 674/1201/1084 679/1193/1076 680/1194/1077 675/1202/1085
f 675/1202/1085 680/1194/1077 681/685/652 676/681/648
f 1390/295/274 1391/288/267 807/1195/1078 802/1203/1086
f 802/1203/1086 807/1195/1078 808/1196/1079 803/1204/1087
f 803/1204/1087 808/1196/1079 809/1197/1080 804/1205/1088
f 804/1205/1088 809/1197/1080 810/1198/1081 805/1206/1089
f 805/1206/1089 810/1198/1081 811/683/650 806/679/646
f 1348/488/463 1363/481/456 672/1199/1082 667/1207/1090
f 667/1207/1090 672/1199/1082 673/1200/1083 668/1208/1091
f 668/1208/1091 673/1200/1083 674/1201/1084 669/1209/1092
f 669/1209/1092 674/1201/1084 675/1202/1085 670/1210/1093
f 670/1210/1093 675/1202/1085 676/681/648 671/677/644
f 1389/302/281 1390/295/274 802/1203/1086 797/1211/1094
f 797/1211/1094 802/1203/1086 803/1204/1087 798/1212/1095
f 798/1212/1095 803/1204/1087 804/1205/1088 799/1213/1096
f 799/1213/1096 804/1205/1088 805/1206/1089 800/1214/1097
f 800/1214/1097 805/1206/1089 806/679/646 801/675/642
f 1365/495/470 1348/488/463 667/1207/1090 662/1215/1098
f 662/1215/1098 667/1207/1090 668/1208/1091 663/1216/1099
f 663/1216/1099 668/1208/1091 669/1209/1092 664/1217/1100
f 664/1217/1100 669/1209/1092 670/1210/1093 665/1218/1101
f 665/1218/1101 670/1210/1093 671/677/644 666/673/640
f 1388/309/288 1389/302/281 797/1211/1094 792/1219/1102
f 792/1219/1102 797/1211/1094 798/1212/1095 793/1220/1103
f 793/1220/1103 798/1212/1095 799/1213/1096 794/1221/1104
f 794/1221/1104 799/1213/1096 800/1214/1097 795/1222/1105
f 795/1222/1105 800/1214/1097 801/675/642 796/671/638
f 1349/502/477 1365/495/470 662/1215/1098 657/1223/1106
f 657/1223/1106 662/1215/1098 663/1216/1099 658/1224/1107
f 658/1224/1107 663/1216/1099 664/1217/1100 659/1225/1108
f 659/1225/1108 664/1217/1100 665/1218/1101 660/1226/1109
f 660/1226/1109 665/1218/1101 666/673/640 661/669/636
f 1387/316/295 1388/309/288 792/1219/1102 787/1227/1110
f 787/1227/1110 792/1219/1102 793/1220/1103 788/1228/1111
f 788/1228/1111 793/1220/1103 794/1221/1104 789/1229/1112
f 789/1229/1112 794/1221/1104 795/1222/1105 790/1230/1113
f 790/1230/1113 795/1222/1105 796/671/638 791/667/634
f 1367/509/484 1349/502/477 657/1223/1106 652/1231/1114
f 652/1231/1114 657/1223/1106 658/1224/1107 653/1232/1115
f 653/1232/1115 658/1224/1107 659/1225/1108 654/1233/1116
f 654/1233/1116 659/1225/1108 660/1226/1109 655/1234/1117
f 655/1234/1117 660/1226/1109 661/669/636 656/665/632
f 1386/323/302 1387/316/295 787/1227/1110 782/1235/1118
f 782/1235/1118 787/1227/1110 788/1228/1111 783/1236/1119
f 783/1236/1119 788/1228/1111 789/1229/1112 784/1237/1120
f 784/1237/1120 789/1229/1112 790/1230/1113 785/1238/1121
f 785/1238/1121 790/1230/1113 791/667/634 786/663/630
f 1350/516/491 1367/509/484 652/1231/1114 647/1239/1122
f 647/1239/1122 652/1231/1114 653/1232/1115 648/1240/1123
f 648/1240/1123 653/1232/1115 654/1233/1116 649/1241/1124
f 649/1241/1124 654/1233/1116 655/1234/1117 650/1242/1125
f 650/1242/1125 655/1234/1117 656/665/632 651/661/628
f 1385/330/309 1386/323/302 782/1235/1118 777/1243/1126
f 777/1243/1126 782/1235/1118 783/1236/1119 778/1244/1127
f 778/1244/1127 783/1236/1119 784/1237/1120 779/1245/1128
f 779/1245/1128 784/1237/1120 785/1238/1121 780/1246/1129
f 780/1246/1129 785/1238/1121 786/663/630 781/659/626
f 1357/523/498 1350/516/491 647/1239/1122 642/1247/1130
f 642/1247/1130 647/1239/1122 648/1240/1123 643/1248/1131
f 643/1248/1131 648/1240/1123 649/1241/1124 644/1249/1132
f 644/1249/1132 649/1241/1124 650/1242/1125 645/1250/1133
f 645/1250/1133 650/1242/1125 651/661/628 646/655/622
f 1384/337/316 1385/330/309 777/1243/1126 772/1251/1134
f 772/1251/1134 777/1243/1126 778/1244/1127 773/1252/1135
f 773/1252/1135 778/1244/1127 779/1245/1128 774/1253/1136
f 774/1253/1136 779/1245/1128 780/1246/1129 775/1254/1137
f 775/1254/1137 780/1246/1129 781/659/626 776/653/620
f 1356/148/129 1355/147/128 364/1095/983 374/1255/1138
f 374/1255/1138 364/1095/983 363/1097/985 373/1256/1139
f 373/1256/1139 363/1097/985 362/1099/987 372/1257/1140
f 372/1257/1140 362/1099/987 361/1101/989 371/1258/1141
f 371/1258/1141 361/1101/989 360/657/624 370/602/575
f 1351/530/505 1357/523/498 642/1247/1130 324/1259/1142
f 324/1259/1142 642/1247/1130 643/1248/1131 323/1260/1143
f 323/1260/1143 643/1248/1131 644/1249/1132 322/1261/1144
f 322/1261/1144 644/1249/1132 645/1250/1133 321/1262/1145
f 321/1262/1145 645/1250/1133 646/655/622 641/649/616
f 1383/344/323 1384/337/316 772/1251/1134 767/1263/1146
f 767/1263/1146 772/1251/1134 773/1252/1135 768/1264/1147
f 768/1264/1147 773/1252/1135 774/1253/1136 769/1265/1148
f 769/1265/1148 774/1253/1136 775/1254/1137 770/1266/1149
f 770/1266/1149 775/1254/1137 776/653/620 771/647/614
f 1360/537/512 1351/530/505 324/1259/1142 329/1267/1150
f 329/1267/1150 324/1259/1142 323/1260/1143 328/1268/1151
f 328/1268/1151 323/1260/1143 322/1261/1144 327/1269/1152
f 327/1269/1152 322/1261/1144 321/1262/1145 326/1270/1153
f 326/1270/1153 321/1262/1145 641/649/616 325/643/610
f 1382/351/330 1383/344/323 767/1263/1146 762/1271/1154
f 762/1271/1154 767/1263/1146 768/1264/1147 763/1272/1155
f 763/1272/1155 768/1264/1147 769/1265/1148 764/1273/1156
f 764/1273/1156 769/1265/1148 770/1266/1149 765/1274/1157
f 765/1274/1157 770/1266/1149 771/647/614 766/640/608
f 1408/167/148 1370/166/147 365/1110/998 892/1275/1158
f 892/1275/1158 365/1110/998 366/1111/999 893/1276/1159
f 893/1276/1159 366/1111/999 367/1112/1000 894/1277/1160
f 894/1277/1160 367/1112/1000 368/1113/1001 895/1278/1161
f 895/1278/1161 368/1113/1001 369/645/612 896/637/606
f 1352/544/519 1360/537/512 329/1267/1150 334/1279/1162
f 334/1279/1162 329/1267/1150 328/1268/1151 333/1280/1163
f 333/1280/1163 328/1268/1151 327/1269/1152 332/1281/1164
f 332/1281/1164 327/1269/1152 326/1270/1153 331/1282/1165
f 331/1282/1165 326/1270/1153 325/643/610 330/635/604
f 1381/360/337 1382/359/330 762/1283/1154 757/1284/1166
f 757/1284/1166 762/1283/1154 763/1285/1155 758/1286/1167
f 758/1286/1167 763/1285/1155 764/1287/1156 759/1288/1168
f 759/1288/1168 764/1287/1156 765/1289/1157 760/1290/1169
f 760/1291/1169 765/1274/1157 766/640/608 761/639/602
f 1407/174/155 1408/167/148 892/1275/1158 887/1292/1170
f 887/1292/1170 892/1275/1158 893/1276/1159 888/1293/1171
f 888/1293/1171 893/1276/1159 894/1277/1160 889/1294/1172
f 889/1294/1172 894/1277/1160 895/1278/1161 890/1295/1173
f 890/1295/1173 895/1278/1161 896/637/606 891/631/600
f 1362/551/526 1352/544/519 334/1279/1162 339/1296/1174
f 339/1296/1174 334/1279/1162 333/1280/1163 338/1297/1175
f 338/1297/1175 333/1280/1163 332/1281/1164 337/1298/1176
f 337/1298/1176 332/1281/1164 331/1282/1165 336/1299/1177
f 336/1299/1177 331/1282/1165 330/635/604 335/629/598
f 1380/367/344 1381/360/337 757/1284/1166 752/1300/1178
f 752/1300/1178 757/1284/1166 758/1286/1167 753/1301/1179
f 753/1301/1179 758/1286/1167 759/1288/1168 754/1302/1180
f 754/1302/1180 759/1288/1168 760/1290/1169 755/1303/1181
f 755/1303/1181 760/1290/1169 761/633/602 756/627/596
f 1406/181/162 1407/174/155 887/1292/1170 882/1304/1182
f 882/1304/1182 887/1292/1170 888/1293/1171 883/1305/1183
f 883/1305/1183 888/1293/1171 889/1294/1172 884/1306/1184
f 884/1306/1184 889/1294/1172 890/1295/1173 885/1307/1185
f 885/1307/1185 890/1295/1173 891/631/600 886/625/594
f 1353/560/533 1362/559/526 339/1308/1174 344/1309/1186
f 344/1310/1186 339/1296/1174 338/1297/1175 343/1311/1187
f 343/1311/1187 338/1297/1175 337/1298/1176 342/1312/1188
f 342/1312/1188 337/1298/1176 336/1299/1177 341/1313/1189
f 341/1313/1189 336/1299/1177 335/629/598 340/622/592
f 1379/374/351 1380/367/344 752/1300/1178 747/1314/1190
f 747/1314/1190 752/1300/1178 753/1301/1179 748/1315/1191
f 748/1315/1191 753/1301/1179 754/1302/1180 749/1316/1192
f 749/1316/1192 754/1302/1180 755/1303/1181 750/1317/1193
f 750/1317/1193 755/1303/1181 756/627/596 751/619/590
f 1405/188/169 1406/181/162 882/1304/1182 877/1318/1194
f 877/1318/1194 882/1304/1182 883/1305/1183 878/1319/1195
f 878/1319/1195 883/1305/1183 884/1306/1184 879/1320/1196
f 879/1320/1196 884/1306/1184 885/1307/1185 880/1321/1197
f 880/1321/1197 885/1307/1185 886/625/594 881/616/588
f 1364/567/540 1353/560/533 344/1309/1186 349/1322/1198
f 349/1322/1198 344/1309/1186 343/1323/1187 348/1324/1199
f 348/1324/1199 343/1323/1187 342/1325/1188 347/1326/1200
f 347/1326/1200 342/1325/1188 341/1327/1189 346/1328/1201
f 346/1328/1201 341/1327/1189 340/1329/592 345/613/586
f 1378/381/358 1379/374/351 747/1314/1190 742/1330/1202
f 742/1330/1202 747/1314/1190 748/1315/1191 743/1331/1203
f 743/1331/1203 748/1315/1191 749/1316/1192 744/1332/1204
f 744/1332/1204 749/1316/1192 750/1317/1193 745/1333/1205
f 745/1333/1205 750/1317/1193 751/619/590 746/610/583
f 1404/195/176 1405/188/169 877/1318/1194 872/1334/1206
f 872/1334/1206 877/1318/1194 878/1319/1195 873/1335/1207
f 873/1335/1207 878/1319/1195 879/1320/1196 874/1336/1208
f 874/1336/1208 879/1320/1196 880/1321/1197 875/1337/1209
f 875/1337/1209 880/1321/1197 881/616/588 876/615/579
f 1354/574/547 1364/567/540 349/1322/1198 354/1338/1210
f 354/1338/1210 349/1322/1198 348/1324/1199 353/1339/1211
f 353/1339/1211 348/1324/1199 347/1326/1200 352/1340/1212
f 352/1340/1212 347/1326/1200 346/1328/1201 351/1341/1213
f 351/1341/1213 346/1328/1201 345/613/586 350/2/2
f 1377/388/365 1378/381/358 742/1330/1202 737/1078/966
f 737/1078/966 742/1330/1202 743/1331/1203 738/1080/968
f 738/1080/968 743/1331/1203 744/1332/1204 739/1082/970
f 739/1082/970 744/1332/1204 745/1333/1205 740/1084/972
f 740/1084/972 745/1333/1205 746/610/583 741/609/582
f 1403/202/183 1404/195/176 872/1334/1206 867/1342/974
f 867/1342/974 872/1334/1206 873/1335/1207 868/1343/976
f 868/1343/976 873/1335/1207 874/1336/1208 869/1344/978
f 869/1090/978 874/1345/1208 875/1346/1209 870/1092/980
f 870/1092/980 875/1346/1209 876/606/579 871/605/578
f 1359/600/573 1356/148/129 374/1255/1138 379/651/618
f 379/651/618 374/1255/1138 373/1256/1139 378/1072/960
f 378/1072/960 373/1256/1139 372/1257/1140 377/1074/962
f 377/1074/962 372/1257/1140 371/1258/1141 376/1076/964
f 376/1076/964 371/1258/1141 370/602/575 375/601/574
f 1366/581/554 1354/574/547 354/1338/1210 359/1094/982
f 359/1094/982 354/1338/1210 353/1339/1211 358/1096/984
f 358/1096/984 353/1339/1211 352/1340/1212 357/1098/986
f 357/1098/986 352/1340/1212 351/1341/1213 356/1100/988
f 356/1100/988 351/1341/1213 350/2/2 355/1/1
f 968/1347/1214 1339/1348/1215 960/1067/956 898/739/704
f 985/1349/1216 979/1350/1217 900/752/714 901/757/718
f 991/1351/1218 985/1349/1216 901/757/718 902/762/722
f 997/1352/1219 991/1351/1218 902/762/722 903/767/726
f 1003/1353/1220 997/1352/1219 903/767/726 904/772/730
f 1009/1354/1221 1003/1353/1220 904/772/730 905/779/734
f 1015/1355/1222 1009/1354/1221 905/779/734 906/785/738
f 1021/1356/1223 1015/1355/1222 906/785/738 907/791/742
f 1027/1357/1224 1021/1356/1223 907/791/742 908/796/746
f 1033/1358/1225 1027/1357/1224 908/796/746 909/801/750
f 1039/1359/1226 1033/1358/1225 909/801/750 910/806/754
f 1045/1360/1227 1039/1359/1226 910/806/754 911/811/758
f 1051/1361/1228 1045/1360/1227 911/811/758 912/816/762
f 1057/1362/1229 1051/1361/1228 912/816/762 913/821/766
f 1063/1363/1230 1057/1362/1229 913/821/766 914/826/771
f 1069/1364/1231 1063/1363/1230 914/826/771 915/832/775
f 1075/1365/1232 1069/1364/1231 915/832/775 916/838/779
f 1081/1366/1233 1075/1365/1232 916/838/779 917/843/783
f 1087/1367/1234 1081/1366/1233 917/843/783 918/848/787
f 1093/1368/1235 1087/1367/1234 918/848/787 919/853/791
f 1099/1369/1236 1093/1368/1235 919/853/791 920/859/795
f 1105/1370/1237 1099/1369/1236 920/859/795 921/864/799
f 1111/1371/1238 1105/1370/1237 921/864/799 922/869/803
f 1117/1372/1239 1111/1371/1238 922/869/803 923/875/807
f 1123/1373/1240 1117/1372/1239 923/875/807 924/880/811
f 1129/1374/1241 1123/1373/1240 924/880/811 925/886/815
f 1135/1375/1242 1129/1374/1241 925/886/815 926/891/819
f 1141/1376/1243 1135/1375/1242 926/891/819 927/896/823
f 1147/1377/1244 1141/1376/1243 927/896/823 928/901/827
f 1153/1378/1245 1147/1377/1244 928/901/827 929/906/831
f 1159/1379/1246 1153/1378/1245 929/906/831 930/911/835
f 1165/1380/1247 1159/1379/1246 930/911/835 931/916/839
f 1171/1381/1248 1165/1380/1247 931/916/839 932/922/843
f 1177/1382/1249 1171/1381/1248 932/922/843 933/927/847
f 1183/1383/1250 1177/1382/1249 933/927/847 934/933/851
f 1189/1384/1251 1183/1383/1250 934/933/851 935/938/855
f 1195/1385/1252 1189/1384/1251 935/938/855 936/943/859
f 1201/1386/1253 1195/1385/1252 936/943/859 937/949/863
f 1207/1387/1254 1201/1386/1253 937/949/863 938/954/867
f 1213/1388/1255 1207/1387/1254 938/954/867 939/959/871
f 1219/1389/1256 1213/1388/1255 939/959/871 940/964/875
f 1225/1390/1257 1219/1389/1256 940/964/875 941/969/879
f 1231/1391/1258 1225/1390/1257 941/969/879 942/974/883
f 1237/1392/1259 1231/1391/1258 942/974/883 943/979/887
f 1243/1393/1260 1237/1392/1259 943/979/887 944/984/891
f 1249/1394/1261 1243/1393/1260 944/984/891 945/989/895
f 1255/1395/1262 1249/1394/1261 945/989/895 946/994/900
f 1261/1396/1263 1255/1395/1262 946/994/900 947/999/904
f 1267/1397/1264 1261/1396/1263 947/999/904 948/1004/908
f 1273/1398/1265 1267/1397/1264 948/1004/908 949/1009/912
f 1279/1399/1266 1273/1398/1265 949/1009/912 950/1014/916
f 1285/1400/1267 1279/1399/1266 950/1014/916 951/1019/920
f 1291/1401/1268 1285/1400/1267 951/1019/920 952/1024/924
f 1297/1402/1269 1291/1401/1268 952/1024/924 953/1029/928
f 1303/1403/1270 1297/1402/1269 953/1029/928 954/1035/932
f 1309/1404/1271 1303/1403/1270 954/1035/932 955/1040/936
f 1315/1405/1272 1309/1404/1271 955/1040/936 956/1045/940
f 1321/1406/1273 1315/1405/1272 956/1045/940 957/1051/944
f 1327/1407/1274 1321/1406/1273 957/1051/944 958/1056/948
f 1333/1408/1275 1327/1407/1274 958/1056/948 959/1061/952
f 1339/1348/1215 1333/1408/1275 959/1061/952 960/1067/956
f 979/1350/1217 973/725/690 899/728/693 900/752/714
f 962/1409/1276 967/1410/1277 969/1411/1278 966/1412/1279
f 966/1412/1279 969/1411/1278 970/1413/1280 965/1414/1281
f 965/1414/1281 970/1413/1280 971/1415/1282 964/1416/1283
f 964/1416/1283 971/1415/1282 972/1417/1284 963/1418/1285
f 963/1418/1285 972/1417/1284 968/1347/1214 961/726/691
f 974/1419/1286 962/1409/1276 966/1412/1279 978/1420/1287
f 978/1420/1287 966/1412/1279 965/1414/1281 977/1421/1288
f 977/1421/1288 965/1414/1281 964/1416/1283 976/1422/1289
f 976/1422/1289 964/1416/1283 963/1418/1285 975/1423/1290
f 975/1423/1290 963/1418/1285 961/726/691 973/725/690
f 980/1424/1291 974/1419/1286 978/1420/1287 984/1425/1292
f 984/1425/1292 978/1420/1287 977/1421/1288 983/1426/1293
f 983/1426/1293 977/1421/1288 976/1422/1289 982/1427/1294
f 982/1427/1294 976/1422/1289 975/1423/1290 981/1428/1295
f 981/1428/1295 975/1423/1290 973/725/690 979/1350/1217
f 986/1429/1296 980/1424/1291 984/1425/1292 990/1430/1297
f 990/1430/1297 984/1425/1292 983/1426/1293 989/1431/1298
f 989/1431/1298 983/1426/1293 982/1427/1294 988/1432/1299
f 988/1432/1299 982/1427/1294 981/1428/1295 987/1433/1300
f 987/1433/1300 981/1428/1295 979/1350/1217 985/1349/1216
f 992/1434/1301 986/1429/1296 990/1430/1297 996/1435/1302
f 996/1435/1302 990/1430/1297 989/1431/1298 995/1436/1303
f 995/1436/1303 989/1431/1298 988/1432/1299 994/1437/1304
f 994/1437/1304 988/1432/1299 987/1433/1300 993/1438/1305
f 993/1438/1305 987/1433/1300 985/1349/1216 991/1351/1218
f 998/1439/1306 992/1434/1301 996/1435/1302 1002/1440/1307
f 1002/1440/1307 996/1435/1302 995/1436/1303 1001/1441/1308
f 1001/1441/1308 995/1436/1303 994/1437/1304 1000/1442/1309
f 1000/1442/1309 994/1437/1304 993/1438/1305 999/1443/1310
f 999/1443/1310 993/1438/1305 991/1351/1218 997/1352/1219
f 1004/1444/1311 998/1439/1306 1002/1440/1307 1008/1445/1312
f 1008/1445/1312 1002/1440/1307 1001/1441/1308 1007/1446/1313
f 1007/1446/1313 1001/1441/1308 1000/1442/1309 1006/1447/1314
f 1006/1447/1314 1000/1442/1309 999/1443/1310 1005/1448/1315
f 1005/1448/1315 999/1443/1310 997/1352/1219 1003/1353/1220
f 1010/1449/1316 1004/1444/1311 1008/1445/1312 1014/1450/1317
f 1014/1450/1317 1008/1445/1312 1007/1446/1313 1013/1451/1318
f 1013/1451/1318 1007/1446/1313 1006/1447/1314 1012/1452/1319
f 1012/1452/1319 1006/1447/1314 1005/1448/1315 1011/1453/1320
f 1011/1453/1320 1005/1448/1315 1003/1353/1220 1009/1354/1221
f 1016/1454/1321 1010/1449/1316 1014/1450/1317 1020/1455/1322
f 1020/1455/1322 1014/1450/1317 1013/1451/1318 1019/1456/1323
f 1019/1456/1323 1013/1451/1318 1012/1452/1319 1018/1457/1324
f 1018/1457/1324 1012/1452/1319 1011/1453/1320 1017/1458/1325
f 1017/1458/1325 1011/1453/1320 1009/1354/1221 1015/1355/1222
f 1022/1459/1326 1016/1454/1321 1020/1455/1322 1026/1460/1327
f 1026/1460/1327 1020/1455/1322 1019/1456/1323 1025/1461/1328
f 1025/1461/1328 1019/1456/1323 1018/1457/1324 1024/1462/1329
f 1024/1462/1329 1018/1457/1324 1017/1458/1325 1023/1463/1330
f 1023/1463/1330 1017/1458/1325 1015/1355/1222 1021/1356/1223
f 1028/1464/1331 1022/1459/1326 1026/1460/1327 1032/1465/1332
f 1032/1465/1332 1026/1460/1327 1025/1461/1328 1031/1466/1333
f 1031/1466/1333 1025/1461/1328 1024/1462/1329 1030/1467/1334
f 1030/1467/1334 1024/1462/1329 1023/1463/1330 1029/1468/1335
f 1029/1468/1335 1023/1463/1330 1021/1356/1223 1027/1357/1224
f 1034/1469/1336 1028/1464/1331 1032/1465/1332 1038/1470/1337
f 1038/1470/1337 1032/1465/1332 1031/1466/1333 1037/1471/1338
f 1037/1471/1338 1031/1466/1333 1030/1467/1334 1036/1472/1339
f 1036/1472/1339 1030/1467/1334 1029/1468/1335 1035/1473/1340
f 1035/1473/1340 1029/1468/1335 1027/1357/1224 1033/1358/1225
f 1040/1474/1341 1034/1469/1336 1038/1470/1337 1044/1475/1342
f 1044/1475/1342 1038/1470/1337 1037/1471/1338 1043/1476/1343
f 1043/1476/1343 1037/1471/1338 1036/1472/1339 1042/1477/1344
f 1042/1477/1344 1036/1472/1339 1035/1473/1340 1041/1478/1345
f 1041/1478/1345 1035/1473/1340 1033/1358/1225 1039/1359/1226
f 1046/1479/1346 1040/1474/1341 1044/1475/1342 1050/1480/1347
f 1050/1480/1347 1044/1475/1342 1043/1476/1343 1049/1481/1348
f 1049/1481/1348 1043/1476/1343 1042/1477/1344 1048/1482/1349
f 1048/1482/1349 1042/1477/1344 1041/1478/1345 1047/1483/1350
f 1047/1483/1350 1041/1478/1345 1039/1359/1226 1045/1360/1227
f 1052/1484/1351 1046/1479/1346 1050/1480/1347 1056/1485/1352
f 1056/1485/1352 1050/1480/1347 1049/1481/1348 1055/1486/1353
f 1055/1486/1353 1049/1481/1348 1048/1482/1349 1054/1487/1354
f 1054/1487/1354 1048/1482/1349 1047/1483/1350 1053/1488/1355
f 1053/1488/1355 1047/1483/1350 1045/1360/1227 1051/1361/1228
f 1058/1489/1356 1052/1484/1351 1056/1485/1352 1062/1490/1357
f 1062/1490/1357 1056/1485/1352 1055/1486/1353 1061/1491/1358
f 1061/1491/1358 1055/1486/1353 1054/1487/1354 1060/1492/1359
f 1060/1492/1359 1054/1487/1354 1053/1488/1355 1059/1493/1360
f 1059/1493/1360 1053/1488/1355 1051/1361/1228 1057/1362/1229
f 1064/1494/1361 1058/1489/1356 1062/1490/1357 1068/1495/1362
f 1068/1495/1362 1062/1490/1357 1061/1491/1358 1067/1496/1363
f 1067/1496/1363 1061/1491/1358 1060/1492/1359 1066/1497/1364
f 1066/1497/1364 1060/1492/1359 1059/1493/1360 1065/1498/1365
f 1065/1498/1365 1059/1493/1360 1057/1362/1229 1063/1363/1230
f 1070/1499/1366 1064/1494/1361 1068/1495/1362 1074/1500/1367
f 1074/1500/1367 1068/1495/1362 1067/1496/1363 1073/1501/1368
f 1073/1501/1368 1067/1496/1363 1066/1497/1364 1072/1502/1369
f 1072/1502/1369 1066/1497/1364 1065/1498/1365 1071/1503/1370
f 1071/1503/1370 1065/1498/1365 1063/1363/1230 1069/1364/1231
f 1076/1504/1371 1070/1499/1366 1074/1500/1367 1080/1505/1372
f 1080/1505/1372 1074/1500/1367 1073/1501/1368 1079/1506/1373
f 1079/1506/1373 1073/1501/1368 1072/1502/1369 1078/1507/1374
f 1078/1507/1374 1072/1502/1369 1071/1503/1370 1077/1508/1375
f 1077/1508/1375 1071/1503/1370 1069/1364/1231 1075/1365/1232
f 1082/1509/1376 1076/1504/1371 1080/1505/1372 1086/1510/1377
f 1086/1510/1377 1080/1505/1372 1079/1506/1373 1085/1511/1378
f 1085/1511/1378 1079/1506/1373 1078/1507/1374 1084/1512/1379
f 1084/1512/1379 1078/1507/1374 1077/1508/1375 1083/1513/1380
f 1083/1513/1380 1077/1508/1375 1075/1365/1232 1081/1366/1233
f 1088/1514/1381 1082/1509/1376 1086/1510/1377 1092/1515/1382
f 1092/1515/1382 1086/1510/1377 1085/1511/1378 1091/1516/1383
f 1091/1516/1383 1085/1511/1378 1084/1512/1379 1090/1517/1384
f 1090/1517/1384 1084/1512/1379 1083/1513/1380 1089/1518/1385
f 1089/1518/1385 1083/1513/1380 1081/1366/1233 1087/1367/1234
f 1094/1519/1386 1088/1514/1381 1092/1515/1382 1098/1520/1387
f 1098/1520/1387 1092/1515/1382 1091/1516/1383 1097/1521/1388
f 1097/1521/1388 1091/1516/1383 1090/1517/1384 1096/1522/1389
f 1096/1522/1389 1090/1517/1384 1089/1518/1385 1095/1523/1390
f 1095/1523/1390 1089/1518/1385 1087/1367/1234 1093/1368/1235
f 1100/1524/1391 1094/1519/1386 1098/1520/1387 1104/1525/1392
f 1104/1525/1392 1098/1520/1387 1097/1521/1388 1103/1526/1393
f 1103/1526/1393 1097/1521/1388 1096/1522/1389 1102/1527/1394
f 1102/1527/1394 1096/1522/1389 1095/1523/1390 1101/1528/1395
f 1101/1528/1395 1095/1523/1390 1093/1368/1235 1099/1369/1236
f 1106/1529/1396 1100/1524/1391 1104/1525/1392 1110/1530/1397
f 1110/1530/1397 1104/1525/1392 1103/1526/1393 1109/1531/1398
f 1109/1531/1398 1103/1526/1393 1102/1527/1394 1108/1532/1399
f 1108/1532/1399 1102/1527/1394 1101/1528/1395 1107/1533/1400
f 1107/1533/1400 1101/1528/1395 1099/1369/1236 1105/1370/1237
f 1112/1534/1401 1106/1529/1396 1110/1530/1397 1116/1535/1402
f 1116/1535/1402 1110/1530/1397 1109/1531/1398 1115/1536/1403
f 1115/1536/1403 1109/1531/1398 1108/1532/1399 1114/1537/1404
f 1114/1537/1404 1108/1532/1399 1107/1533/1400 1113/1538/1405
f 1113/1538/1405 1107/1533/1400 1105/1370/1237 1111/1371/1238
f 1118/1539/1406 1112/1534/1401 1116/1535/1402 1122/1540/1407
f 1122/1540/1407 1116/1535/1402 1115/1536/1403 1121/1541/1408
f 1121/1541/1408 1115/1536/1403 1114/1537/1404 1120/1542/1409
f 1120/1542/1409 1114/1537/1404 1113/1538/1405 1119/1543/1410
f 1119/1543/1410 1113/1538/1405 1111/1371/1238 1117/1372/1239
f 1124/1544/1411 1118/1539/1406 1122/1540/1407 1128/1545/1412
f 1128/1545/1412 1122/1540/1407 1121/1541/1408 1127/1546/1413
f 1127/1546/1413 1121/1541/1408 1120/1542/1409 1126/1547/1414
f 1126/1547/1414 1120/1542/1409 1119/1543/1410 1125/1548/1415
f 1125/1548/1415 1119/1543/1410 1117/1372/1239 1123/1373/1240
f 1130/1549/1416 1124/1544/1411 1128/1545/1412 1134/1550/1417
f 1134/1550/1417 1128/1545/1412 1127/1546/1413 1133/1551/1418
f 1133/1551/1418 1127/1546/1413 1126/1547/1414 1132/1552/1419
f 1132/1552/1419 1126/1547/1414 1125/1548/1415 1131/1553/1420
f 1131/1553/1420 1125/1548/1415 1123/1373/1240 1129/1374/1241
f 1136/1554/1421 1130/1549/1416 1134/1550/1417 1140/1555/1422
f 1140/1555/1422 1134/1550/1417 1133/1551/1418 1139/1556/1423
f 1139/1556/1423 1133/1551/1418 1132/1552/1419 1138/1557/1424
f 1138/1557/1424 1132/1552/1419 1131/1553/1420 1137/1558/1425
f 1137/1558/1425 1131/1553/1420 1129/1374/1241 1135/1375/1242
f 1142/1559/1426 1136/1554/1421 1140/1555/1422 1146/1560/1427
f 1146/1560/1427 1140/1555/1422 1139/1556/1423 1145/1561/1428
f 1145/1561/1428 1139/1556/1423 1138/1557/1424 1144/1562/1429
f 1144/1562/1429 1138/1557/1424 1137/1558/1425 1143/1563/1430
f 1143/1563/1430 1137/1558/1425 1135/1375/1242 1141/1376/1243
f 1148/1564/1431 1142/1559/1426 1146/1560/1427 1152/1565/1432
f 1152/1565/1432 1146/1560/1427 1145/1561/1428 1151/1566/1433
f 1151/1566/1433 1145/1561/1428 1144/1562/1429 1150/1567/1434
f 1150/1567/1434 1144/1562/1429 1143/1563/1430 1149/1568/1435
f 1149/1568/1435 1143/1563/1430 1141/1376/1243 1147/1377/1244
f 1154/1569/1436 1148/1564/1431 1152/1565/1432 1158/1570/1437
f 1158/1570/1437 1152/1565/1432 1151/1566/1433 1157/1571/1438
f 1157/1571/1438 1151/1566/1433 1150/1567/1434 1156/1572/1439
f 1156/1572/1439 1150/1567/1434 1149/1568/1435 1155/1573/1440
f 1155/1573/1440 1149/1568/1435 1147/1377/1244 1153/1378/1245
f 1160/1574/1441 1154/1569/1436 1158/1570/1437 1164/1575/1442
f 1164/1575/1442 1158/1570/1437 1157/1571/1438 1163/1576/1443
f 1163/1576/1443 1157/1571/1438 1156/1572/1439 1162/1577/1444
f 1162/1577/1444 1156/1572/1439 1155/1573/1440 1161/1578/1445
f 1161/1578/1445 1155/1573/1440 1153/1378/1245 1159/1379/1246
f 1166/1579/1446 1160/1574/1441 1164/1575/1442 1170/1580/1447
f 1170/1580/1447 1164/1575/1442 1163/1576/1443 1169/1581/1448
f 1169/1581/1448 1163/1576/1443 1162/1577/1444 1168/1582/1449
f 1168/1582/1449 1162/1577/1444 1161/1578/1445 1167/1583/1450
f 1167/1583/1450 1161/1578/1445 1159/1379/1246 1165/1380/1247
f 1172/1584/1451 1166/1579/1446 1170/1580/1447 1176/1585/1452
f 1176/1585/1452 1170/1580/1447 1169/1581/1448 1175/1586/1453
f 1175/1586/1453 1169/1581/1448 1168/1582/1449 1174/1587/1454
f 1174/1587/1454 1168/1582/1449 1167/1583/1450 1173/1588/1455
f 1173/1588/1455 1167/1583/1450 1165/1380/1247 1171/1381/1248
f 1178/1589/1456 1172/1584/1451 1176/1585/1452 1182/1590/1457
f 1182/1590/1457 1176/1585/1452 1175/1586/1453 1181/1591/1458
f 1181/1591/1458 1175/1586/1453 1174/1587/1454 1180/1592/1459
f 1180/1592/1459 1174/1587/1454 1173/1588/1455 1179/1593/1460
f 1179/1593/1460 1173/1588/1455 1171/1381/1248 1177/1382/1249
f 1184/1594/1461 1178/1589/1456 1182/1590/1457 1188/1595/1462
f 1188/1595/1462 1182/1590/1457 1181/1591/1458 1187/1596/1463
f 1187/1596/1463 1181/1591/1458 1180/1592/1459 1186/1597/1464
f 1186/1597/1464 1180/1592/1459 1179/1593/1460 1185/1598/1465
f 1185/1598/1465 1179/1593/1460 1177/1382/1249 1183/1383/1250
f 1190/1599/1466 1184/1594/1461 1188/1595/1462 1194/1600/1467
f 1194/1600/1467 1188/1595/1462 1187/1596/1463 1193/1601/1468
f 1193/1601/1468 1187/1596/1463 1186/1597/1464 1192/1602/1469
f 1192/1602/1469 1186/1597/1464 1185/1598/1465 1191/1603/1470
f 1191/1603/1470 1185/1598/1465 1183/1383/1250 1189/1384/1251
f 1196/1604/1471 1190/1599/1466 1194/1600/1467 1200/1605/1472
f 1200/1605/1472 1194/1600/1467 1193/1601/1468 1199/1606/1473
f 1199/1606/1473 1193/1601/1468 1192/1602/1469 1198/1607/1474
f 1198/1607/1474 1192/1602/1469 1191/1603/1470 1197/1608/1475
f 1197/1608/1475 1191/1603/1470 1189/1384/1251 1195/1385/1252
f 1202/1609/1476 1196/1604/1471 1200/1605/1472 1206/1610/1477
f 1206/1610/1477 1200/1605/1472 1199/1606/1473 1205/1611/1478
f 1205/1611/1478 1199/1606/1473 1198/1607/1474 1204/1612/1479
f 1204/1612/1479 1198/1607/1474 1197/1608/1475 1203/1613/1480
f 1203/1613/1480 1197/1608/1475 1195/1385/1252 1201/1386/1253
f 1208/1614/1481 1202/1609/1476 1206/1610/1477 1212/1615/1482
f 1212/1615/1482 1206/1610/1477 1205/1611/1478 1211/1616/1483
f 1211/1616/1483 1205/1611/1478 1204/1612/1479 1210/1617/1484
f 1210/1617/1484 1204/1612/1479 1203/1613/1480 1209/1618/1485
f 1209/1618/1485 1203/1613/1480 1201/1386/1253 1207/1387/1254
f 1214/1619/1486 1208/1614/1481 1212/1615/1482 1218/1620/1487
f 1218/1620/1487 1212/1615/1482 1211/1616/1483 1217/1621/1488
f 1217/1621/1488 1211/1616/1483 1210/1617/1484 1216/1622/1489
f 1216/1622/1489 1210/1617/1484 1209/1618/1485 1215/1623/1490
f 1215/1623/1490 1209/1618/1485 1207/1387/1254 1213/1388/1255
f 1220/1624/1491 1214/1619/1486 1218/1620/1487 1224/1625/1492
f 1224/1625/1492 1218/1620/1487 1217/1621/1488 1223/1626/1493
f 1223/1626/1493 1217/1621/1488 1216/1622/1489 1222/1627/1494
f 1222/1627/1494 1216/1622/1489 1215/1623/1490 1221/1628/1495
f 1221/1628/1495 1215/1623/1490 1213/1388/1255 1219/1389/1256
f 1226/1629/1496 1220/1624/1491 1224/1625/1492 1230/1630/1497
f 1230/1630/1497 1224/1625/1492 1223/1626/1493 1229/1631/1498
f 1229/1631/1498 1223/1626/1493 1222/1627/1494 1228/1632/1499
f 1228/1632/1499 1222/1627/1494 1221/1628/1495 1227/1633/1500
f 1227/1633/1500 1221/1628/1495 1219/1389/1256 1225/1390/1257
f 1232/1634/1501 1226/1629/1496 1230/1630/1497 1236/1635/1502
f 1236/1635/1502 1230/1630/1497 1229/1631/1498 1235/1636/1503
f 1235/1636/1503 1229/1631/1498 1228/1632/1499 1234/1637/1504
f 1234/1637/1504 1228/1632/1499 1227/1633/1500 1233/1638/1505
f 1233/1638/1505 1227/1633/1500 1225/1390/1257 1231/1391/1258
f 1238/1639/1506 1232/1634/1501 1236/1635/1502 1242/1640/1507
f 1242/1640/1507 1236/1635/1502 1235/1636/1503 1241/1641/1508
f 1241/1641/1508 1235/1636/1503 1234/1637/1504 1240/1642/1509
f 1240/1642/1509 1234/1637/1504 1233/1638/1505 1239/1643/1510
f 1239/1643/1510 1233/1638/1505 1231/1391/1258 1237/1392/1259
f 1244/1644/1511 1238/1639/1506 1242/1640/1507 1248/1645/1512
f 1248/1645/1512 1242/1640/1507 1241/1641/1508 1247/1646/1513
f 1247/1646/1513 1241/1641/1508 1240/1642/1509 1246/1647/1514
f 1246/1647/1514 1240/1642/1509 1239/1643/1510 1245/1648/1515
f 1245/1648/1515 1239/1643/1510 1237/1392/1259 1243/1393/1260
f 1250/1649/1516 1244/1644/1511 1248/1645/1512 1254/1650/1517
f 1254/1650/1517 1248/1645/1512 1247/1646/1513 1253/1651/1518
f 1253/1651/1518 1247/1646/1513 1246/1647/1514 1252/1652/1519
f 1252/1652/1519 1246/1647/1514 1245/1648/1515 1251/1653/1520
f 1251/1653/1520 1245/1648/1515 1243/1393/1260 1249/1394/1261
f 1256/1654/1521 1250/1649/1516 1254/1650/1517 1260/1655/1522
f 1260/1655/1522 1254/1650/1517 1253/1651/1518 1259/1656/1523
f 1259/1656/1523 1253/1651/1518 1252/1652/1519 1258/1657/1524
f 1258/1657/1524 1252/1652/1519 1251/1653/1520 1257/1658/1525
f 1257/1658/1525 1251/1653/1520 1249/1394/1261 1255/1395/1262
f 1262/1659/1526 1256/1654/1521 1260/1655/1522 1266/1660/1527
f 1266/1660/1527 1260/1655/1522 1259/1656/1523 1265/1661/1528
f 1265/1661/1528 1259/1656/1523 1258/1657/1524 1264/1662/1529
f 1264/1662/1529 1258/1657/1524 1257/1658/1525 1263/1663/1530
f 1263/1663/1530 1257/1658/1525 1255/1395/1262 1261/1396/1263
f 1268/1664/1531 1262/1659/1526 1266/1660/1527 1272/1665/1532
f 1272/1665/1532 1266/1660/1527 1265/1661/1528 1271/1666/1533
f 1271/1666/1533 1265/1661/1528 1264/1662/1529 1270/1667/1534
f 1270/1667/1534 1264/1662/1529 1263/1663/1530 1269/1668/1535
f 1269/1668/1535 1263/1663/1530 1261/1396/1263 1267/1397/1264
f 1274/1669/1536 1268/1664/1531 1272/1665/1532 1278/1670/1537
f 1278/1670/1537 1272/1665/1532 1271/1666/1533 1277/1671/1538
f 1277/1671/1538 1271/1666/1533 1270/1667/1534 1276/1672/1539
f 1276/1672/1539 1270/1667/1534 1269/1668/1535 1275/1673/1540
f 1275/1673/1540 1269/1668/1535 1267/1397/1264 1273/1398/1265
f 1280/1674/1541 1274/1669/1536 1278/1670/1537 1284/1675/1542
f 1284/1675/1542 1278/1670/1537 1277/1671/1538 1283/1676/1543
f 1283/1676/1543 1277/1671/1538 1276/1672/1539 1282/1677/1544
f 1282/1677/1544 1276/1672/1539 1275/1673/1540 1281/1678/1545
f 1281/1678/1545 1275/1673/1540 1273/1398/1265 1279/1399/1266
f 1286/1679/1546 1280/1674/1541 1284/1675/1542 1290/1680/1547
f 1290/1680/1547 1284/1675/1542 1283/1676/1543 1289/1681/1548
f 1289/1681/1548 1283/1676/1543 1282/1677/1544 1288/1682/1549
f 1288/1682/1549 1282/1677/1544 1281/1678/1545 1287/1683/1550
f 1287/1683/1550 1281/1678/1545 1279/1399/1266 1285/1400/1267
f 1292/1684/1551 1286/1679/1546 1290/1680/1547 1296/1685/1552
f 1296/1685/1552 1290/1680/1547 1289/1681/1548 1295/1686/1553
f 1295/1686/1553 1289/1681/1548 1288/1682/1549 1294/1687/1554
f 1294/1687/1554 1288/1682/1549 1287/1683/1550 1293/1688/1555
f 1293/1688/1555 1287/1683/1550 1285/1400/1267 1291/1401/1268
f 1298/1689/1556 1292/1684/1551 1296/1685/1552 1302/1690/1557
f 1302/1690/1557 1296/1685/1552 1295/1686/1553 1301/1691/1558
f 1301/1691/1558 1295/1686/1553 1294/1687/1554 1300/1692/1559
f 1300/1692/1559 1294/1687/1554 1293/1688/1555 1299/1693/1560
f 1299/1693/1560 1293/1688/1555 1291/1401/1268 1297/1402/1269
f 1304/1694/1561 1298/1689/1556 1302/1690/1557 1308/1695/1562
f 1308/1695/1562 1302/1690/1557 1301/1691/1558 1307/1696/1563
f 1307/1696/1563 1301/1691/1558 1300/1692/1559 1306/1697/1564
f 1306/1697/1564 1300/1692/1559 1299/1693/1560 1305/1698/1565
f 1305/1698/1565 1299/1693/1560 1297/1402/1269 1303/1403/1270
f 1310/1699/1566 1304/1694/1561 1308/1695/1562 1314/1700/1567
f 1314/1700/1567 1308/1695/1562 1307/1696/1563 1313/1701/1568
f 1313/1701/1568 1307/1696/1563 1306/1697/1564 1312/1702/1569
f 1312/1702/1569 1306/1697/1564 1305/1698/1565 1311/1703/1570
f 1311/1703/1570 1305/1698/1565 1303/1403/1270 1309/1404/1271
f 1316/1704/1571 1310/1699/1566 1314/1700/1567 1320/1705/1572
f 1320/1705/1572 1314/1700/1567 1313/1701/1568 1319/1706/1573
f 1319/1706/1573 1313/1701/1568 1312/1702/1569 1318/1707/1574
f 1318/1707/1574 1312/1702/1569 1311/1703/1570 1317/1708/1575
f 1317/1708/1575 1311/1703/1570 1309/1404/1271 1315/1405/1272
f 1322/1709/1576 1316/1704/1571 1320/1705/1572 1326/1710/1577
f 1326/1710/1577 1320/1705/1572 1319/1706/1573 1325/1711/1578
f 1325/1711/1578 1319/1706/1573 1318/1707/1574 1324/1712/1579
f 1324/1712/1579 1318/1707/1574 1317/1708/1575 1323/1713/1580
f 1323/1713/1580 1317/1708/1575 1315/1405/1272 1321/1406/1273
f 1328/1714/1581 1322/1709/1576 1326/1710/1577 1332/1715/1582
f 1332/1715/1582 1326/1710/1577 1325/1711/1578 1331/1716/1583
f 1331/1716/1583 1325/1711/1578 1324/1712/1579 1330/1717/1584
f 1330/1717/1584 1324/1712/1579 1323/1713/1580 1329/1718/1585
f 1329/1718/1585 1323/1713/1580 1321/1406/1273 1327/1407/1274
f 1334/1719/1586 1328/1714/1581 1332/1715/1582 1338/1720/1587
f 1338/1720/1587 1332/1715/1582 1331/1716/1583 1337/1721/1588
f 1337/1721/1588 1331/1716/1583 1330/1717/1584 1336/1722/1589
f 1336/1722/1589 1330/1717/1584 1329/1718/1585 1335/1723/1590
f 1335/1723/1590 1329/1718/1585 1327/1407/1274 1333/1408/1275
f 1340/1724/1591 1334/1719/1586 1338/1720/1587 1344/1725/1592
f 1344/1725/1592 1338/1720/1587 1337/1721/1588 1343/1726/1593
f 1343/1726/1593 1337/1721/1588 1336/1722/1589 1342/1727/1594
f 1342/1727/1594 1336/1722/1589 1335/1723/1590 1341/1728/1595
f 1341/1728/1595 1335/1723/1590 1333/1408/1275 1339/1348/1215
f 967/1410/1277 1340/1724/1591 1344/1725/1592 969/1411/1278
f 969/1411/1278 1344/1725/1592 1343/1726/1593 970/1413/1280
f 970/1413/1280 1343/1726/1593 1342/1727/1594 971/1415/1282
f 971/1415/1282 1342/1727/1594 1341/1728/1595 972/1417/1284
f 972/1417/1284 1341/1728/1595 1339/1348/1215 968/1347/1214
f 961/726/691 968/1347/1214 898/739/704 897/727/692
f 980/1424/1291 986/1429/1296 1322/1709/1576
f 1190/1599/1466 1196/1604/1471 1118/1539/1406
f 1208/1614/1481 1214/1619/1486 1100/1524/1391
f 1010/1449/1316 1016/1454/1321 1298/1689/1556
f 1214/1619/1486 1220/1624/1491 1094/1519/1386
f 1016/1454/1321 1022/1459/1326 1292/1684/1551
f 967/1410/1277 962/1409/1276 980/1424/1291
f 1196/1604/1471 1202/1609/1476 1112/1534/1401
f 1202/1609/1476 1208/1614/1481 1106/1529/1396
f 1040/1474/1341 1046/1479/1346 1268/1664/1531
f 1256/1654/1521 1262/1659/1526 1052/1484/1351
f 1058/1489/1356 1256/1654/1521 1052/1484/1351
f 1148/1564/1431 1154/1569/1436 1160/1574/1441
f 1136/1554/1421 1178/1589/1456 1130/1549/1416
f 1082/1509/1376 1088/1514/1381 1226/1629/1496
f 1172/1584/1451 1178/1589/1456 1136/1554/1421
f 1220/1624/1491 1226/1629/1496 1088/1514/1381
f 1250/1649/1516 1064/1494/1361 1244/1644/1511
f 1148/1564/1431 1160/1574/1441 1166/1579/1446
f 1172/1584/1451 1142/1559/1426 1166/1579/1446
f 1064/1494/1361 1070/1499/1366 1244/1644/1511
f 1268/1664/1531 1046/1479/1346 1262/1659/1526
f 1118/1539/1406 1196/1604/1471 1112/1534/1401
f 1064/1494/1361 1250/1649/1516 1058/1489/1356
f 1124/1544/1411 1190/1599/1466 1118/1539/1406
f 1022/1459/1326 1028/1464/1331 1286/1679/1546
f 1238/1639/1506 1244/1644/1511 1070/1499/1366
f 1112/1534/1401 1202/1609/1476 1106/1529/1396
f 1094/1519/1386 1220/1624/1491 1088/1514/1381
f 1274/1669/1536 1040/1474/1341 1268/1664/1531
f 1004/1444/1311 1010/1449/1316 1304/1694/1561
f 1280/1674/1541 1034/1469/1336 1274/1669/1536
f 962/1409/1276 974/1419/1286 980/1424/1291
f 1286/1679/1546 1028/1464/1331 1280/1674/1541
f 1100/1524/1391 1214/1619/1486 1094/1519/1386
f 1292/1684/1551 1022/1459/1326 1286/1679/1546
f 1106/1529/1396 1208/1614/1481 1100/1524/1391
f 1298/1689/1556 1016/1454/1321 1292/1684/1551
f 1076/1504/1371 1238/1639/1506 1070/1499/1366
f 1304/1694/1561 1010/1449/1316 1298/1689/1556
f 1232/1634/1501 1082/1509/1376 1226/1629/1496
f 1310/1699/1566 998/1439/1306 1304/1694/1561
f 1142/1559/1426 1172/1584/1451 1136/1554/1421
f 1316/1704/1571 992/1434/1301 1310/1699/1566
f 1130/1549/1416 1184/1594/1461 1124/1544/1411
f 1322/1709/1576 986/1429/1296 1316/1704/1571
f 1028/1464/1331 1034/1469/1336 1280/1674/1541
f 1328/1714/1581 980/1424/1291 1322/1709/1576
f 1046/1479/1346 1052/1484/1351 1262/1659/1526
f 986/1429/1296 992/1434/1301 1316/1704/1571
f 1250/1649/1516 1256/1654/1521 1058/1489/1356
f 1142/1559/1426 1148/1564/1431 1166/1579/1446
f 1232/1634/1501 1238/1639/1506 1076/1504/1371
f 1328/1714/1581 967/1410/1277 980/1424/1291
f 1184/1594/1461 1190/1599/1466 1124/1544/1411
f 967/1410/1277 1328/1714/1581 1340/1724/1591
f 1034/1469/1336 1040/1474/1341 1274/1669/1536
f 992/1434/1301 998/1439/1306 1310/1699/1566
f 998/1439/1306 1004/1444/1311 1304/1694/1561
f 1178/1589/1456 1184/1594/1461 1130/1549/1416
f 1328/1714/1581 1334/1719/1586 1340/1724/1591
f 1082/1509/1376 1232/1634/1501 1076/1504/1371
f 3536/1729/1596 3533/1730/1597 25/575/548 30/568/541
f 3527/1731/1598 3521/1732/1599 5/594/567 15/587/560
f 3695/1733/1600 3692/1734/1601 290/196/177 295/189/170
f 3617/1735/1602 3614/1736/1603 160/382/359 165/375/352
f 3539/1737/1604 3536/1729/1596 30/568/541 35/561/534
f 3698/1738/1605 3695/1733/1600 295/189/170 300/182/163
f 3620/1739/1606 3617/1735/1602 165/375/352 170/368/345
f 3542/1740/1607 3539/1737/1604 35/561/534 40/552/527
f 3701/1741/1608 3698/1738/1605 300/182/163 305/175/156
f 3623/1742/1609 3620/1739/1606 170/368/345 175/361/338
f 3545/1743/1610 3542/1740/1607 40/552/527 45/545/520
f 3704/1744/1611 3701/1741/1608 305/175/156 310/168/149
f 3626/1745/1612 3623/1742/1609 175/361/338 180/352/331
f 3548/1746/1613 3545/1743/1610 45/545/520 50/538/513
f 3707/1747/1614 3704/1744/1611 310/168/149 315/159/140
f 3629/1748/1615 3626/1745/1612 180/352/331 185/345/324
f 3551/1749/1616 3548/1746/1613 50/538/513 55/531/506
f 3710/1750/1617 3707/1747/1614 315/159/140 320/150/131
f 3632/1751/1618 3629/1748/1615 185/345/324 190/338/317
f 3554/1752/1619 3551/1749/1616 55/531/506 60/524/499
f 3635/1753/1620 3632/1751/1618 190/338/317 195/331/310
f 3557/1754/1621 3554/1752/1619 60/524/499 65/517/492
f 3530/1755/1622 3527/1731/1598 15/587/560 20/582/555
f 3638/1756/1623 3635/1753/1620 195/331/310 200/324/303
f 3560/1757/1624 3557/1754/1621 65/517/492 70/510/485
f 3641/1758/1625 3638/1756/1623 200/324/303 205/317/296
f 3563/1759/1626 3560/1757/1624 70/510/485 75/503/478
f 3644/1760/1627 3641/1758/1625 205/317/296 210/310/289
f 3566/1761/1628 3563/1759/1626 75/503/478 80/496/471
f 3647/1762/1629 3644/1760/1627 210/310/289 215/303/282
f 3569/1763/1630 3566/1761/1628 80/496/471 85/489/464
f 3650/1764/1631 3647/1762/1629 215/303/282 220/296/275
f 3572/1765/1632 3569/1763/1630 85/489/464 90/482/457
f 3653/1766/1633 3650/1764/1631 220/296/275 225/289/268
f 3575/1767/1634 3572/1765/1632 90/482/457 95/475/450
f 3656/1768/1635 3653/1766/1633 225/289/268 230/282/261
f 3578/1769/1636 3575/1767/1634 95/475/450 100/468/443
f 3659/1770/1637 3656/1768/1635 230/282/261 235/275/254
f 3581/1771/1638 3578/1769/1636 100/468/443 105/461/436
f 3662/1772/1639 3659/1770/1637 235/275/254 240/268/247
f 3584/1773/1640 3581/1771/1638 105/461/436 110/454/429
f 3665/1774/1641 3662/1772/1639 240/268/247 245/261/240
f 3587/1775/1642 3584/1773/1640 110/454/429 115/445/422
f 3668/1776/1643 3665/1774/1641 245/261/240 250/254/233
f 3590/1777/1644 3587/1775/1642 115/445/422 120/438/415
f 3671/1778/1645 3668/1776/1643 250/254/233 255/247/226
f 3593/1779/1646 3590/1777/1644 120/438/415 125/431/408
f 3674/1780/1647 3671/1778/1645 255/247/226 260/240/219
f 3596/1781/1648 3593/1779/1646 125/431/408 130/424/401
f 3677/1782/1649 3674/1780/1647 260/240/219 265/233/212
f 3599/1783/1650 3596/1781/1648 130/424/401 135/417/394
f 3680/1784/1651 3677/1782/1649 265/233/212 270/226/205
f 3602/1785/1652 3599/1783/1650 135/417/394 140/410/387
f 3683/1786/1653 3680/1784/1651 270/226/205 275/219/198
f 3605/1787/1654 3602/1785/1652 140/410/387 145/403/380
f 3686/1788/1655 3683/1786/1653 275/219/198 280/212/191
f 3608/1789/1656 3605/1787/1654 145/403/380 150/396/373
f 3525/1790/1657 3710/1750/1617 320/150/131 6/149/130
f 3689/1791/1658 3686/1788/1655 280/212/191 285/203/184
f 3611/1792/1659 3608/1789/1656 150/396/373 155/389/366
f 3533/1730/1597 3530/1755/1622 20/582/555 25/575/548
f 3692/1734/1601 3689/1791/1658 285/203/184 290/196/177
f 3614/1736/1603 3611/1792/1659 155/389/366 160/382/359
f 3521/1732/1599 3525/1790/1657 6/149/130 5/594/567
f 1763/1793/1660 1809/1794/1661 1813/1795/1662 1758/1796/1663
f 1418/142/123 2946/141/122 3071/1797/1664 1724/1798/1665
f 1424/1799/1666 2951/1800/1667 2949/1801/1668 1419/1802/1669
f 1429/1803/1670 2953/1804/1671 2951/1800/1667 1424/1799/1666
f 1434/1805/1672 2955/1806/1673 2953/1804/1671 1429/1803/1670
f 1439/1807/1674 2957/1808/1675 2955/1806/1673 1434/1805/1672
f 1444/1809/1676 2959/1810/1677 2957/1808/1675 1439/1807/1674
f 1449/1811/1678 2961/1812/1679 2959/1810/1677 1444/1809/1676
f 1454/1813/1680 2963/1814/1681 2961/1812/1679 1449/1811/1678
f 1459/1815/1682 2965/1816/1683 2963/1814/1681 1454/1813/1680
f 1464/1817/1684 2967/1818/1685 2965/1816/1683 1459/1815/1682
f 1469/1819/1686 2969/1820/1687 2967/1818/1685 1464/1817/1684
f 1474/1821/1688 2971/1822/1689 2969/1820/1687 1469/1819/1686
f 1479/1823/1690 2973/1824/1691 2971/1822/1689 1474/1821/1688
f 1484/1825/1692 2975/1826/1693 2973/1824/1691 1479/1823/1690
f 1489/1827/1694 2977/1828/1695 2975/1826/1693 1484/1825/1692
f 1494/1829/1696 2979/1830/1697 2977/1828/1695 1489/1827/1694
f 1499/1831/1698 2981/1832/1699 2979/1830/1697 1494/1829/1696
f 1504/1833/1700 2983/1834/1701 2981/1832/1699 1499/1831/1698
f 1509/1835/1702 2985/1836/1703 2983/1834/1701 1504/1833/1700
f 1514/1837/1704 2987/1838/1705 2985/1836/1703 1509/1835/1702
f 1519/1839/1706 2989/1840/1707 2987/1838/1705 1514/1837/1704
f 1524/1841/1708 2991/1842/1709 2989/1840/1707 1519/1839/1706
f 1529/1843/1710 2993/1844/1711 2991/1842/1709 1524/1841/1708
f 1534/1845/1712 2995/1846/1713 2993/1844/1711 1529/1843/1710
f 1539/1847/1714 2997/1848/1715 2995/1846/1713 1534/1845/1712
f 1544/1849/1716 2999/1850/1717 2997/1848/1715 1539/1847/1714
f 1549/1851/1718 3001/1852/1719 2999/1850/1717 1544/1849/1716
f 1554/1853/1720 3003/1854/1721 3001/1852/1719 1549/1851/1718
f 1559/1855/1722 3005/1856/1723 3003/1854/1721 1554/1853/1720
f 1564/1857/1724 3007/1858/1725 3005/1856/1723 1559/1855/1722
f 1569/1859/1726 3009/1860/1727 3007/1858/1725 1564/1857/1724
f 1574/1861/1728 3011/1862/1729 3009/1860/1727 1569/1859/1726
f 1579/1863/1730 3013/1864/1731 3011/1862/1729 1574/1861/1728
f 1584/1865/1732 3015/1866/1733 3013/1864/1731 1579/1863/1730
f 1589/1867/1734 3017/1868/1735 3015/1866/1733 1584/1865/1732
f 1594/1869/1736 3019/1870/1737 3017/1868/1735 1589/1867/1734
f 1599/1871/1738 3021/1872/1739 3019/1870/1737 1594/1869/1736
f 1604/1873/1740 3023/1874/1741 3021/1872/1739 1599/1871/1738
f 1609/1875/1742 3025/1876/1743 3023/1874/1741 1604/1873/1740
f 1614/1877/1744 3027/1878/1745 3025/1876/1743 1609/1875/1742
f 1619/1879/1746 3029/1880/1747 3027/1878/1745 1614/1877/1744
f 1624/1881/1748 3031/1882/1749 3029/1880/1747 1619/1879/1746
f 1629/1883/1750 3033/1884/1751 3031/1882/1749 1624/1881/1748
f 1634/1885/1752 3035/1886/1753 3033/1884/1751 1629/1883/1750
f 1639/1887/1754 3037/1888/1755 3035/1886/1753 1634/1885/1752
f 1644/1889/1756 3039/1890/1757 3037/1888/1755 1639/1887/1754
f 1649/1891/1758 3041/1892/1759 3039/1890/1757 1644/1889/1756
f 1654/1893/1760 3043/1894/1761 3041/1892/1759 1649/1891/1758
f 1659/1895/1762 3045/1896/1763 3043/1894/1761 1654/1893/1760
f 1664/1897/1764 3047/1898/1765 3045/1896/1763 1659/1895/1762
f 1669/1899/1766 3049/1900/1767 3047/1898/1765 1664/1897/1764
f 1674/1901/1768 3051/1902/1769 3049/1900/1767 1669/1899/1766
f 1679/1903/1770 3053/1904/1771 3051/1902/1769 1674/1901/1768
f 1684/1905/1772 3055/1906/1773 3053/1904/1771 1679/1903/1770
f 1689/1907/1774 3057/1908/1775 3055/1906/1773 1684/1905/1772
f 1694/1909/1776 3059/1910/1777 3057/1908/1775 1689/1907/1774
f 1699/1911/1778 3061/1912/1779 3059/1910/1777 1694/1909/1776
f 1704/1913/1780 3063/1914/1781 3061/1912/1779 1699/1911/1778
f 1709/1915/1782 3065/1916/1783 3063/1914/1781 1704/1913/1780
f 1714/1917/1784 3067/1918/1785 3065/1916/1783 1709/1915/1782
f 1719/1919/1786 3069/1920/1787 3067/1918/1785 1714/1917/1784
f 1724/1798/1665 3071/1797/1664 3069/1920/1787 1719/1919/1786
f 1419/1802/1669 2949/1801/1668 2947/140/121 1409/139/120
f 3719/1921/1788 2764/1922/1789 2763/1923/1790 3722/1924/1791
f 1414/1925/1792 1415/1926/1793 1727/1927/1794 1728/1928/1795
f 1415/1926/1793 1416/1929/1796 1726/1930/1797 1727/1927/1794
f 1416/1929/1796 1417/1931/1798 1725/1932/1799 1726/1930/1797
f 1417/1931/1798 1418/142/123 1724/1798/1665 1725/1932/1799
f 1728/1928/1795 1727/1927/1794 1722/1933/1800 1723/1934/1801
f 1727/1927/1794 1726/1930/1797 1721/1935/1802 1722/1933/1800
f 1726/1930/1797 1725/1932/1799 1720/1936/1803 1721/1935/1802
f 1725/1932/1799 1724/1798/1665 1719/1919/1786 1720/1936/1803
f 3899/1937/1804 2816/1938/1805 2778/1939/1806 3902/1940/1807
f 1723/1934/1801 1722/1933/1800 1717/1941/1808 1718/1942/1809
f 1722/1933/1800 1721/1935/1802 1716/1943/1810 1717/1941/1808
f 1721/1935/1802 1720/1936/1803 1715/1944/1811 1716/1943/1810
f 1720/1936/1803 1719/1919/1786 1714/1917/1784 1715/1944/1811
f 3896/1945/1812 2815/1946/1813 2816/1938/1805 3899/1937/1804
f 1718/1942/1809 1717/1941/1808 1712/1947/1814 1713/1948/1815
f 1717/1941/1808 1716/1943/1810 1711/1949/1816 1712/1947/1814
f 1716/1943/1810 1715/1944/1811 1710/1950/1817 1711/1949/1816
f 1715/1944/1811 1714/1917/1784 1709/1915/1782 1710/1950/1817
f 3893/1951/1818 2814/1952/1819 2815/1946/1813 3896/1945/1812
f 1713/1948/1815 1712/1947/1814 1707/1953/1820 1708/1954/1821
f 1712/1947/1814 1711/1949/1816 1706/1955/1822 1707/1953/1820
f 1711/1949/1816 1710/1950/1817 1705/1956/1823 1706/1955/1822
f 1710/1950/1817 1709/1915/1782 1704/1913/1780 1705/1956/1823
f 3890/1957/1824 2813/1958/1825 2814/1952/1819 3893/1951/1818
f 1708/1954/1821 1707/1953/1820 1702/1959/1826 1703/1960/1827
f 1707/1953/1820 1706/1955/1822 1701/1961/1828 1702/1959/1826
f 1706/1955/1822 1705/1956/1823 1700/1962/1829 1701/1961/1828
f 1705/1956/1823 1704/1913/1780 1699/1911/1778 1700/1962/1829
f 3887/1963/1830 2812/1964/1831 2813/1958/1825 3890/1957/1824
f 1703/1960/1827 1702/1959/1826 1697/1965/1832 1698/1966/1833
f 1702/1959/1826 1701/1961/1828 1696/1967/1834 1697/1965/1832
f 1701/1961/1828 1700/1962/1829 1695/1968/1835 1696/1967/1834
f 1700/1962/1829 1699/1911/1778 1694/1909/1776 1695/1968/1835
f 3884/1969/1836 2811/1970/1837 2812/1964/1831 3887/1963/1830
f 1698/1966/1833 1697/1965/1832 1692/1971/1838 1693/1972/1839
f 1697/1965/1832 1696/1967/1834 1691/1973/1840 1692/1971/1838
f 1696/1967/1834 1695/1968/1835 1690/1974/1841 1691/1973/1840
f 1695/1968/1835 1694/1909/1776 1689/1907/1774 1690/1974/1841
f 3881/1975/1842 2810/1976/1843 2811/1970/1837 3884/1969/1836
f 1693/1972/1839 1692/1971/1838 1687/1977/1844 1688/1978/1845
f 1692/1971/1838 1691/1973/1840 1686/1979/1846 1687/1977/1844
f 1691/1973/1840 1690/1974/1841 1685/1980/1847 1686/1979/1846
f 1690/1974/1841 1689/1907/1774 1684/1905/1772 1685/1980/1847
f 3878/1981/1848 2809/1982/1849 2810/1976/1843 3881/1975/1842
f 1688/1978/1845 1687/1977/1844 1682/1983/1850 1683/1984/1851
f 1687/1977/1844 1686/1979/1846 1681/1985/1852 1682/1983/1850
f 1686/1979/1846 1685/1980/1847 1680/1986/1853 1681/1985/1852
f 1685/1980/1847 1684/1905/1772 1679/1903/1770 1680/1986/1853
f 3875/1987/1854 2808/1988/1855 2809/1989/1849 3878/1990/1848
f 1683/1984/1851 1682/1983/1850 1677/1991/1856 1678/1992/1857
f 1682/1983/1850 1681/1985/1852 1676/1993/1858 1677/1991/1856
f 1681/1985/1852 1680/1986/1853 1675/1994/1859 1676/1993/1858
f 1680/1986/1853 1679/1903/1770 1674/1901/1768 1675/1994/1859
f 3872/1995/1860 2807/1996/1861 2808/1988/1855 3875/1987/1854
f 1678/1992/1857 1677/1991/1856 1672/1997/1862 1673/1998/1863
f 1677/1991/1856 1676/1993/1858 1671/1999/1864 1672/1997/1862
f 1676/1993/1858 1675/1994/1859 1670/2000/1865 1671/1999/1864
f 1675/1994/1859 1674/1901/1768 1669/1899/1766 1670/2000/1865
f 3869/2001/1866 2806/2002/1867 2807/1996/1861 3872/1995/1860
f 1673/1998/1863 1672/1997/1862 1667/2003/1868 1668/2004/1869
f 1672/1997/1862 1671/1999/1864 1666/2005/1870 1667/2003/1868
f 1671/1999/1864 1670/2000/1865 1665/2006/1871 1666/2005/1870
f 1670/2000/1865 1669/1899/1766 1664/1897/1764 1665/2006/1871
f 3866/2007/1872 2805/2008/1873 2806/2002/1867 3869/2001/1866
f 1668/2004/1869 1667/2003/1868 1662/2009/1874 1663/2010/1875
f 1667/2003/1868 1666/2005/1870 1661/2011/1876 1662/2009/1874
f 1666/2005/1870 1665/2006/1871 1660/2012/1877 1661/2011/1876
f 1665/2006/1871 1664/1897/1764 1659/1895/1762 1660/2012/1877
f 3863/2013/1878 2804/2014/1879 2805/2008/1873 3866/2007/1872
f 1663/2010/1875 1662/2009/1874 1657/2015/1880 1658/2016/1881
f 1662/2009/1874 1661/2011/1876 1656/2017/1882 1657/2015/1880
f 1661/2011/1876 1660/2012/1877 1655/2018/1883 1656/2017/1882
f 1660/2012/1877 1659/1895/1762 1654/1893/1760 1655/2018/1883
f 3860/2019/1884 2803/2020/1885 2804/2014/1879 3863/2013/1878
f 1658/2016/1881 1657/2015/1880 1652/2021/1886 1653/2022/1887
f 1657/2015/1880 1656/2017/1882 1651/2023/1888 1652/2021/1886
f 1656/2017/1882 1655/2018/1883 1650/2024/1889 1651/2023/1888
f 1655/2018/1883 1654/1893/1760 1649/1891/1758 1650/2024/1889
f 3857/2025/1890 2802/2026/1891 2803/2020/1885 3860/2019/1884
f 1653/2022/1887 1652/2021/1886 1647/2027/1892 1648/2028/1893
f 1652/2021/1886 1651/2023/1888 1646/2029/1894 1647/2027/1892
f 1651/2023/1888 1650/2024/1889 1645/2030/1895 1646/2029/1894
f 1650/2024/1889 1649/1891/1758 1644/1889/1756 1645/2030/1895
f 3854/2031/1896 2801/2032/1897 2802/2026/1891 3857/2025/1890
f 1648/2028/1893 1647/2027/1892 1642/2033/1898 1643/2034/1899
f 1647/2027/1892 1646/2029/1894 1641/2035/1900 1642/2033/1898
f 1646/2029/1894 1645/2030/1895 1640/2036/1901 1641/2035/1900
f 1645/2030/1895 1644/1889/1756 1639/1887/1754 1640/2036/1901
f 3851/2037/1902 2800/2038/1903 2801/2032/1897 3854/2031/1896
f 1643/2034/1899 1642/2033/1898 1637/2039/1904 1638/2040/1905
f 1642/2033/1898 1641/2035/1900 1636/2041/1906 1637/2039/1904
f 1641/2035/1900 1640/2036/1901 1635/2042/1907 1636/2041/1906
f 1640/2036/1901 1639/1887/1754 1634/1885/1752 1635/2042/1907
f 3848/2043/1908 2799/2044/1909 2800/2038/1903 3851/2037/1902
f 1638/2040/1905 1637/2039/1904 1632/2045/1910 1633/2046/1911
f 1637/2039/1904 1636/2041/1906 1631/2047/1912 1632/2045/1910
f 1636/2041/1906 1635/2042/1907 1630/2048/1913 1631/2047/1912
f 1635/2042/1907 1634/1885/1752 1629/1883/1750 1630/2048/1913
f 3845/2049/1914 2798/2050/1915 2799/2044/1909 3848/2043/1908
f 1633/2046/1911 1632/2045/1910 1627/2051/1916 1628/2052/1917
f 1632/2045/1910 1631/2047/1912 1626/2053/1918 1627/2051/1916
f 1631/2047/1912 1630/2048/1913 1625/2054/1919 1626/2053/1918
f 1630/2048/1913 1629/1883/1750 1624/1881/1748 1625/2054/1919
f 3842/2055/1920 2797/2056/1921 2798/2050/1915 3845/2049/1914
f 1628/2052/1917 1627/2051/1916 1622/2057/1922 1623/2058/1923
f 1627/2051/1916 1626/2053/1918 1621/2059/1924 1622/2057/1922
f 1626/2053/1918 1625/2054/1919 1620/2060/1925 1621/2059/1924
f 1625/2054/1919 1624/1881/1748 1619/1879/1746 1620/2060/1925
f 3839/2061/1926 2796/2062/1927 2797/2056/1921 3842/2055/1920
f 1623/2058/1923 1622/2057/1922 1617/2063/1928 1618/2064/1929
f 1622/2057/1922 1621/2059/1924 1616/2065/1930 1617/2063/1928
f 1621/2059/1924 1620/2060/1925 1615/2066/1931 1616/2065/1930
f 1620/2060/1925 1619/1879/1746 1614/1877/1744 1615/2066/1931
f 3836/2067/1932 2795/2068/1933 2796/2062/1927 3839/2061/1926
f 1618/2064/1929 1617/2063/1928 1612/2069/1934 1613/2070/1935
f 1617/2063/1928 1616/2065/1930 1611/2071/1936 1612/2069/1934
f 1616/2065/1930 1615/2066/1931 1610/2072/1937 1611/2071/1936
f 1615/2066/1931 1614/1877/1744 1609/1875/1742 1610/2072/1937
f 3833/2073/1938 2794/2074/1939 2795/2068/1933 3836/2067/1932
f 1613/2070/1935 1612/2069/1934 1607/2075/1940 1608/2076/1941
f 1612/2069/1934 1611/2071/1936 1606/2077/1942 1607/2075/1940
f 1611/2071/1936 1610/2072/1937 1605/2078/1943 1606/2077/1942
f 1610/2072/1937 1609/1875/1742 1604/1873/1740 1605/2078/1943
f 3830/2079/1944 2793/2080/1945 2794/2081/1939 3833/2082/1938
f 1608/2076/1941 1607/2075/1940 1602/2083/1946 1603/2084/1947
f 1607/2075/1940 1606/2077/1942 1601/2085/1948 1602/2083/1946
f 1606/2077/1942 1605/2078/1943 1600/2086/1949 1601/2085/1948
f 1605/2078/1943 1604/1873/1740 1599/1871/1738 1600/2086/1949
f 3827/2087/1950 2792/2088/1951 2793/2080/1945 3830/2079/1944
f 1603/2084/1947 1602/2083/1946 1597/2089/1952 1598/2090/1953
f 1602/2083/1946 1601/2085/1948 1596/2091/1954 1597/2089/1952
f 1601/2085/1948 1600/2086/1949 1595/2092/1955 1596/2091/1954
f 1600/2086/1949 1599/1871/1738 1594/1869/1736 1595/2092/1955
f 3824/2093/1956 2791/2094/1957 2792/2088/1951 3827/2087/1950
f 1598/2090/1953 1597/2089/1952 1592/2095/1958 1593/2096/1959
f 1597/2089/1952 1596/2091/1954 1591/2097/1960 1592/2095/1958
f 1596/2091/1954 1595/2092/1955 1590/2098/1961 1591/2097/1960
f 1595/2092/1955 1594/1869/1736 1589/1867/1734 1590/2098/1961
f 3821/2099/1962 2790/2100/1963 2791/2094/1957 3824/2093/1956
f 1593/2096/1959 1592/2095/1958 1587/2101/1964 1588/2102/1965
f 1592/2095/1958 1591/2097/1960 1586/2103/1966 1587/2101/1964
f 1591/2097/1960 1590/2098/1961 1585/2104/1967 1586/2103/1966
f 1590/2098/1961 1589/1867/1734 1584/1865/1732 1585/2104/1967
f 3818/2105/1968 2789/2106/1969 2790/2100/1963 3821/2099/1962
f 1588/2102/1965 1587/2101/1964 1582/2107/1970 1583/2108/1971
f 1587/2101/1964 1586/2103/1966 1581/2109/1972 1582/2107/1970
f 1586/2103/1966 1585/2104/1967 1580/2110/1973 1581/2109/1972
f 1585/2104/1967 1584/1865/1732 1579/1863/1730 1580/2110/1973
f 3815/2111/1974 2788/2112/1975 2789/2106/1969 3818/2105/1968
f 1583/2108/1971 1582/2107/1970 1577/2113/1976 1578/2114/1977
f 1582/2107/1970 1581/2109/1972 1576/2115/1978 1577/2113/1976
f 1581/2109/1972 1580/2110/1973 1575/2116/1979 1576/2115/1978
f 1580/2110/1973 1579/1863/1730 1574/1861/1728 1575/2116/1979
f 3812/2117/1980 2787/2118/1981 2788/2112/1975 3815/2111/1974
f 1578/2114/1977 1577/2113/1976 1572/2119/1982 1573/2120/1983
f 1577/2113/1976 1576/2115/1978 1571/2121/1984 1572/2119/1982
f 1576/2115/1978 1575/2116/1979 1570/2122/1985 1571/2121/1984
f 1575/2116/1979 1574/1861/1728 1569/1859/1726 1570/2122/1985
f 3809/2123/1986 2786/2124/1987 2787/2118/1981 3812/2117/1980
f 1573/2120/1983 1572/2119/1982 1567/2125/1988 1568/2126/1989
f 1572/2119/1982 1571/2121/1984 1566/2127/1990 1567/2125/1988
f 1571/2121/1984 1570/2122/1985 1565/2128/1991 1566/2127/1990
f 1570/2122/1985 1569/1859/1726 1564/1857/1724 1565/2128/1991
f 3806/2129/1992 2785/2130/1993 2786/2124/1987 3809/2123/1986
f 1568/2126/1989 1567/2125/1988 1562/2131/1994 1563/2132/1995
f 1567/2125/1988 1566/2127/1990 1561/2133/1996 1562/2131/1994
f 1566/2127/1990 1565/2128/1991 1560/2134/1997 1561/2133/1996
f 1565/2128/1991 1564/1857/1724 1559/1855/1722 1560/2134/1997
f 3803/2135/1998 2784/2136/1999 2785/2130/1993 3806/2129/1992
f 1563/2132/1995 1562/2131/1994 1557/2137/2000 1558/2138/2001
f 1562/2131/1994 1561/2133/1996 1556/2139/2002 1557/2137/2000
f 1561/2133/1996 1560/2134/1997 1555/2140/2003 1556/2139/2002
f 1560/2134/1997 1559/1855/1722 1554/1853/1720 1555/2140/2003
f 3800/2141/2004 2783/2142/2005 2784/2136/1999 3803/2135/1998
f 1558/2138/2001 1557/2137/2000 1552/2143/2006 1553/2144/2007
f 1557/2137/2000 1556/2139/2002 1551/2145/2008 1552/2143/2006
f 1556/2139/2002 1555/2140/2003 1550/2146/2009 1551/2145/2008
f 1555/2140/2003 1554/1853/1720 1549/1851/1718 1550/2146/2009
f 3797/2147/2010 2782/2148/2011 2783/2142/2005 3800/2141/2004
f 1553/2144/2007 1552/2143/2006 1547/2149/2012 1548/2150/2013
f 1552/2143/2006 1551/2145/2008 1546/2151/2014 1547/2149/2012
f 1551/2145/2008 1550/2146/2009 1545/2152/2015 1546/2151/2014
f 1550/2146/2009 1549/1851/1718 1544/1849/1716 1545/2152/2015
f 3794/2153/2016 2781/2154/2017 2782/2148/2011 3797/2147/2010
f 1548/2150/2013 1547/2149/2012 1542/2155/2018 1543/2156/2019
f 1547/2149/2012 1546/2151/2014 1541/2157/2020 1542/2155/2018
f 1546/2151/2014 1545/2152/2015 1540/2158/2021 1541/2157/2020
f 1545/2152/2015 1544/1849/1716 1539/1847/1714 1540/2158/2021
f 3791/2159/2022 2780/2160/2023 2781/2154/2017 3794/2153/2016
f 1543/2156/2019 1542/2155/2018 1537/2161/2024 1538/2162/2025
f 1542/2155/2018 1541/2157/2020 1536/2163/2026 1537/2161/2024
f 1541/2157/2020 1540/2158/2021 1535/2164/2027 1536/2163/2026
f 1540/2158/2021 1539/1847/1714 1534/1845/1712 1535/2164/2027
f 3788/2165/2028 2779/2166/2029 2780/2160/2023 3791/2159/2022
f 1538/2162/2025 1537/2161/2024 1532/2167/2030 1533/2168/2031
f 1537/2161/2024 1536/2163/2026 1531/2169/2032 1532/2167/2030
f 1536/2163/2026 1535/2164/2027 1530/2170/2033 1531/2169/2032
f 1535/2164/2027 1534/1845/1712 1529/1843/1710 1530/2170/2033
f 3785/2171/2034 2776/2172/2035 2779/2173/2029 3788/2174/2028
f 1533/2168/2031 1532/2167/2030 1527/2175/2036 1528/2176/2037
f 1532/2167/2030 1531/2169/2032 1526/2177/2038 1527/2175/2036
f 1531/2169/2032 1530/2170/2033 1525/2178/2039 1526/2177/2038
f 1530/2170/2033 1529/1843/1710 1524/1841/1708 1525/2178/2039
f 3782/2179/2040 2753/2180/2041 2776/2172/2035 3785/2171/2034
f 1528/2176/2037 1527/2175/2036 1522/2181/2042 1523/2182/2043
f 1527/2175/2036 1526/2177/2038 1521/2183/2044 1522/2181/2042
f 1526/2177/2038 1525/2178/2039 1520/2184/2045 1521/2183/2044
f 1525/2178/2039 1524/1841/1708 1519/1839/1706 1520/2184/2045
f 3779/2185/2046 2766/2186/2047 2753/2180/2041 3782/2179/2040
f 1523/2182/2043 1522/2181/2042 1517/2187/2048 1518/2188/2049
f 1522/2181/2042 1521/2183/2044 1516/2189/2050 1517/2187/2048
f 1521/2183/2044 1520/2184/2045 1515/2190/2051 1516/2189/2050
f 1520/2184/2045 1519/1839/1706 1514/1837/1704 1515/2190/2051
f 3776/2191/2052 2754/2192/2053 2766/2186/2047 3779/2185/2046
f 1518/2188/2049 1517/2187/2048 1512/2193/2054 1513/2194/2055
f 1517/2187/2048 1516/2189/2050 1511/2195/2056 1512/2193/2054
f 1516/2189/2050 1515/2190/2051 1510/2196/2057 1511/2195/2056
f 1515/2190/2051 1514/1837/1704 1509/1835/1702 1510/2196/2057
f 3773/2197/2058 2769/2198/2059 2754/2192/2053 3776/2191/2052
f 1513/2194/2055 1512/2193/2054 1507/2199/2060 1508/2200/2061
f 1512/2193/2054 1511/2195/2056 1506/2201/2062 1507/2199/2060
f 1511/2195/2056 1510/2196/2057 1505/2202/2063 1506/2201/2062
f 1510/2196/2057 1509/1835/1702 1504/1833/1700 1505/2202/2063
f 3770/2203/2064 2755/2204/2065 2769/2198/2059 3773/2197/2058
f 1508/2200/2061 1507/2199/2060 1502/2205/2066 1503/2206/2067
f 1507/2199/2060 1506/2201/2062 1501/2207/2068 1502/2205/2066
f 1506/2201/2062 1505/2202/2063 1500/2208/2069 1501/2207/2068
f 1505/2202/2063 1504/1833/1700 1499/1831/1698 1500/2208/2069
f 3767/2209/2070 2771/2210/2071 2755/2204/2065 3770/2203/2064
f 1503/2206/2067 1502/2205/2066 1497/2211/2072 1498/2212/2073
f 1502/2205/2066 1501/2207/2068 1496/2213/2074 1497/2211/2072
f 1501/2207/2068 1500/2208/2069 1495/2214/2075 1496/2213/2074
f 1500/2208/2069 1499/1831/1698 1494/1829/1696 1495/2214/2075
f 3764/2215/2076 2756/2216/2077 2771/2210/2071 3767/2209/2070
f 1498/2212/2073 1497/2211/2072 1492/2217/2078 1493/2218/2079
f 1497/2211/2072 1496/2213/2074 1491/2219/2080 1492/2217/2078
f 1496/2213/2074 1495/2214/2075 1490/2220/2081 1491/2219/2080
f 1495/2214/2075 1494/1829/1696 1489/1827/1694 1490/2220/2081
f 3761/2221/2082 2773/2222/2083 2756/2216/2077 3764/2215/2076
f 1493/2218/2079 1492/2217/2078 1487/2223/2084 1488/2224/2085
f 1492/2217/2078 1491/2219/2080 1486/2225/2086 1487/2223/2084
f 1491/2219/2080 1490/2220/2081 1485/2226/2087 1486/2225/2086
f 1490/2220/2081 1489/1827/1694 1484/1825/1692 1485/2226/2087
f 3758/2227/2088 2757/2228/2089 2773/2222/2083 3761/2221/2082
f 1488/2224/2085 1487/2223/2084 1482/2229/2090 1483/2230/2091
f 1487/2223/2084 1486/2225/2086 1481/2231/2092 1482/2229/2090
f 1486/2225/2086 1485/2226/2087 1480/2232/2093 1481/2231/2092
f 1485/2226/2087 1484/1825/1692 1479/1823/1690 1480/2232/2093
f 3755/2233/2094 2775/2234/2095 2757/2228/2089 3758/2227/2088
f 1483/2230/2091 1482/2229/2090 1477/2235/2096 1478/2236/2097
f 1482/2229/2090 1481/2231/2092 1476/2237/2098 1477/2235/2096
f 1481/2231/2092 1480/2232/2093 1475/2238/2099 1476/2237/2098
f 1480/2232/2093 1479/1823/1690 1474/1821/1688 1475/2238/2099
f 3752/2239/2100 2758/2240/2101 2775/2234/2095 3755/2233/2094
f 1478/2236/2097 1477/2235/2096 1472/2241/2102 1473/2242/2103
f 1477/2235/2096 1476/2237/2098 1471/2243/2104 1472/2241/2102
f 1476/2237/2098 1475/2238/2099 1470/2244/2105 1471/2243/2104
f 1475/2238/2099 1474/1821/1688 1469/1819/1686 1470/2244/2105
f 3749/2245/2106 2765/2246/2107 2758/2240/2101 3752/2239/2100
f 1473/2242/2103 1472/2241/2102 1467/2247/2108 1468/2248/2109
f 1472/2241/2102 1471/2243/2104 1466/2249/2110 1467/2247/2108
f 1471/2243/2104 1470/2244/2105 1465/2250/2111 1466/2249/2110
f 1470/2244/2105 1469/1819/1686 1464/1817/1684 1465/2250/2111
f 3746/2251/2112 2759/2252/2113 2765/2246/2107 3749/2245/2106
f 1468/2248/2109 1467/2247/2108 1462/2253/2114 1463/2254/2115
f 1467/2247/2108 1466/2249/2110 1461/2255/2116 1462/2253/2114
f 1466/2249/2110 1465/2250/2111 1460/2256/2117 1461/2255/2116
f 1465/2250/2111 1464/1817/1684 1459/1815/1682 1460/2256/2117
f 3743/2257/2118 2768/2258/2119 2759/2252/2113 3746/2251/2112
f 1463/2254/2115 1462/2253/2114 1457/2259/2120 1458/2260/2121
f 1462/2253/2114 1461/2255/2116 1456/2261/2122 1457/2259/2120
f 1461/2255/2116 1460/2256/2117 1455/2262/2123 1456/2261/2122
f 1460/2256/2117 1459/1815/1682 1454/1813/1680 1455/2262/2123
f 3740/2263/2124 2760/2264/2125 2768/2258/2119 3743/2257/2118
f 1458/2260/2121 1457/2259/2120 1452/2265/2126 1453/2266/2127
f 1457/2259/2120 1456/2261/2122 1451/2267/2128 1452/2265/2126
f 1456/2261/2122 1455/2262/2123 1450/2268/2129 1451/2267/2128
f 1455/2262/2123 1454/1813/1680 1449/1811/1678 1450/2268/2129
f 3737/2269/2130 2770/2270/2131 2760/2264/2125 3740/2263/2124
f 1453/2266/2127 1452/2265/2126 1447/2271/2132 1448/2272/2133
f 1452/2265/2126 1451/2267/2128 1446/2273/2134 1447/2271/2132
f 1451/2267/2128 1450/2268/2129 1445/2274/2135 1446/2273/2134
f 1450/2268/2129 1449/1811/1678 1444/1809/1676 1445/2274/2135
f 3734/2275/2136 2761/2276/2137 2770/2270/2131 3737/2269/2130
f 1448/2272/2133 1447/2271/2132 1442/2277/2138 1443/2278/2139
f 1447/2271/2132 1446/2273/2134 1441/2279/2140 1442/2277/2138
f 1446/2273/2134 1445/2274/2135 1440/2280/2141 1441/2279/2140
f 1445/2274/2135 1444/1809/1676 1439/1807/1674 1440/2280/2141
f 3731/2281/2142 2772/2282/2143 2761/2276/2137 3734/2275/2136
f 1443/2278/2139 1442/2277/2138 1437/2283/2144 1438/2284/2145
f 1442/2277/2138 1441/2279/2140 1436/2285/2146 1437/2283/2144
f 1441/2279/2140 1440/2280/2141 1435/2286/2147 1436/2285/2146
f 1440/2280/2141 1439/1807/1674 1434/1805/1672 1435/2286/2147
f 3728/2287/2148 2762/2288/2149 2772/2282/2143 3731/2281/2142
f 1438/2284/2145 1437/2283/2144 1432/2289/2150 1433/2290/2151
f 1437/2283/2144 1436/2285/2146 1431/2291/2152 1432/2289/2150
f 1436/2285/2146 1435/2286/2147 1430/2292/2153 1431/2291/2152
f 1435/2286/2147 1434/1805/1672 1429/1803/1670 1430/2292/2153
f 3725/2293/2154 2774/2294/2155 2762/2288/2149 3728/2287/2148
f 1433/2290/2151 1432/2289/2150 1427/2295/2156 1428/2296/2157
f 1432/2289/2150 1431/2291/2152 1426/2297/2158 1427/2295/2156
f 1431/2291/2152 1430/2292/2153 1425/2298/2159 1426/2297/2158
f 1430/2292/2153 1429/1803/1670 1424/1799/1666 1425/2298/2159
f 3722/1924/1791 2763/1923/1790 2774/2299/2155 3725/2300/2154
f 1428/2296/2157 1427/2295/2156 1422/2301/2160 1423/2302/2161
f 1427/2295/2156 1426/2297/2158 1421/2303/2162 1422/2301/2160
f 1426/2297/2158 1425/2298/2159 1420/2304/2163 1421/2303/2162
f 1425/2298/2159 1424/1799/1666 1419/1802/1669 1420/2304/2163
f 3714/2305/2164 1413/2306/2165 1414/1925/1792 3716/2307/2166
f 1423/2302/2161 1422/2301/2160 1412/2308/2167 1413/2306/2165
f 1422/2301/2160 1421/2303/2162 1411/2309/2168 1412/2308/2167
f 1421/2303/2162 1420/2304/2163 1410/2310/2169 1411/2309/2168
f 1420/2304/2163 1419/1802/1669 1409/139/120 1410/2310/2169
f 3713/2311/2170 2767/2312/2171 2764/1922/1789 3719/1921/1788
f 1413/2306/2165 1412/2308/2167 1415/1926/1793 1414/1925/1792
f 1412/2308/2167 1411/2309/2168 1416/1929/1796 1415/1926/1793
f 1411/2309/2168 1410/2310/2169 1417/1931/1798 1416/1929/1796
f 1410/2310/2169 1409/139/120 1418/142/123 1417/1931/1798
f 1783/2313/2172 1793/2314/2173 1801/2315/2174 1778/2316/2175
f 2279/2317/2176 2021/2318/2177 2025/2319/2178 2284/2320/2179
f 2149/2321/2180 1917/2322/2181 1921/2323/2182 2154/2324/2183
f 1758/1796/1663 1813/1795/1662 1817/2325/2184 1753/2326/2185
f 2284/2320/2179 2025/2319/2178 2029/2327/2186 2289/2328/2187
f 2154/2324/2183 1921/2323/2182 1925/2329/2188 2159/2330/2189
f 1753/2326/2185 1817/2325/2184 1821/2331/2190 1748/2332/2191
f 2289/2328/2187 2029/2327/2186 2033/2333/2192 2294/2334/2193
f 2159/2330/2189 1925/2329/2188 1929/2335/2194 2164/2336/2195
f 1748/2332/2191 1821/2331/2190 1825/2337/2196 1743/2338/2197
f 2294/2334/2193 2033/2333/2192 2037/2339/2198 2299/2340/2199
f 2164/2336/2195 1929/2335/2194 1933/2341/2200 2169/2342/2201
f 1743/2338/2197 1825/2337/2196 1829/2343/2202 1738/2344/2203
f 2299/2340/2199 2037/2339/2198 2041/2345/2204 2304/2346/2205
f 2169/2342/2201 1933/2341/2200 1937/2347/2206 2174/2348/2207
f 1738/2344/2203 1829/2343/2202 1833/2349/2208 1733/2350/2209
f 2304/2346/2205 2041/2345/2204 2045/2351/2210 1777/2352/2211
f 2174/2348/2207 1937/2347/2206 1941/2353/2212 2179/2354/2213
f 1733/2350/2209 1833/2349/2208 1837/2355/2214 2049/2356/2215
f 2777/2357/2216 1788/2358/2217 1787/2359/2218 2767/2312/2171
f 2179/2354/2213 1941/2353/2212 1945/2360/2219 2184/2361/2220
f 2049/2356/2215 1837/2355/2214 1841/2362/2221 2054/2363/2222
f 1778/2316/2175 1801/2315/2174 1805/2364/2223 1768/2365/2224
f 2184/2366/2220 1945/2367/2219 1949/2368/2225 2189/2369/2226
f 2054/2363/2222 1841/2362/2221 1845/2370/2227 2059/2371/2228
f 2189/2369/2226 1949/2368/2225 1953/2372/2229 2194/2373/2230
f 2059/2371/2228 1845/2370/2227 1849/2374/2231 2064/2375/2232
f 2194/2373/2230 1953/2372/2229 1957/2376/2233 2199/2377/2234
f 2064/2375/2232 1849/2374/2231 1853/2378/2235 2069/2379/2236
f 2199/2377/2234 1957/2376/2233 1961/2380/2237 2204/2381/2238
f 2069/2379/2236 1853/2378/2235 1857/2382/2239 2074/2383/2240
f 2204/2381/2238 1961/2380/2237 1965/2384/2241 2209/2385/2242
f 2074/2383/2240 1857/2382/2239 1861/2386/2243 2079/2387/2244
f 2209/2385/2242 1965/2384/2241 1969/2388/2245 2214/2389/2246
f 2079/2387/2244 1861/2386/2243 1865/2390/2247 2084/2391/2248
f 2214/2389/2246 1969/2388/2245 1973/2392/2249 2219/2393/2250
f 2084/2391/2248 1865/2390/2247 1869/2394/2251 2089/2395/2252
f 2219/2393/2250 1973/2392/2249 1977/2396/2253 2224/2397/2254
f 2089/2395/2252 1869/2394/2251 1873/2398/2255 2094/2399/2256
f 2224/2397/2254 1977/2396/2253 1981/2400/2257 2229/2401/2258
f 2094/2399/2256 1873/2398/2255 1877/2402/2259 2099/2403/2260
f 2229/2401/2258 1981/2400/2257 1985/2404/2261 2234/2405/2262
f 2099/2403/2260 1877/2402/2259 1881/2406/2263 2104/2407/2264
f 2234/2405/2262 1985/2404/2261 1989/2408/2265 2239/2409/2266
f 2104/2407/2264 1881/2406/2263 1885/2410/2267 2109/2411/2268
f 2239/2409/2266 1989/2408/2265 1993/2412/2269 2244/2413/2270
f 2109/2411/2268 1885/2410/2267 1889/2414/2271 2114/2415/2272
f 2244/2413/2270 1993/2412/2269 1997/2416/2273 2249/2417/2274
f 2114/2415/2272 1889/2414/2271 1893/2418/2275 2119/2419/2276
f 2249/2417/2274 1997/2416/2273 2001/2420/2277 2254/2421/2278
f 2119/2419/2276 1893/2418/2275 1897/2422/2279 2124/2423/2280
f 2254/2421/2278 2001/2420/2277 2005/2424/2281 2259/2425/2282
f 2124/2426/2280 1897/2427/2279 1901/2428/2283 2129/2429/2284
f 2259/2425/2282 2005/2424/2281 2009/2430/2285 2264/2431/2286
f 2129/2429/2284 1901/2428/2283 1905/2432/2287 2134/2433/2288
f 2381/2434/2289 2307/2435/2290 2305/2436/2291 2369/2437/2292
f 2264/2431/2286 2009/2430/2285 2013/2438/2293 2269/2439/2294
f 2134/2433/2288 1905/2432/2287 1909/2440/2295 2139/2441/2296
f 1777/2352/2211 2045/2351/2210 1797/2442/2297 1792/2443/2298
f 2269/2439/2294 2013/2438/2293 2017/2444/2299 2274/2445/2300
f 2139/2441/2296 1909/2440/2295 1913/2446/2301 2144/2447/2302
f 1768/2448/2224 1805/2449/2223 1809/1794/1661 1763/1793/1660
f 2274/2445/2300 2017/2444/2299 2021/2450/2177 2279/2451/2176
f 2144/2447/2302 1913/2446/2301 1917/2322/2181 2149/2321/2180
f 2305/2436/2291 1796/2452/2303 1798/2453/2304 2306/2454/2305
f 1796/2452/2303 1795/2455/2306 1799/2456/2307 1798/2453/2304
f 1795/2457/2306 1794/2458/2308 1800/2459/2309 1799/2460/2307
f 1794/2458/2308 1793/2314/2173 1797/2442/2297 1800/2459/2309
f 2307/2435/2290 1804/2461/2310 1796/2452/2303 2305/2436/2291
f 1804/2461/2310 1803/2462/2311 1795/2455/2306 1796/2452/2303
f 1803/2463/2311 1802/2464/2312 1794/2458/2308 1795/2457/2306
f 1802/2464/2312 1801/2315/2174 1793/2314/2173 1794/2458/2308
f 2308/2465/2313 1808/2466/2314 1804/2461/2310 2307/2435/2290
f 1808/2466/2314 1807/2467/2315 1803/2462/2311 1804/2461/2310
f 1807/2467/2315 1806/2468/2316 1802/2469/2312 1803/2462/2311
f 1806/2470/2316 1805/2364/2223 1801/2315/2174 1802/2464/2312
f 2309/2471/2317 1812/2472/2318 1808/2466/2314 2308/2465/2313
f 1812/2472/2318 1811/2473/2319 1807/2467/2315 1808/2466/2314
f 1811/2473/2319 1810/2474/2320 1806/2468/2316 1807/2467/2315
f 1810/2475/2320 1809/1794/1661 1805/2449/2223 1806/2476/2316
f 2310/2477/2321 1816/2478/2322 1812/2472/2318 2309/2471/2317
f 1816/2478/2322 1815/2479/2323 1811/2473/2319 1812/2472/2318
f 1815/2479/2323 1814/2480/2324 1810/2474/2320 1811/2473/2319
f 1814/2481/2324 1813/1795/1662 1809/1794/1661 1810/2475/2320
f 2311/2482/2325 1820/2483/2326 1816/2478/2322 2310/2477/2321
f 1820/2483/2326 1819/2484/2327 1815/2479/2323 1816/2478/2322
f 1819/2484/2327 1818/2485/2328 1814/2480/2324 1815/2479/2323
f 1818/2486/2328 1817/2325/2184 1813/1795/1662 1814/2481/2324
f 2312/2487/2329 1824/2488/2330 1820/2483/2326 2311/2482/2325
f 1824/2488/2330 1823/2489/2331 1819/2484/2327 1820/2483/2326
f 1823/2490/2331 1822/2491/2332 1818/2486/2328 1819/2492/2327
f 1822/2491/2332 1821/2331/2190 1817/2325/2184 1818/2486/2328
f 2313/2493/2333 1828/2494/2334 1824/2488/2330 2312/2487/2329
f 1828/2494/2334 1827/2495/2335 1823/2489/2331 1824/2488/2330
f 1827/2496/2335 1826/2497/2336 1822/2491/2332 1823/2490/2331
f 1826/2497/2336 1825/2337/2196 1821/2331/2190 1822/2491/2332
f 2314/2498/2337 1832/2499/2338 1828/2494/2334 2313/2493/2333
f 1832/2499/2338 1831/2500/2339 1827/2495/2335 1828/2494/2334
f 1831/2501/2339 1830/2502/2340 1826/2497/2336 1827/2496/2335
f 1830/2502/2340 1829/2343/2202 1825/2337/2196 1826/2497/2336
f 2315/2503/2341 1836/2504/2342 1832/2499/2338 2314/2498/2337
f 1836/2504/2342 1835/2505/2343 1831/2500/2339 1832/2499/2338
f 1835/2506/2343 1834/2507/2344 1830/2502/2340 1831/2501/2339
f 1834/2507/2344 1833/2349/2208 1829/2343/2202 1830/2502/2340
f 2316/2508/2345 1840/2509/2346 1836/2504/2342 2315/2503/2341
f 1840/2509/2346 1839/2510/2347 1835/2505/2343 1836/2504/2342
f 1839/2511/2347 1838/2512/2348 1834/2507/2344 1835/2506/2343
f 1838/2512/2348 1837/2355/2214 1833/2349/2208 1834/2507/2344
f 2317/2513/2349 1844/2514/2350 1840/2509/2346 2316/2508/2345
f 1844/2514/2350 1843/2515/2351 1839/2510/2347 1840/2509/2346
f 1843/2516/2351 1842/2517/2352 1838/2512/2348 1839/2511/2347
f 1842/2517/2352 1841/2362/2221 1837/2355/2214 1838/2512/2348
f 2318/2518/2353 1848/2519/2354 1844/2514/2350 2317/2513/2349
f 1848/2519/2354 1847/2520/2355 1843/2515/2351 1844/2514/2350
f 1847/2521/2355 1846/2522/2356 1842/2517/2352 1843/2516/2351
f 1846/2522/2356 1845/2370/2227 1841/2362/2221 1842/2517/2352
f 2319/2523/2357 1852/2524/2358 1848/2519/2354 2318/2518/2353
f 1852/2524/2358 1851/2525/2359 1847/2520/2355 1848/2519/2354
f 1851/2526/2359 1850/2527/2360 1846/2522/2356 1847/2521/2355
f 1850/2527/2360 1849/2374/2231 1845/2370/2227 1846/2522/2356
f 2320/2528/2361 1856/2529/2362 1852/2524/2358 2319/2523/2357
f 1856/2529/2363 1855/2530/2364 1851/2525/2359 1852/2524/2358
f 1855/2531/2364 1854/2532/2365 1850/2527/2360 1851/2526/2359
f 1854/2532/2365 1853/2378/2235 1849/2374/2231 1850/2527/2360
f 2321/2533/2366 1860/2534/2367 1856/2529/2362 2320/2528/2361
f 1860/2534/2368 1859/2535/2369 1855/2530/2364 1856/2529/2363
f 1859/2536/2369 1858/2537/2370 1854/2532/2365 1855/2531/2364
f 1858/2537/2370 1857/2382/2239 1853/2378/2235 1854/2532/2365
f 2322/2538/2371 1864/2539/2372 1860/2534/2367 2321/2533/2366
f 1864/2539/2373 1863/2540/2374 1859/2535/2369 1860/2534/2368
f 1863/2540/2374 1862/2541/2375 1858/2542/2370 1859/2535/2369
f 1862/2543/2375 1861/2386/2243 1857/2382/2239 1858/2537/2370
f 2323/2544/2376 1868/2545/2377 1864/2539/2372 2322/2538/2371
f 1868/2545/2377 1867/2546/2378 1863/2540/2374 1864/2539/2373
f 1867/2547/2378 1866/2548/2379 1862/2543/2375 1863/2549/2374
f 1866/2548/2379 1865/2390/2247 1861/2386/2243 1862/2543/2375
f 2324/2550/2380 1872/2551/2381 1868/2545/2377 2323/2544/2376
f 1872/2551/2381 1871/2552/2382 1867/2546/2378 1868/2545/2377
f 1871/2553/2382 1870/2554/2383 1866/2548/2379 1867/2547/2378
f 1870/2554/2383 1869/2394/2251 1865/2390/2247 1866/2548/2379
f 2325/2555/2384 1876/2556/2385 1872/2551/2381 2324/2550/2380
f 1876/2556/2385 1875/2557/2386 1871/2552/2382 1872/2551/2381
f 1875/2558/2386 1874/2559/2387 1870/2554/2383 1871/2553/2382
f 1874/2559/2387 1873/2398/2255 1869/2394/2251 1870/2554/2383
f 2326/2560/2388 1880/2561/2389 1876/2556/2385 2325/2555/2384
f 1880/2561/2389 1879/2562/2390 1875/2557/2386 1876/2556/2385
f 1879/2562/2390 1878/2563/2391 1874/2564/2387 1875/2557/2386
f 1878/2565/2391 1877/2402/2259 1873/2398/2255 1874/2559/2387
f 2327/2566/2392 1884/2567/2393 1880/2561/2389 2326/2560/2388
f 1884/2567/2393 1883/2568/2394 1879/2562/2390 1880/2561/2389
f 1883/2568/2394 1882/2569/2395 1878/2563/2391 1879/2562/2390
f 1882/2570/2395 1881/2406/2263 1877/2402/2259 1878/2565/2391
f 2328/2571/2396 1888/2572/2397 1884/2567/2393 2327/2566/2392
f 1888/2572/2397 1887/2573/2398 1883/2568/2394 1884/2567/2393
f 1887/2573/2398 1886/2574/2399 1882/2569/2395 1883/2568/2394
f 1886/2575/2399 1885/2410/2267 1881/2406/2263 1882/2570/2395
f 2329/2576/2400 1892/2577/2401 1888/2572/2397 2328/2571/2396
f 1892/2577/2401 1891/2578/2402 1887/2573/2398 1888/2572/2397
f 1891/2578/2402 1890/2579/2403 1886/2574/2399 1887/2573/2398
f 1890/2580/2403 1889/2414/2271 1885/2410/2267 1886/2575/2399
f 2330/2581/2404 1896/2582/2405 1892/2577/2401 2329/2576/2400
f 1896/2582/2405 1895/2583/2406 1891/2578/2402 1892/2577/2401
f 1895/2583/2406 1894/2584/2407 1890/2579/2403 1891/2578/2402
f 1894/2585/2407 1893/2418/2275 1889/2414/2271 1890/2580/2403
f 2331/2586/2408 1900/2587/2409 1896/2582/2405 2330/2581/2404
f 1900/2587/2409 1899/2588/2410 1895/2583/2406 1896/2582/2405
f 1899/2588/2410 1898/2589/2411 1894/2584/2407 1895/2583/2406
f 1898/2590/2411 1897/2422/2279 1893/2418/2275 1894/2585/2407
f 2332/2591/2412 1904/2592/2413 1900/2587/2409 2331/2586/2408
f 1904/2592/2413 1903/2593/2414 1899/2588/2410 1900/2587/2409
f 1903/2593/2414 1902/2594/2415 1898/2589/2411 1899/2588/2410
f 1902/2595/2415 1901/2428/2283 1897/2427/2279 1898/2596/2411
f 2333/2597/2416 1908/2598/2417 1904/2592/2413 2332/2591/2412
f 1908/2598/2417 1907/2599/2418 1903/2593/2414 1904/2592/2413
f 1907/2599/2418 1906/2600/2419 1902/2594/2415 1903/2593/2414
f 1906/2601/2419 1905/2432/2287 1901/2428/2283 1902/2595/2415
f 2334/2602/2420 1912/2603/2421 1908/2598/2417 2333/2597/2416
f 1912/2603/2421 1911/2604/2422 1907/2599/2418 1908/2598/2417
f 1911/2604/2422 1910/2605/2423 1906/2600/2419 1907/2599/2418
f 1910/2606/2423 1909/2440/2295 1905/2432/2287 1906/2601/2419
f 2335/2607/2424 1916/2608/2425 1912/2603/2421 2334/2602/2420
f 1916/2608/2425 1915/2609/2426 1911/2604/2422 1912/2603/2421
f 1915/2609/2426 1914/2610/2427 1910/2605/2423 1911/2604/2422
f 1914/2611/2427 1913/2446/2301 1909/2440/2295 1910/2606/2423
f 2336/2612/2428 1920/2613/2429 1916/2608/2425 2335/2607/2424
f 1920/2613/2429 1919/2614/2430 1915/2609/2426 1916/2608/2425
f 1919/2615/2430 1918/2616/2431 1914/2611/2427 1915/2617/2426
f 1918/2616/2431 1917/2322/2181 1913/2446/2301 1914/2611/2427
f 2337/2618/2432 1924/2619/2433 1920/2613/2429 2336/2612/2428
f 1924/2619/2433 1923/2620/2434 1919/2614/2430 1920/2613/2429
f 1923/2621/2434 1922/2622/2435 1918/2616/2431 1919/2615/2430
f 1922/2622/2435 1921/2323/2182 1917/2322/2181 1918/2616/2431
f 2338/2623/2436 1928/2624/2437 1924/2619/2433 2337/2618/2432
f 1928/2624/2437 1927/2625/2438 1923/2620/2434 1924/2619/2433
f 1927/2626/2438 1926/2627/2439 1922/2622/2435 1923/2621/2434
f 1926/2627/2439 1925/2329/2188 1921/2323/2182 1922/2622/2435
f 2339/2628/2440 1932/2629/2441 1928/2624/2437 2338/2623/2436
f 1932/2629/2441 1931/2630/2442 1927/2625/2438 1928/2624/2437
f 1931/2631/2442 1930/2632/2443 1926/2627/2439 1927/2626/2438
f 1930/2632/2443 1929/2335/2194 1925/2329/2188 1926/2627/2439
f 2340/2633/2444 1936/2634/2445 1932/2629/2441 2339/2628/2440
f 1936/2634/2445 1935/2635/2446 1931/2630/2442 1932/2629/2441
f 1935/2636/2446 1934/2637/2447 1930/2632/2443 1931/2631/2442
f 1934/2637/2447 1933/2341/2200 1929/2335/2194 1930/2632/2443
f 2341/2638/2448 1940/2639/2449 1936/2634/2445 2340/2633/2444
f 1940/2639/2449 1939/2640/2450 1935/2635/2446 1936/2634/2445
f 1939/2641/2450 1938/2642/2451 1934/2637/2447 1935/2636/2446
f 1938/2642/2451 1937/2347/2206 1933/2341/2200 1934/2637/2447
f 2342/2643/2452 1944/2644/2453 1940/2639/2449 2341/2638/2448
f 1944/2644/2453 1943/2645/2454 1939/2640/2450 1940/2639/2449
f 1943/2646/2454 1942/2647/2455 1938/2642/2451 1939/2641/2450
f 1942/2647/2455 1941/2353/2212 1937/2347/2206 1938/2642/2451
f 2343/2648/2456 1948/2649/2457 1944/2644/2453 2342/2643/2452
f 1948/2649/2457 1947/2650/2458 1943/2645/2454 1944/2644/2453
f 1947/2650/2458 1946/2651/2459 1942/2652/2455 1943/2645/2454
f 1946/2653/2459 1945/2360/2219 1941/2353/2212 1942/2647/2455
f 2344/2654/2460 1952/2655/2461 1948/2649/2457 2343/2648/2456
f 1952/2655/2461 1951/2656/2462 1947/2650/2458 1948/2649/2457
f 1951/2656/2462 1950/2657/2463 1946/2651/2459 1947/2650/2458
f 1950/2658/2463 1949/2368/2225 1945/2367/2219 1946/2659/2459
f 2345/2660/2464 1956/2661/2465 1952/2655/2461 2344/2654/2460
f 1956/2661/2465 1955/2662/2466 1951/2656/2462 1952/2655/2461
f 1955/2663/2466 1954/2664/2467 1950/2658/2463 1951/2665/2462
f 1954/2664/2467 1953/2372/2229 1949/2368/2225 1950/2658/2463
f 2346/2666/2468 1960/2667/2469 1956/2661/2465 2345/2660/2464
f 1960/2667/2469 1959/2668/2470 1955/2662/2466 1956/2661/2465
f 1959/2669/2470 1958/2670/2471 1954/2664/2467 1955/2663/2466
f 1958/2670/2471 1957/2376/2233 1953/2372/2229 1954/2664/2467
f 2347/2671/2472 1964/2672/2473 1960/2667/2469 2346/2666/2468
f 1964/2672/2473 1963/2673/2474 1959/2668/2470 1960/2667/2469
f 1963/2674/2474 1962/2675/2475 1958/2670/2471 1959/2669/2470
f 1962/2675/2475 1961/2380/2237 1957/2376/2233 1958/2670/2471
f 2348/2676/2476 1968/2677/2477 1964/2672/2473 2347/2671/2472
f 1968/2677/2477 1967/2678/2478 1963/2673/2474 1964/2672/2473
f 1967/2679/2478 1966/2680/2479 1962/2675/2475 1963/2674/2474
f 1966/2680/2479 1965/2384/2241 1961/2380/2237 1962/2675/2475
f 2349/2681/2480 1972/2682/2481 1968/2677/2477 2348/2676/2476
f 1972/2682/2481 1971/2683/2482 1967/2678/2478 1968/2677/2477
f 1971/2684/2482 1970/2685/2483 1966/2680/2479 1967/2679/2478
f 1970/2685/2483 1969/2388/2245 1965/2384/2241 1966/2680/2479
f 2350/2686/2484 1976/2687/2485 1972/2682/2481 2349/2681/2480
f 1976/2687/2485 1975/2688/2486 1971/2683/2482 1972/2682/2481
f 1975/2689/2486 1974/2690/2487 1970/2685/2483 1971/2684/2482
f 1974/2690/2487 1973/2392/2249 1969/2388/2245 1970/2685/2483
f 2351/2691/2488 1980/2692/2489 1976/2687/2485 2350/2686/2484
f 1980/2692/2489 1979/2693/2490 1975/2688/2486 1976/2687/2485
f 1979/2694/2490 1978/2695/2491 1974/2690/2487 1975/2689/2486
f 1978/2695/2491 1977/2396/2253 1973/2392/2249 1974/2690/2487
f 2352/2696/2492 1984/2697/2493 1980/2692/2489 2351/2691/2488
f 1984/2697/2494 1983/2698/2495 1979/2693/2490 1980/2692/2489
f 1983/2699/2495 1982/2700/2496 1978/2695/2491 1979/2694/2490
f 1982/2700/2496 1981/2400/2257 1977/2396/2253 1978/2695/2491
f 2353/2701/2497 1988/2702/2498 1984/2697/2493 2352/2696/2492
f 1988/2702/2499 1987/2703/2500 1983/2698/2495 1984/2697/2494
f 1987/2704/2500 1986/2705/2501 1982/2700/2496 1983/2699/2495
f 1986/2705/2501 1985/2404/2261 1981/2400/2257 1982/2700/2496
f 2354/2706/2502 1992/2707/2503 1988/2702/2498 2353/2701/2497
f 1992/2707/2504 1991/2708/2505 1987/2703/2500 1988/2702/2499
f 1991/2709/2505 1990/2710/2506 1986/2705/2501 1987/2704/2500
f 1990/2710/2506 1989/2408/2265 1985/2404/2261 1986/2705/2501
f 2355/2711/2507 1996/2712/2508 1992/2707/2503 2354/2706/2502
f 1996/2712/2508 1995/2713/2509 1991/2708/2505 1992/2707/2504
f 1995/2714/2509 1994/2715/2510 1990/2710/2506 1991/2709/2505
f 1994/2715/2510 1993/2412/2269 1989/2408/2265 1990/2710/2506
f 2356/2716/2511 2000/2717/2512 1996/2712/2508 2355/2711/2507
f 2000/2717/2512 1999/2718/2513 1995/2713/2509 1996/2712/2508
f 1999/2719/2513 1998/2720/2514 1994/2715/2510 1995/2714/2509
f 1998/2720/2514 1997/2416/2273 1993/2412/2269 1994/2715/2510
f 2357/2721/2515 2004/2722/2516 2000/2717/2512 2356/2716/2511
f 2004/2722/2516 2003/2723/2517 1999/2718/2513 2000/2717/2512
f 2003/2724/2517 2002/2725/2518 1998/2720/2514 1999/2719/2513
f 2002/2725/2518 2001/2420/2277 1997/2416/2273 1998/2720/2514
f 2358/2726/2519 2008/2727/2520 2004/2722/2516 2357/2721/2515
f 2008/2727/2520 2007/2728/2521 2003/2723/2517 2004/2722/2516
f 2007/2729/2521 2006/2730/2522 2002/2725/2518 2003/2724/2517
f 2006/2730/2522 2005/2424/2281 2001/2420/2277 2002/2725/2518
f 2359/2731/2523 2012/2732/2524 2008/2727/2520 2358/2726/2519
f 2012/2732/2524 2011/2733/2525 2007/2728/2521 2008/2727/2520
f 2011/2734/2525 2010/2735/2526 2006/2730/2522 2007/2729/2521
f 2010/2735/2526 2009/2430/2285 2005/2424/2281 2006/2730/2522
f 2360/2736/2527 2016/2737/2528 2012/2732/2524 2359/2731/2523
f 2016/2737/2528 2015/2738/2529 2011/2733/2525 2012/2732/2524
f 2015/2739/2529 2014/2740/2530 2010/2735/2526 2011/2734/2525
f 2014/2740/2530 2013/2438/2293 2009/2430/2285 2010/2735/2526
f 2361/2741/2531 2020/2742/2532 2016/2737/2528 2360/2736/2527
f 2020/2742/2532 2019/2743/2533 2015/2738/2529 2016/2737/2528
f 2019/2744/2533 2018/2745/2534 2014/2740/2530 2015/2739/2529
f 2018/2745/2534 2017/2444/2299 2013/2438/2293 2014/2740/2530
f 2362/2746/2535 2024/2747/2536 2020/2742/2532 2361/2741/2531
f 2024/2747/2536 2023/2748/2537 2019/2743/2533 2020/2742/2532
f 2023/2749/2537 2022/2750/2538 2018/2745/2534 2019/2744/2533
f 2022/2750/2538 2021/2450/2177 2017/2444/2299 2018/2745/2534
f 2363/2751/2539 2028/2752/2540 2024/2747/2536 2362/2746/2535
f 2028/2752/2540 2027/2753/2541 2023/2748/2537 2024/2747/2536
f 2027/2754/2541 2026/2755/2542 2022/2756/2538 2023/2757/2537
f 2026/2755/2542 2025/2319/2178 2021/2318/2177 2022/2756/2538
f 2364/2758/2543 2032/2759/2544 2028/2752/2540 2363/2751/2539
f 2032/2759/2544 2031/2760/2545 2027/2753/2541 2028/2752/2540
f 2031/2761/2545 2030/2762/2546 2026/2755/2542 2027/2754/2541
f 2030/2762/2546 2029/2327/2186 2025/2319/2178 2026/2755/2542
f 2365/2763/2547 2036/2764/2548 2032/2759/2544 2364/2758/2543
f 2036/2764/2548 2035/2765/2549 2031/2760/2545 2032/2759/2544
f 2035/2766/2549 2034/2767/2550 2030/2762/2546 2031/2761/2545
f 2034/2767/2550 2033/2333/2192 2029/2327/2186 2030/2762/2546
f 2366/2768/2551 2040/2769/2552 2036/2764/2548 2365/2763/2547
f 2040/2769/2552 2039/2770/2553 2035/2765/2549 2036/2764/2548
f 2039/2771/2553 2038/2772/2554 2034/2767/2550 2035/2766/2549
f 2038/2772/2554 2037/2339/2198 2033/2333/2192 2034/2767/2550
f 2367/2773/2555 2044/2774/2556 2040/2769/2552 2366/2768/2551
f 2044/2774/2556 2043/2775/2557 2039/2770/2553 2040/2769/2552
f 2043/2776/2557 2042/2777/2558 2038/2772/2554 2039/2771/2553
f 2042/2777/2558 2041/2345/2204 2037/2339/2198 2038/2772/2554
f 2368/2778/2559 2048/2779/2560 2044/2774/2556 2367/2773/2555
f 2048/2779/2560 2047/2780/2561 2043/2775/2557 2044/2774/2556
f 2047/2781/2561 2046/2782/2562 2042/2777/2558 2043/2776/2557
f 2046/2782/2562 2045/2351/2210 2041/2345/2204 2042/2777/2558
f 2306/2454/2305 1798/2453/2304 2048/2779/2560 2368/2778/2559
f 1798/2453/2304 1799/2456/2307 2047/2780/2561 2048/2779/2560
f 1799/2460/2307 1800/2459/2309 2046/2782/2562 2047/2781/2561
f 1800/2459/2309 1797/2442/2297 2045/2351/2210 2046/2782/2562
f 1792/2443/2298 1797/2442/2297 1793/2314/2173 1783/2313/2172
f 1788/2358/2217 1789/2783/2563 1786/2784/2564 1787/2359/2218
f 1789/2783/2563 1790/2785/2565 1785/2786/2566 1786/2784/2564
f 1790/2785/2565 1791/2787/2567 1784/2788/2568 1785/2786/2566
f 1791/2787/2567 1792/2443/2298 1783/2313/2172 1784/2788/2568
f 2784/2136/1999 2140/2789/2569 2145/2790/2570 2785/2130/1993
f 2140/2789/2569 2141/2791/2571 2146/2792/2572 2145/2790/2570
f 2141/2791/2571 2142/2793/2573 2147/2794/2574 2146/2792/2572
f 2142/2793/2573 2143/2795/2575 2148/2796/2576 2147/2794/2574
f 2143/2795/2575 2144/2447/2302 2149/2321/2180 2148/2796/2576
f 2810/1976/1843 2270/2797/2577 2275/2798/2578 2811/1970/1837
f 2270/2797/2577 2271/2799/2579 2276/2800/2580 2275/2798/2578
f 2271/2799/2579 2272/2801/2581 2277/2802/2582 2276/2800/2580
f 2272/2801/2581 2273/2803/2583 2278/2804/2584 2277/2802/2582
f 2273/2805/2583 2274/2445/2300 2279/2451/2176 2278/2806/2584
f 2763/1923/1790 1772/2807/2585 1767/2808/2586 2774/2299/2155
f 1772/2807/2585 1771/2809/2587 1766/2810/2588 1767/2808/2586
f 1771/2809/2587 1770/2811/2589 1765/2812/2590 1766/2810/2588
f 1770/2811/2589 1769/2813/2591 1764/2814/2592 1765/2812/2590
f 1769/2813/2591 1768/2365/2224 1763/2815/1660 1764/2814/2592
f 2783/2142/2005 2135/2816/2593 2140/2789/2569 2784/2136/1999
f 2135/2816/2593 2136/2817/2594 2141/2791/2571 2140/2789/2569
f 2136/2817/2594 2137/2818/2595 2142/2793/2573 2141/2791/2571
f 2137/2818/2595 2138/2819/2596 2143/2795/2575 2142/2793/2573
f 2138/2819/2596 2139/2441/2296 2144/2447/2302 2143/2795/2575
f 2809/1982/1849 2265/2820/2597 2270/2797/2577 2810/1976/1843
f 2265/2821/2597 2266/2822/2598 2271/2823/2579 2270/2824/2577
f 2266/2822/2598 2267/2825/2599 2272/2826/2581 2271/2823/2579
f 2267/2825/2599 2268/2827/2600 2273/2805/2583 2272/2826/2581
f 2268/2827/2600 2269/2439/2294 2274/2445/2300 2273/2805/2583
f 2778/1939/1806 1773/2828/2601 1788/2358/2217 2777/2357/2216
f 1773/2828/2601 1774/2829/2602 1789/2783/2563 1788/2358/2217
f 1774/2829/2602 1775/2830/2603 1790/2785/2565 1789/2783/2563
f 1775/2830/2603 1776/2831/2604 1791/2787/2567 1790/2785/2565
f 1776/2831/2604 1777/2352/2211 1792/2443/2298 1791/2787/2567
f 2782/2148/2011 2130/2832/2605 2135/2816/2593 2783/2142/2005
f 2130/2832/2605 2131/2833/2606 2136/2817/2594 2135/2816/2593
f 2131/2833/2606 2132/2834/2607 2137/2818/2595 2136/2817/2594
f 2132/2834/2607 2133/2835/2608 2138/2819/2596 2137/2818/2595
f 2133/2835/2608 2134/2433/2288 2139/2441/2296 2138/2819/2596
f 2808/1988/1855 2260/2836/2609 2265/2821/2597 2809/1989/1849
f 2260/2836/2609 2261/2837/2610 2266/2822/2598 2265/2821/2597
f 2261/2837/2610 2262/2838/2611 2267/2825/2599 2266/2822/2598
f 2262/2838/2611 2263/2839/2612 2268/2827/2600 2267/2825/2599
f 2263/2839/2612 2264/2431/2286 2269/2439/2294 2268/2827/2600
f 2781/2154/2017 2125/2840/2613 2130/2832/2605 2782/2148/2011
f 2125/2840/2613 2126/2841/2614 2131/2833/2606 2130/2832/2605
f 2126/2841/2614 2127/2842/2615 2132/2834/2607 2131/2833/2606
f 2127/2842/2615 2128/2843/2616 2133/2835/2608 2132/2834/2607
f 2128/2843/2616 2129/2429/2284 2134/2433/2288 2133/2835/2608
f 2807/1996/1861 2255/2844/2617 2260/2836/2609 2808/1988/1855
f 2255/2844/2617 2256/2845/2618 2261/2837/2610 2260/2836/2609
f 2256/2845/2618 2257/2846/2619 2262/2838/2611 2261/2837/2610
f 2257/2846/2619 2258/2847/2620 2263/2839/2612 2262/2838/2611
f 2258/2847/2620 2259/2425/2282 2264/2431/2286 2263/2839/2612
f 2780/2160/2023 2120/2848/2621 2125/2840/2613 2781/2154/2017
f 2120/2848/2621 2121/2849/2622 2126/2841/2614 2125/2840/2613
f 2121/2849/2622 2122/2850/2623 2127/2842/2615 2126/2841/2614
f 2122/2850/2623 2123/2851/2624 2128/2843/2616 2127/2842/2615
f 2123/2851/2624 2124/2426/2280 2129/2429/2284 2128/2843/2616
f 2806/2002/1867 2250/2852/2625 2255/2844/2617 2807/1996/1861
f 2250/2852/2625 2251/2853/2626 2256/2845/2618 2255/2844/2617
f 2251/2853/2626 2252/2854/2627 2257/2846/2619 2256/2845/2618
f 2252/2854/2627 2253/2855/2628 2258/2847/2620 2257/2846/2619
f 2253/2855/2628 2254/2421/2278 2259/2425/2282 2258/2847/2620
f 2779/2166/2029 2115/2856/2629 2120/2848/2621 2780/2160/2023
f 2115/2856/2629 2116/2857/2630 2121/2849/2622 2120/2848/2621
f 2116/2857/2630 2117/2858/2631 2122/2850/2623 2121/2849/2622
f 2117/2859/2631 2118/2860/2632 2123/2861/2624 2122/2862/2623
f 2118/2860/2632 2119/2419/2276 2124/2423/2280 2123/2861/2624
f 2805/2008/1873 2245/2863/2633 2250/2852/2625 2806/2002/1867
f 2245/2863/2633 2246/2864/2634 2251/2853/2626 2250/2852/2625
f 2246/2864/2634 2247/2865/2635 2252/2854/2627 2251/2853/2626
f 2247/2865/2635 2248/2866/2636 2253/2855/2628 2252/2854/2627
f 2248/2866/2636 2249/2417/2274 2254/2421/2278 2253/2855/2628
f 2776/2172/2035 2110/2867/2637 2115/2868/2629 2779/2173/2029
f 2110/2867/2637 2111/2869/2638 2116/2870/2630 2115/2868/2629
f 2111/2869/2638 2112/2871/2639 2117/2859/2631 2116/2870/2630
f 2112/2871/2639 2113/2872/2640 2118/2860/2632 2117/2859/2631
f 2113/2872/2640 2114/2415/2272 2119/2419/2276 2118/2860/2632
f 2804/2014/1879 2240/2873/2641 2245/2863/2633 2805/2008/1873
f 2240/2873/2641 2241/2874/2642 2246/2864/2634 2245/2863/2633
f 2241/2874/2642 2242/2875/2643 2247/2865/2635 2246/2864/2634
f 2242/2875/2643 2243/2876/2644 2248/2866/2636 2247/2865/2635
f 2243/2876/2644 2244/2413/2270 2249/2417/2274 2248/2866/2636
f 2753/2180/2041 2105/2877/2645 2110/2867/2637 2776/2172/2035
f 2105/2877/2645 2106/2878/2646 2111/2869/2638 2110/2867/2637
f 2106/2878/2646 2107/2879/2647 2112/2871/2639 2111/2869/2638
f 2107/2879/2647 2108/2880/2648 2113/2872/2640 2112/2871/2639
f 2108/2880/2648 2109/2411/2268 2114/2415/2272 2113/2872/2640
f 2803/2020/1885 2235/2881/2649 2240/2873/2641 2804/2014/1879
f 2235/2881/2649 2236/2882/2650 2241/2874/2642 2240/2873/2641
f 2236/2882/2650 2237/2883/2651 2242/2875/2643 2241/2874/2642
f 2237/2883/2651 2238/2884/2652 2243/2876/2644 2242/2875/2643
f 2238/2884/2652 2239/2409/2266 2244/2413/2270 2243/2876/2644
f 2766/2186/2047 2100/2885/2653 2105/2877/2645 2753/2180/2041
f 2100/2885/2653 2101/2886/2654 2106/2878/2646 2105/2877/2645
f 2101/2886/2654 2102/2887/2655 2107/2879/2647 2106/2878/2646
f 2102/2887/2655 2103/2888/2656 2108/2880/2648 2107/2879/2647
f 2103/2888/2656 2104/2407/2264 2109/2411/2268 2108/2880/2648
f 2802/2026/1891 2230/2889/2657 2235/2881/2649 2803/2020/1885
f 2230/2889/2657 2231/2890/2658 2236/2882/2650 2235/2881/2649
f 2231/2890/2658 2232/2891/2659 2237/2883/2651 2236/2882/2650
f 2232/2891/2659 2233/2892/2660 2238/2884/2652 2237/2883/2651
f 2233/2892/2660 2234/2405/2262 2239/2409/2266 2238/2884/2652
f 2754/2192/2053 2095/2893/2661 2100/2885/2653 2766/2186/2047
f 2095/2893/2661 2096/2894/2662 2101/2886/2654 2100/2885/2653
f 2096/2894/2662 2097/2895/2663 2102/2887/2655 2101/2886/2654
f 2097/2895/2663 2098/2896/2664 2103/2888/2656 2102/2887/2655
f 2098/2896/2664 2099/2403/2260 2104/2407/2264 2103/2888/2656
f 2801/2032/1897 2225/2897/2665 2230/2889/2657 2802/2026/1891
f 2225/2897/2665 2226/2898/2666 2231/2890/2658 2230/2889/2657
f 2226/2898/2666 2227/2899/2667 2232/2891/2659 2231/2890/2658
f 2227/2899/2667 2228/2900/2668 2233/2892/2660 2232/2891/2659
f 2228/2900/2668 2229/2401/2258 2234/2405/2262 2233/2892/2660
f 2769/2198/2059 2090/2901/2669 2095/2893/2661 2754/2192/2053
f 2090/2901/2669 2091/2902/2670 2096/2894/2662 2095/2893/2661
f 2091/2902/2670 2092/2903/2671 2097/2895/2663 2096/2894/2662
f 2092/2903/2671 2093/2904/2672 2098/2896/2664 2097/2895/2663
f 2093/2904/2672 2094/2399/2256 2099/2403/2260 2098/2896/2664
f 2800/2038/1903 2220/2905/2673 2225/2897/2665 2801/2032/1897
f 2220/2905/2673 2221/2906/2674 2226/2898/2666 2225/2897/2665
f 2221/2906/2674 2222/2907/2675 2227/2899/2667 2226/2898/2666
f 2222/2907/2675 2223/2908/2676 2228/2900/2668 2227/2899/2667
f 2223/2908/2676 2224/2397/2254 2229/2401/2258 2228/2900/2668
f 2755/2204/2065 2085/2909/2677 2090/2901/2669 2769/2198/2059
f 2085/2909/2677 2086/2910/2678 2091/2902/2670 2090/2901/2669
f 2086/2910/2678 2087/2911/2679 2092/2903/2671 2091/2902/2670
f 2087/2911/2679 2088/2912/2680 2093/2904/2672 2092/2903/2671
f 2088/2912/2680 2089/2395/2252 2094/2399/2256 2093/2904/2672
f 2799/2044/1909 2215/2913/2681 2220/2905/2673 2800/2038/1903
f 2215/2913/2681 2216/2914/2682 2221/2906/2674 2220/2905/2673
f 2216/2914/2682 2217/2915/2683 2222/2907/2675 2221/2906/2674
f 2217/2915/2683 2218/2916/2684 2223/2908/2676 2222/2907/2675
f 2218/2916/2684 2219/2393/2250 2224/2397/2254 2223/2908/2676
f 2771/2210/2071 2080/2917/2685 2085/2909/2677 2755/2204/2065
f 2080/2917/2685 2081/2918/2686 2086/2910/2678 2085/2909/2677
f 2081/2918/2686 2082/2919/2687 2087/2911/2679 2086/2910/2678
f 2082/2919/2687 2083/2920/2688 2088/2912/2680 2087/2911/2679
f 2083/2920/2688 2084/2391/2248 2089/2395/2252 2088/2912/2680
f 2798/2050/1915 2210/2921/2689 2215/2913/2681 2799/2044/1909
f 2210/2921/2689 2211/2922/2690 2216/2914/2682 2215/2913/2681
f 2211/2922/2690 2212/2923/2691 2217/2915/2683 2216/2914/2682
f 2212/2923/2691 2213/2924/2692 2218/2916/2684 2217/2915/2683
f 2213/2924/2692 2214/2389/2246 2219/2393/2250 2218/2916/2684
f 2756/2216/2077 2075/2925/2693 2080/2917/2685 2771/2210/2071
f 2075/2925/2693 2076/2926/2694 2081/2918/2686 2080/2917/2685
f 2076/2926/2694 2077/2927/2695 2082/2919/2687 2081/2918/2686
f 2077/2927/2695 2078/2928/2696 2083/2920/2688 2082/2919/2687
f 2078/2928/2696 2079/2387/2244 2084/2391/2248 2083/2920/2688
f 2797/2056/1921 2205/2929/2697 2210/2921/2689 2798/2050/1915
f 2205/2929/2697 2206/2930/2698 2211/2922/2690 2210/2921/2689
f 2206/2930/2698 2207/2931/2699 2212/2923/2691 2211/2922/2690
f 2207/2931/2699 2208/2932/2700 2213/2924/2692 2212/2923/2691
f 2208/2932/2700 2209/2385/2242 2214/2389/2246 2213/2924/2692
f 2773/2222/2083 2070/2933/2701 2075/2925/2693 2756/2216/2077
f 2070/2933/2701 2071/2934/2702 2076/2926/2694 2075/2925/2693
f 2071/2934/2702 2072/2935/2703 2077/2927/2695 2076/2926/2694
f 2072/2935/2703 2073/2936/2704 2078/2928/2696 2077/2927/2695
f 2073/2936/2704 2074/2383/2240 2079/2387/2244 2078/2928/2696
f 2796/2062/1927 2200/2937/2705 2205/2929/2697 2797/2056/1921
f 2200/2937/2705 2201/2938/2706 2206/2930/2698 2205/2929/2697
f 2201/2938/2706 2202/2939/2707 2207/2931/2699 2206/2930/2698
f 2202/2939/2707 2203/2940/2708 2208/2932/2700 2207/2931/2699
f 2203/2940/2708 2204/2381/2238 2209/2385/2242 2208/2932/2700
f 2757/2228/2089 2065/2941/2709 2070/2933/2701 2773/2222/2083
f 2065/2941/2709 2066/2942/2710 2071/2934/2702 2070/2933/2701
f 2066/2942/2710 2067/2943/2711 2072/2935/2703 2071/2934/2702
f 2067/2943/2711 2068/2944/2712 2073/2936/2704 2072/2935/2703
f 2068/2944/2712 2069/2379/2236 2074/2383/2240 2073/2936/2704
f 2795/2068/1933 2195/2945/2713 2200/2937/2705 2796/2062/1927
f 2195/2945/2713 2196/2946/2714 2201/2938/2706 2200/2937/2705
f 2196/2946/2714 2197/2947/2715 2202/2939/2707 2201/2938/2706
f 2197/2947/2715 2198/2948/2716 2203/2940/2708 2202/2939/2707
f 2198/2948/2716 2199/2377/2234 2204/2381/2238 2203/2940/2708
f 2775/2234/2095 2060/2949/2717 2065/2941/2709 2757/2228/2089
f 2060/2949/2717 2061/2950/2718 2066/2942/2710 2065/2941/2709
f 2061/2950/2718 2062/2951/2719 2067/2943/2711 2066/2942/2710
f 2062/2951/2719 2063/2952/2720 2068/2944/2712 2067/2943/2711
f 2063/2952/2720 2064/2375/2232 2069/2379/2236 2068/2944/2712
f 2794/2074/1939 2190/2953/2721 2195/2945/2713 2795/2068/1933
f 2190/2953/2721 2191/2954/2722 2196/2946/2714 2195/2945/2713
f 2191/2954/2722 2192/2955/2723 2197/2947/2715 2196/2946/2714
f 2192/2955/2723 2193/2956/2724 2198/2948/2716 2197/2947/2715
f 2193/2956/2724 2194/2373/2230 2199/2377/2234 2198/2948/2716
f 2758/2240/2101 2055/2957/2725 2060/2949/2717 2775/2234/2095
f 2055/2957/2725 2056/2958/2726 2061/2950/2718 2060/2949/2717
f 2056/2958/2726 2057/2959/2727 2062/2951/2719 2061/2950/2718
f 2057/2959/2727 2058/2960/2728 2063/2952/2720 2062/2951/2719
f 2058/2960/2728 2059/2371/2228 2064/2375/2232 2063/2952/2720
f 2793/2961/1945 2185/2962/2729 2190/2953/2721 2794/2074/1939
f 2185/2962/2729 2186/2963/2730 2191/2954/2722 2190/2953/2721
f 2186/2963/2730 2187/2964/2731 2192/2955/2723 2191/2954/2722
f 2187/2964/2731 2188/2965/2732 2193/2956/2724 2192/2955/2723
f 2188/2965/2732 2189/2369/2226 2194/2373/2230 2193/2956/2724
f 2765/2246/2107 2050/2966/2733 2055/2957/2725 2758/2240/2101
f 2050/2966/2733 2051/2967/2734 2056/2958/2726 2055/2957/2725
f 2051/2967/2734 2052/2968/2735 2057/2959/2727 2056/2958/2726
f 2052/2968/2735 2053/2969/2736 2058/2960/2728 2057/2959/2727
f 2053/2969/2736 2054/2363/2222 2059/2371/2228 2058/2960/2728
f 2792/2088/1951 2180/2970/2737 2185/2971/2729 2793/2080/1945
f 2180/2970/2737 2181/2972/2738 2186/2973/2730 2185/2971/2729
f 2181/2972/2738 2182/2974/2739 2187/2975/2731 2186/2973/2730
f 2182/2974/2739 2183/2976/2740 2188/2977/2732 2187/2975/2731
f 2183/2976/2740 2184/2361/2220 2189/2978/2226 2188/2977/2732
f 2764/1922/1789 1782/2979/2741 1772/2807/2585 2763/1923/1790
f 1782/2979/2741 1781/2980/2742 1771/2809/2587 1772/2807/2585
f 1781/2980/2742 1780/2981/2743 1770/2811/2589 1771/2809/2587
f 1780/2981/2743 1779/2982/2744 1769/2813/2591 1770/2811/2589
f 1779/2982/2744 1778/2316/2175 1768/2365/2224 1769/2813/2591
f 2759/2252/2113 1732/2983/2745 2050/2966/2733 2765/2246/2107
f 1732/2983/2745 1731/2984/2746 2051/2967/2734 2050/2966/2733
f 1731/2984/2746 1730/2985/2747 2052/2968/2735 2051/2967/2734
f 1730/2985/2747 1729/2986/2748 2053/2969/2736 2052/2968/2735
f 1729/2986/2748 2049/2356/2215 2054/2363/2222 2053/2969/2736
f 2791/2094/1957 2175/2987/2749 2180/2970/2737 2792/2088/1951
f 2175/2987/2749 2176/2988/2750 2181/2972/2738 2180/2970/2737
f 2176/2988/2750 2177/2989/2751 2182/2974/2739 2181/2972/2738
f 2177/2989/2751 2178/2990/2752 2183/2976/2740 2182/2974/2739
f 2178/2990/2752 2179/2354/2213 2184/2361/2220 2183/2976/2740
f 2768/2258/2119 1737/2991/2753 1732/2983/2745 2759/2252/2113
f 1737/2991/2753 1736/2992/2754 1731/2984/2746 1732/2983/2745
f 1736/2992/2754 1735/2993/2755 1730/2985/2747 1731/2984/2746
f 1735/2993/2755 1734/2994/2756 1729/2986/2748 1730/2985/2747
f 1734/2994/2756 1733/2350/2209 2049/2356/2215 1729/2986/2748
f 2790/2100/1963 2170/2995/2757 2175/2987/2749 2791/2094/1957
f 2170/2995/2757 2171/2996/2758 2176/2988/2750 2175/2987/2749
f 2171/2996/2758 2172/2997/2759 2177/2989/2751 2176/2988/2750
f 2172/2997/2759 2173/2998/2760 2178/2990/2752 2177/2989/2751
f 2173/2998/2760 2174/2348/2207 2179/2354/2213 2178/2990/2752
f 2816/1938/1805 2300/2999/2761 1773/2828/2601 2778/1939/1806
f 2300/2999/2761 2301/3000/2762 1774/2829/2602 1773/2828/2601
f 2301/3000/2762 2302/3001/2763 1775/2830/2603 1774/2829/2602
f 2302/3001/2763 2303/3002/2764 1776/2831/2604 1775/2830/2603
f 2303/3002/2764 2304/2346/2205 1777/2352/2211 1776/2831/2604
f 2760/2264/2125 1742/3003/2765 1737/2991/2753 2768/2258/2119
f 1742/3003/2765 1741/3004/2766 1736/2992/2754 1737/2991/2753
f 1741/3004/2766 1740/3005/2767 1735/2993/2755 1736/2992/2754
f 1740/3005/2767 1739/3006/2768 1734/2994/2756 1735/2993/2755
f 1739/3006/2768 1738/2344/2203 1733/2350/2209 1734/2994/2756
f 2789/2106/1969 2165/3007/2769 2170/2995/2757 2790/2100/1963
f 2165/3007/2769 2166/3008/2770 2171/2996/2758 2170/2995/2757
f 2166/3008/2770 2167/3009/2771 2172/2997/2759 2171/2996/2758
f 2167/3009/2771 2168/3010/2772 2173/2998/2760 2172/2997/2759
f 2168/3010/2772 2169/2342/2201 2174/2348/2207 2173/2998/2760
f 2815/1946/1813 2295/3011/2773 2300/2999/2761 2816/1938/1805
f 2295/3011/2773 2296/3012/2774 2301/3000/2762 2300/2999/2761
f 2296/3012/2774 2297/3013/2775 2302/3001/2763 2301/3000/2762
f 2297/3013/2775 2298/3014/2776 2303/3002/2764 2302/3001/2763
f 2298/3014/2776 2299/2340/2199 2304/2346/2205 2303/3002/2764
f 2770/2270/2131 1747/3015/2777 1742/3003/2765 2760/2264/2125
f 1747/3015/2777 1746/3016/2778 1741/3004/2766 1742/3003/2765
f 1746/3016/2778 1745/3017/2779 1740/3005/2767 1741/3004/2766
f 1745/3017/2779 1744/3018/2780 1739/3006/2768 1740/3005/2767
f 1744/3018/2780 1743/2338/2197 1738/2344/2203 1739/3006/2768
f 2788/2112/1975 2160/3019/2781 2165/3007/2769 2789/2106/1969
f 2160/3019/2781 2161/3020/2782 2166/3008/2770 2165/3007/2769
f 2161/3020/2782 2162/3021/2783 2167/3009/2771 2166/3008/2770
f 2162/3021/2783 2163/3022/2784 2168/3010/2772 2167/3009/2771
f 2163/3022/2784 2164/2336/2195 2169/2342/2201 2168/3010/2772
f 2814/1952/1819 2290/3023/2785 2295/3011/2773 2815/1946/1813
f 2290/3023/2785 2291/3024/2786 2296/3012/2774 2295/3011/2773
f 2291/3024/2786 2292/3025/2787 2297/3013/2775 2296/3012/2774
f 2292/3025/2787 2293/3026/2788 2298/3014/2776 2297/3013/2775
f 2293/3026/2788 2294/2334/2193 2299/2340/2199 2298/3014/2776
f 2761/2276/2137 1752/3027/2789 1747/3015/2777 2770/2270/2131
f 1752/3027/2789 1751/3028/2790 1746/3016/2778 1747/3015/2777
f 1751/3028/2790 1750/3029/2791 1745/3017/2779 1746/3016/2778
f 1750/3029/2791 1749/3030/2792 1744/3018/2780 1745/3017/2779
f 1749/3030/2792 1748/2332/2191 1743/2338/2197 1744/3018/2780
f 2787/2118/1981 2155/3031/2793 2160/3019/2781 2788/2112/1975
f 2155/3031/2793 2156/3032/2794 2161/3020/2782 2160/3019/2781
f 2156/3032/2794 2157/3033/2795 2162/3021/2783 2161/3020/2782
f 2157/3033/2795 2158/3034/2796 2163/3022/2784 2162/3021/2783
f 2158/3034/2796 2159/2330/2189 2164/2336/2195 2163/3022/2784
f 2813/1958/1825 2285/3035/2797 2290/3023/2785 2814/1952/1819
f 2285/3035/2797 2286/3036/2798 2291/3024/2786 2290/3023/2785
f 2286/3036/2798 2287/3037/2799 2292/3025/2787 2291/3024/2786
f 2287/3037/2799 2288/3038/2800 2293/3026/2788 2292/3025/2787
f 2288/3038/2800 2289/2328/2187 2294/2334/2193 2293/3026/2788
f 2772/2282/2143 1757/3039/2801 1752/3027/2789 2761/2276/2137
f 1757/3039/2801 1756/3040/2802 1751/3028/2790 1752/3027/2789
f 1756/3040/2802 1755/3041/2803 1750/3029/2791 1751/3028/2790
f 1755/3041/2803 1754/3042/2804 1749/3030/2792 1750/3029/2791
f 1754/3042/2804 1753/2326/2185 1748/2332/2191 1749/3030/2792
f 2786/2124/1987 2150/3043/2805 2155/3031/2793 2787/2118/1981
f 2150/3043/2805 2151/3044/2806 2156/3032/2794 2155/3031/2793
f 2151/3044/2806 2152/3045/2807 2157/3033/2795 2156/3032/2794
f 2152/3045/2807 2153/3046/2808 2158/3034/2796 2157/3033/2795
f 2153/3046/2808 2154/2324/2183 2159/2330/2189 2158/3034/2796
f 2812/1964/1831 2280/3047/2809 2285/3035/2797 2813/1958/1825
f 2280/3047/2809 2281/3048/2810 2286/3036/2798 2285/3035/2797
f 2281/3048/2810 2282/3049/2811 2287/3037/2799 2286/3036/2798
f 2282/3049/2811 2283/3050/2812 2288/3038/2800 2287/3037/2799
f 2283/3050/2812 2284/2320/2179 2289/2328/2187 2288/3038/2800
f 2762/2288/2149 1762/3051/2813 1757/3039/2801 2772/2282/2143
f 1762/3051/2813 1761/3052/2814 1756/3040/2802 1757/3039/2801
f 1761/3052/2814 1760/3053/2815 1755/3041/2803 1756/3040/2802
f 1760/3053/2815 1759/3054/2816 1754/3042/2804 1755/3041/2803
f 1759/3054/2816 1758/1796/1663 1753/2326/2185 1754/3042/2804
f 2785/2130/1993 2145/2790/2570 2150/3043/2805 2786/2124/1987
f 2145/2790/2570 2146/2792/2572 2151/3044/2806 2150/3043/2805
f 2146/2792/2572 2147/2794/2574 2152/3045/2807 2151/3044/2806
f 2147/2794/2574 2148/2796/2576 2153/3046/2808 2152/3045/2807
f 2148/2796/2576 2149/2321/2180 2154/2324/2183 2153/3046/2808
f 2811/1970/1837 2275/2798/2578 2280/3047/2809 2812/1964/1831
f 2275/2798/2578 2276/2800/2580 2281/3048/2810 2280/3047/2809
f 2276/2800/2580 2277/2802/2582 2282/3049/2811 2281/3048/2810
f 2277/2802/2582 2278/2804/2584 2283/3050/2812 2282/3049/2811
f 2278/2804/2584 2279/2317/2176 2284/2320/2179 2283/3050/2812
f 2767/2312/2171 1787/2359/2218 1782/2979/2741 2764/1922/1789
f 1787/2359/2218 1786/2784/2564 1781/2980/2742 1782/2979/2741
f 1786/2784/2564 1785/2786/2566 1780/2981/2743 1781/2980/2742
f 1785/2786/2566 1784/2788/2568 1779/2982/2744 1780/2981/2743
f 1784/2788/2568 1783/2313/2172 1778/2316/2175 1779/2982/2744
f 2774/2294/2155 1767/3055/2586 1762/3051/2813 2762/2288/2149
f 1767/3055/2586 1766/3056/2588 1761/3052/2814 1762/3051/2813
f 1766/3056/2588 1765/3057/2590 1760/3053/2815 1761/3052/2814
f 1765/3057/2590 1764/3058/2592 1759/3054/2816 1760/3053/2815
f 1764/3058/2592 1763/1793/1660 1758/1796/1663 1759/3054/2816
f 2376/3059/2817 2306/2454/2305 2368/2778/2559 2747/3060/2818
f 2393/3061/2819 2309/2471/2317 2308/2465/2313 2387/3062/2820
f 2399/3063/2821 2310/2477/2321 2309/2471/2317 2393/3061/2819
f 2405/3064/2822 2311/2482/2325 2310/2477/2321 2399/3063/2821
f 2411/3065/2823 2312/2487/2329 2311/2482/2325 2405/3064/2822
f 2417/3066/2824 2313/2493/2333 2312/2487/2329 2411/3065/2823
f 2423/3067/2825 2314/2498/2337 2313/2493/2333 2417/3066/2824
f 2429/3068/2826 2315/2503/2341 2314/2498/2337 2423/3067/2825
f 2435/3069/2827 2316/2508/2345 2315/2503/2341 2429/3068/2826
f 2441/3070/2828 2317/2513/2349 2316/2508/2345 2435/3069/2827
f 2447/3071/2829 2318/2518/2353 2317/2513/2349 2441/3070/2828
f 2453/3072/2830 2319/2523/2357 2318/2518/2353 2447/3071/2829
f 2459/3073/2831 2320/2528/2361 2319/2523/2357 2453/3072/2830
f 2465/3074/2832 2321/2533/2366 2320/2528/2361 2459/3073/2831
f 2471/3075/2833 2322/2538/2371 2321/2533/2366 2465/3074/2832
f 2477/3076/2834 2323/2544/2376 2322/2538/2371 2471/3075/2833
f 2483/3077/2835 2324/2550/2380 2323/2544/2376 2477/3076/2834
f 2489/3078/2836 2325/2555/2384 2324/2550/2380 2483/3077/2835
f 2495/3079/2837 2326/2560/2388 2325/2555/2384 2489/3078/2836
f 2501/3080/2838 2327/2566/2392 2326/2560/2388 2495/3079/2837
f 2507/3081/2839 2328/2571/2396 2327/2566/2392 2501/3080/2838
f 2513/3082/2840 2329/2576/2400 2328/2571/2396 2507/3081/2839
f 2519/3083/2841 2330/2581/2404 2329/2576/2400 2513/3082/2840
f 2525/3084/2842 2331/2586/2408 2330/2581/2404 2519/3083/2841
f 2531/3085/2843 2332/2591/2412 2331/2586/2408 2525/3084/2842
f 2537/3086/2844 2333/2597/2416 2332/2591/2412 2531/3085/2843
f 2543/3087/2845 2334/2602/2420 2333/2597/2416 2537/3086/2844
f 2549/3088/2846 2335/2607/2424 2334/2602/2420 2543/3087/2845
f 2555/3089/2847 2336/2612/2428 2335/2607/2424 2549/3088/2846
f 2561/3090/2848 2337/2618/2432 2336/2612/2428 2555/3089/2847
f 2567/3091/2849 2338/2623/2436 2337/2618/2432 2561/3090/2848
f 2573/3092/2850 2339/2628/2440 2338/2623/2436 2567/3091/2849
f 2579/3093/2851 2340/2633/2444 2339/2628/2440 2573/3092/2850
f 2585/3094/2852 2341/2638/2448 2340/2633/2444 2579/3093/2851
f 2591/3095/2853 2342/2643/2452 2341/2638/2448 2585/3094/2852
f 2597/3096/2854 2343/2648/2456 2342/2643/2452 2591/3095/2853
f 2603/3097/2855 2344/2654/2460 2343/2648/2456 2597/3096/2854
f 2609/3098/2856 2345/2660/2464 2344/2654/2460 2603/3097/2855
f 2615/3099/2857 2346/2666/2468 2345/2660/2464 2609/3098/2856
f 2621/3100/2858 2347/2671/2472 2346/2666/2468 2615/3099/2857
f 2627/3101/2859 2348/2676/2476 2347/2671/2472 2621/3100/2858
f 2633/3102/2860 2349/2681/2480 2348/2676/2476 2627/3101/2859
f 2639/3103/2861 2350/2686/2484 2349/2681/2480 2633/3102/2860
f 2645/3104/2862 2351/2691/2488 2350/2686/2484 2639/3103/2861
f 2651/3105/2863 2352/2696/2492 2351/2691/2488 2645/3104/2862
f 2657/3106/2864 2353/2701/2497 2352/2696/2492 2651/3105/2863
f 2663/3107/2865 2354/2706/2502 2353/2701/2497 2657/3106/2864
f 2669/3108/2866 2355/2711/2507 2354/2706/2502 2663/3107/2865
f 2675/3109/2867 2356/2716/2511 2355/2711/2507 2669/3108/2866
f 2681/3110/2868 2357/2721/2515 2356/2716/2511 2675/3109/2867
f 2687/3111/2869 2358/2726/2519 2357/2721/2515 2681/3110/2868
f 2693/3112/2870 2359/2731/2523 2358/2726/2519 2687/3111/2869
f 2699/3113/2871 2360/2736/2527 2359/2731/2523 2693/3112/2870
f 2705/3114/2872 2361/2741/2531 2360/2736/2527 2699/3113/2871
f 2711/3115/2873 2362/2746/2535 2361/2741/2531 2705/3114/2872
f 2717/3116/2874 2363/2751/2539 2362/2746/2535 2711/3115/2873
f 2723/3117/2875 2364/2758/2543 2363/2751/2539 2717/3116/2874
f 2729/3118/2876 2365/2763/2547 2364/2758/2543 2723/3117/2875
f 2735/3119/2877 2366/2768/2551 2365/2763/2547 2729/3118/2876
f 2741/3120/2878 2367/2773/2555 2366/2768/2551 2735/3119/2877
f 2747/3060/2818 2368/2778/2559 2367/2773/2555 2741/3120/2878
f 2387/3062/2820 2308/2465/2313 2307/2435/2290 2381/2434/2289
f 2370/3121/2879 2374/3122/2880 2377/3123/2881 2375/3124/2882
f 2374/3122/2880 2373/3125/2883 2378/3126/2884 2377/3123/2881
f 2373/3125/2883 2372/3127/2885 2379/3128/2886 2378/3126/2884
f 2372/3127/2885 2371/3129/2887 2380/3130/2888 2379/3128/2886
f 2371/3129/2887 2369/2437/2292 2376/3059/2817 2380/3130/2888
f 2382/3131/2889 2386/3132/2890 2374/3122/2880 2370/3121/2879
f 2386/3132/2890 2385/3133/2891 2373/3125/2883 2374/3122/2880
f 2385/3133/2891 2384/3134/2892 2372/3127/2885 2373/3125/2883
f 2384/3134/2892 2383/3135/2893 2371/3129/2887 2372/3127/2885
f 2383/3135/2893 2381/2434/2289 2369/2437/2292 2371/3129/2887
f 2388/3136/2894 2392/3137/2895 2386/3132/2890 2382/3131/2889
f 2392/3137/2895 2391/3138/2896 2385/3133/2891 2386/3132/2890
f 2391/3138/2896 2390/3139/2897 2384/3134/2892 2385/3133/2891
f 2390/3139/2897 2389/3140/2898 2383/3135/2893 2384/3134/2892
f 2389/3140/2898 2387/3062/2820 2381/2434/2289 2383/3135/2893
f 2394/3141/2899 2398/3142/2900 2392/3137/2895 2388/3136/2894
f 2398/3142/2900 2397/3143/2901 2391/3138/2896 2392/3137/2895
f 2397/3143/2901 2396/3144/2902 2390/3139/2897 2391/3138/2896
f 2396/3144/2902 2395/3145/2903 2389/3140/2898 2390/3139/2897
f 2395/3145/2903 2393/3061/2819 2387/3062/2820 2389/3140/2898
f 2400/3146/2904 2404/3147/2905 2398/3142/2900 2394/3141/2899
f 2404/3147/2905 2403/3148/2906 2397/3143/2901 2398/3142/2900
f 2403/3148/2906 2402/3149/2907 2396/3144/2902 2397/3143/2901
f 2402/3149/2907 2401/3150/2908 2395/3145/2903 2396/3144/2902
f 2401/3150/2908 2399/3063/2821 2393/3061/2819 2395/3145/2903
f 2406/3151/2909 2410/3152/2910 2404/3147/2905 2400/3146/2904
f 2410/3152/2910 2409/3153/2911 2403/3148/2906 2404/3147/2905
f 2409/3153/2911 2408/3154/2912 2402/3149/2907 2403/3148/2906
f 2408/3154/2912 2407/3155/2913 2401/3150/2908 2402/3149/2907
f 2407/3155/2913 2405/3064/2822 2399/3063/2821 2401/3150/2908
f 2412/3156/2914 2416/3157/2915 2410/3152/2910 2406/3151/2909
f 2416/3157/2915 2415/3158/2916 2409/3153/2911 2410/3152/2910
f 2415/3158/2916 2414/3159/2917 2408/3154/2912 2409/3153/2911
f 2414/3159/2917 2413/3160/2918 2407/3155/2913 2408/3154/2912
f 2413/3160/2918 2411/3065/2823 2405/3064/2822 2407/3155/2913
f 2418/3161/2919 2422/3162/2920 2416/3157/2915 2412/3156/2914
f 2422/3162/2920 2421/3163/2921 2415/3158/2916 2416/3157/2915
f 2421/3163/2921 2420/3164/2922 2414/3159/2917 2415/3158/2916
f 2420/3164/2922 2419/3165/2923 2413/3160/2918 2414/3159/2917
f 2419/3165/2923 2417/3066/2824 2411/3065/2823 2413/3160/2918
f 2424/3166/2924 2428/3167/2925 2422/3162/2920 2418/3161/2919
f 2428/3167/2925 2427/3168/2926 2421/3163/2921 2422/3162/2920
f 2427/3168/2926 2426/3169/2927 2420/3164/2922 2421/3163/2921
f 2426/3169/2927 2425/3170/2928 2419/3165/2923 2420/3164/2922
f 2425/3170/2928 2423/3067/2825 2417/3066/2824 2419/3165/2923
f 2430/3171/2929 2434/3172/2930 2428/3167/2925 2424/3166/2924
f 2434/3172/2930 2433/3173/2931 2427/3168/2926 2428/3167/2925
f 2433/3173/2931 2432/3174/2932 2426/3169/2927 2427/3168/2926
f 2432/3174/2932 2431/3175/2933 2425/3170/2928 2426/3169/2927
f 2431/3175/2933 2429/3068/2826 2423/3067/2825 2425/3170/2928
f 2436/3176/2934 2440/3177/2935 2434/3172/2930 2430/3171/2929
f 2440/3177/2935 2439/3178/2936 2433/3173/2931 2434/3172/2930
f 2439/3178/2936 2438/3179/2937 2432/3174/2932 2433/3173/2931
f 2438/3179/2937 2437/3180/2938 2431/3175/2933 2432/3174/2932
f 2437/3180/2938 2435/3069/2827 2429/3068/2826 2431/3175/2933
f 2442/3181/2939 2446/3182/2940 2440/3177/2935 2436/3176/2934
f 2446/3182/2940 2445/3183/2941 2439/3178/2936 2440/3177/2935
f 2445/3183/2941 2444/3184/2942 2438/3179/2937 2439/3178/2936
f 2444/3184/2942 2443/3185/2943 2437/3180/2938 2438/3179/2937
f 2443/3185/2943 2441/3070/2828 2435/3069/2827 2437/3180/2938
f 2448/3186/2944 2452/3187/2945 2446/3182/2940 2442/3181/2939
f 2452/3187/2945 2451/3188/2946 2445/3183/2941 2446/3182/2940
f 2451/3188/2946 2450/3189/2947 2444/3184/2942 2445/3183/2941
f 2450/3189/2947 2449/3190/2948 2443/3185/2943 2444/3184/2942
f 2449/3190/2948 2447/3071/2829 2441/3070/2828 2443/3185/2943
f 2454/3191/2949 2458/3192/2950 2452/3187/2945 2448/3186/2944
f 2458/3192/2950 2457/3193/2951 2451/3188/2946 2452/3187/2945
f 2457/3193/2951 2456/3194/2952 2450/3189/2947 2451/3188/2946
f 2456/3194/2952 2455/3195/2953 2449/3190/2948 2450/3189/2947
f 2455/3195/2953 2453/3072/2830 2447/3071/2829 2449/3190/2948
f 2460/3196/2954 2464/3197/2955 2458/3192/2950 2454/3191/2949
f 2464/3197/2955 2463/3198/2956 2457/3193/2951 2458/3192/2950
f 2463/3198/2956 2462/3199/2957 2456/3194/2952 2457/3193/2951
f 2462/3199/2957 2461/3200/2958 2455/3195/2953 2456/3194/2952
f 2461/3200/2958 2459/3073/2831 2453/3072/2830 2455/3195/2953
f 2466/3201/2959 2470/3202/2960 2464/3197/2955 2460/3196/2954
f 2470/3202/2960 2469/3203/2961 2463/3198/2956 2464/3197/2955
f 2469/3203/2961 2468/3204/2962 2462/3199/2957 2463/3198/2956
f 2468/3204/2962 2467/3205/2963 2461/3200/2958 2462/3199/2957
f 2467/3205/2963 2465/3074/2832 2459/3073/2831 2461/3200/2958
f 2472/3206/2964 2476/3207/2965 2470/3202/2960 2466/3201/2959
f 2476/3207/2965 2475/3208/2966 2469/3203/2961 2470/3202/2960
f 2475/3208/2966 2474/3209/2967 2468/3204/2962 2469/3203/2961
f 2474/3209/2967 2473/3210/2968 2467/3205/2963 2468/3204/2962
f 2473/3210/2968 2471/3075/2833 2465/3074/2832 2467/3205/2963
f 2478/3211/2969 2482/3212/2970 2476/3207/2965 2472/3206/2964
f 2482/3212/2970 2481/3213/2971 2475/3208/2966 2476/3207/2965
f 2481/3213/2971 2480/3214/2972 2474/3209/2967 2475/3208/2966
f 2480/3214/2972 2479/3215/2973 2473/3210/2968 2474/3209/2967
f 2479/3215/2973 2477/3076/2834 2471/3075/2833 2473/3210/2968
f 2484/3216/2974 2488/3217/2975 2482/3212/2970 2478/3211/2969
f 2488/3217/2975 2487/3218/2976 2481/3213/2971 2482/3212/2970
f 2487/3218/2976 2486/3219/2977 2480/3214/2972 2481/3213/2971
f 2486/3219/2977 2485/3220/2978 2479/3215/2973 2480/3214/2972
f 2485/3220/2978 2483/3077/2835 2477/3076/2834 2479/3215/2973
f 2490/3221/2979 2494/3222/2980 2488/3217/2975 2484/3216/2974
f 2494/3222/2980 2493/3223/2981 2487/3218/2976 2488/3217/2975
f 2493/3223/2981 2492/3224/2982 2486/3219/2977 2487/3218/2976
f 2492/3224/2982 2491/3225/2983 2485/3220/2978 2486/3219/2977
f 2491/3225/2983 2489/3078/2836 2483/3077/2835 2485/3220/2978
f 2496/3226/2984 2500/3227/2985 2494/3222/2980 2490/3221/2979
f 2500/3227/2985 2499/3228/2986 2493/3223/2981 2494/3222/2980
f 2499/3228/2986 2498/3229/2987 2492/3224/2982 2493/3223/2981
f 2498/3229/2987 2497/3230/2988 2491/3225/2983 2492/3224/2982
f 2497/3230/2988 2495/3079/2837 2489/3078/2836 2491/3225/2983
f 2502/3231/2989 2506/3232/2990 2500/3227/2985 2496/3226/2984
f 2506/3232/2990 2505/3233/2991 2499/3228/2986 2500/3227/2985
f 2505/3233/2991 2504/3234/2992 2498/3229/2987 2499/3228/2986
f 2504/3234/2992 2503/3235/2993 2497/3230/2988 2498/3229/2987
f 2503/3235/2993 2501/3080/2838 2495/3079/2837 2497/3230/2988
f 2508/3236/2994 2512/3237/2995 2506/3232/2990 2502/3231/2989
f 2512/3237/2995 2511/3238/2996 2505/3233/2991 2506/3232/2990
f 2511/3238/2996 2510/3239/2997 2504/3234/2992 2505/3233/2991
f 2510/3239/2997 2509/3240/2998 2503/3235/2993 2504/3234/2992
f 2509/3240/2998 2507/3081/2839 2501/3080/2838 2503/3235/2993
f 2514/3241/2999 2518/3242/3000 2512/3237/2995 2508/3236/2994
f 2518/3242/3000 2517/3243/3001 2511/3238/2996 2512/3237/2995
f 2517/3243/3001 2516/3244/3002 2510/3239/2997 2511/3238/2996
f 2516/3244/3002 2515/3245/3003 2509/3240/2998 2510/3239/2997
f 2515/3245/3003 2513/3082/2840 2507/3081/2839 2509/3240/2998
f 2520/3246/3004 2524/3247/3005 2518/3242/3000 2514/3241/2999
f 2524/3247/3005 2523/3248/3006 2517/3243/3001 2518/3242/3000
f 2523/3248/3006 2522/3249/3007 2516/3244/3002 2517/3243/3001
f 2522/3249/3007 2521/3250/3008 2515/3245/3003 2516/3244/3002
f 2521/3250/3008 2519/3083/2841 2513/3082/2840 2515/3245/3003
f 2526/3251/3009 2530/3252/3010 2524/3247/3005 2520/3246/3004
f 2530/3252/3010 2529/3253/3011 2523/3248/3006 2524/3247/3005
f 2529/3253/3011 2528/3254/3012 2522/3249/3007 2523/3248/3006
f 2528/3254/3012 2527/3255/3013 2521/3250/3008 2522/3249/3007
f 2527/3255/3013 2525/3084/2842 2519/3083/2841 2521/3250/3008
f 2532/3256/3014 2536/3257/3015 2530/3252/3010 2526/3251/3009
f 2536/3257/3015 2535/3258/3016 2529/3253/3011 2530/3252/3010
f 2535/3258/3016 2534/3259/3017 2528/3254/3012 2529/3253/3011
f 2534/3259/3017 2533/3260/3018 2527/3255/3013 2528/3254/3012
f 2533/3260/3018 2531/3085/2843 2525/3084/2842 2527/3255/3013
f 2538/3261/3019 2542/3262/3020 2536/3257/3015 2532/3256/3014
f 2542/3262/3020 2541/3263/3021 2535/3258/3016 2536/3257/3015
f 2541/3263/3021 2540/3264/3022 2534/3259/3017 2535/3258/3016
f 2540/3264/3022 2539/3265/3023 2533/3260/3018 2534/3259/3017
f 2539/3265/3023 2537/3086/2844 2531/3085/2843 2533/3260/3018
f 2544/3266/3024 2548/3267/3025 2542/3262/3020 2538/3261/3019
f 2548/3267/3025 2547/3268/3026 2541/3263/3021 2542/3262/3020
f 2547/3268/3026 2546/3269/3027 2540/3264/3022 2541/3263/3021
f 2546/3269/3027 2545/3270/3028 2539/3265/3023 2540/3264/3022
f 2545/3270/3028 2543/3087/2845 2537/3086/2844 2539/3265/3023
f 2550/3271/3029 2554/3272/3030 2548/3267/3025 2544/3266/3024
f 2554/3272/3030 2553/3273/3031 2547/3268/3026 2548/3267/3025
f 2553/3273/3031 2552/3274/3032 2546/3269/3027 2547/3268/3026
f 2552/3274/3032 2551/3275/3033 2545/3270/3028 2546/3269/3027
f 2551/3275/3033 2549/3088/2846 2543/3087/2845 2545/3270/3028
f 2556/3276/3034 2560/3277/3035 2554/3272/3030 2550/3271/3029
f 2560/3277/3035 2559/3278/3036 2553/3273/3031 2554/3272/3030
f 2559/3278/3036 2558/3279/3037 2552/3274/3032 2553/3273/3031
f 2558/3279/3037 2557/3280/3038 2551/3275/3033 2552/3274/3032
f 2557/3280/3038 2555/3089/2847 2549/3088/2846 2551/3275/3033
f 2562/3281/3039 2566/3282/3040 2560/3277/3035 2556/3276/3034
f 2566/3282/3040 2565/3283/3041 2559/3278/3036 2560/3277/3035
f 2565/3283/3041 2564/3284/3042 2558/3279/3037 2559/3278/3036
f 2564/3284/3042 2563/3285/3043 2557/3280/3038 2558/3279/3037
f 2563/3285/3043 2561/3090/2848 2555/3089/2847 2557/3280/3038
f 2568/3286/3044 2572/3287/3045 2566/3282/3040 2562/3281/3039
f 2572/3287/3045 2571/3288/3046 2565/3283/3041 2566/3282/3040
f 2571/3288/3046 2570/3289/3047 2564/3284/3042 2565/3283/3041
f 2570/3289/3047 2569/3290/3048 2563/3285/3043 2564/3284/3042
f 2569/3290/3048 2567/3091/2849 2561/3090/2848 2563/3285/3043
f 2574/3291/3049 2578/3292/3050 2572/3287/3045 2568/3286/3044
f 2578/3292/3050 2577/3293/3051 2571/3288/3046 2572/3287/3045
f 2577/3293/3051 2576/3294/3052 2570/3289/3047 2571/3288/3046
f 2576/3294/3052 2575/3295/3053 2569/3290/3048 2570/3289/3047
f 2575/3295/3053 2573/3092/2850 2567/3091/2849 2569/3290/3048
f 2580/3296/3054 2584/3297/3055 2578/3292/3050 2574/3291/3049
f 2584/3297/3055 2583/3298/3056 2577/3293/3051 2578/3292/3050
f 2583/3298/3056 2582/3299/3057 2576/3294/3052 2577/3293/3051
f 2582/3299/3057 2581/3300/3058 2575/3295/3053 2576/3294/3052
f 2581/3300/3058 2579/3093/2851 2573/3092/2850 2575/3295/3053
f 2586/3301/3059 2590/3302/3060 2584/3297/3055 2580/3296/3054
f 2590/3302/3060 2589/3303/3061 2583/3298/3056 2584/3297/3055
f 2589/3303/3061 2588/3304/3062 2582/3299/3057 2583/3298/3056
f 2588/3304/3062 2587/3305/3063 2581/3300/3058 2582/3299/3057
f 2587/3305/3063 2585/3094/2852 2579/3093/2851 2581/3300/3058
f 2592/3306/3064 2596/3307/3065 2590/3302/3060 2586/3301/3059
f 2596/3307/3065 2595/3308/3066 2589/3303/3061 2590/3302/3060
f 2595/3308/3066 2594/3309/3067 2588/3304/3062 2589/3303/3061
f 2594/3309/3067 2593/3310/3068 2587/3305/3063 2588/3304/3062
f 2593/3310/3068 2591/3095/2853 2585/3094/2852 2587/3305/3063
f 2598/3311/3069 2602/3312/3070 2596/3307/3065 2592/3306/3064
f 2602/3312/3070 2601/3313/3071 2595/3308/3066 2596/3307/3065
f 2601/3313/3071 2600/3314/3072 2594/3309/3067 2595/3308/3066
f 2600/3314/3072 2599/3315/3073 2593/3310/3068 2594/3309/3067
f 2599/3315/3073 2597/3096/2854 2591/3095/2853 2593/3310/3068
f 2604/3316/3074 2608/3317/3075 2602/3312/3070 2598/3311/3069
f 2608/3317/3075 2607/3318/3076 2601/3313/3071 2602/3312/3070
f 2607/3318/3076 2606/3319/3077 2600/3314/3072 2601/3313/3071
f 2606/3319/3077 2605/3320/3078 2599/3315/3073 2600/3314/3072
f 2605/3320/3078 2603/3097/2855 2597/3096/2854 2599/3315/3073
f 2610/3321/3079 2614/3322/3080 2608/3317/3075 2604/3316/3074
f 2614/3322/3080 2613/3323/3081 2607/3318/3076 2608/3317/3075
f 2613/3323/3081 2612/3324/3082 2606/3319/3077 2607/3318/3076
f 2612/3324/3082 2611/3325/3083 2605/3320/3078 2606/3319/3077
f 2611/3325/3083 2609/3098/2856 2603/3097/2855 2605/3320/3078
f 2616/3326/3084 2620/3327/3085 2614/3322/3080 2610/3321/3079
f 2620/3327/3085 2619/3328/3086 2613/3323/3081 2614/3322/3080
f 2619/3328/3086 2618/3329/3087 2612/3324/3082 2613/3323/3081
f 2618/3329/3087 2617/3330/3088 2611/3325/3083 2612/3324/3082
f 2617/3330/3088 2615/3099/2857 2609/3098/2856 2611/3325/3083
f 2622/3331/3089 2626/3332/3090 2620/3327/3085 2616/3326/3084
f 2626/3332/3090 2625/3333/3091 2619/3328/3086 2620/3327/3085
f 2625/3333/3091 2624/3334/3092 2618/3329/3087 2619/3328/3086
f 2624/3334/3092 2623/3335/3093 2617/3330/3088 2618/3329/3087
f 2623/3335/3093 2621/3100/2858 2615/3099/2857 2617/3330/3088
f 2628/3336/3094 2632/3337/3095 2626/3332/3090 2622/3331/3089
f 2632/3337/3095 2631/3338/3096 2625/3333/3091 2626/3332/3090
f 2631/3338/3096 2630/3339/3097 2624/3334/3092 2625/3333/3091
f 2630/3339/3097 2629/3340/3098 2623/3335/3093 2624/3334/3092
f 2629/3340/3098 2627/3101/2859 2621/3100/2858 2623/3335/3093
f 2634/3341/3099 2638/3342/3100 2632/3337/3095 2628/3336/3094
f 2638/3342/3100 2637/3343/3101 2631/3338/3096 2632/3337/3095
f 2637/3343/3101 2636/3344/3102 2630/3339/3097 2631/3338/3096
f 2636/3344/3102 2635/3345/3103 2629/3340/3098 2630/3339/3097
f 2635/3345/3103 2633/3102/2860 2627/3101/2859 2629/3340/3098
f 2640/3346/3104 2644/3347/3105 2638/3342/3100 2634/3341/3099
f 2644/3347/3105 2643/3348/3106 2637/3343/3101 2638/3342/3100
f 2643/3348/3106 2642/3349/3107 2636/3344/3102 2637/3343/3101
f 2642/3349/3107 2641/3350/3108 2635/3345/3103 2636/3344/3102
f 2641/3350/3108 2639/3103/2861 2633/3102/2860 2635/3345/3103
f 2646/3351/3109 2650/3352/3110 2644/3347/3105 2640/3346/3104
f 2650/3352/3110 2649/3353/3111 2643/3348/3106 2644/3347/3105
f 2649/3353/3111 2648/3354/3112 2642/3349/3107 2643/3348/3106
f 2648/3354/3112 2647/3355/3113 2641/3350/3108 2642/3349/3107
f 2647/3355/3113 2645/3104/2862 2639/3103/2861 2641/3350/3108
f 2652/3356/3114 2656/3357/3115 2650/3352/3110 2646/3351/3109
f 2656/3357/3115 2655/3358/3116 2649/3353/3111 2650/3352/3110
f 2655/3358/3116 2654/3359/3117 2648/3354/3112 2649/3353/3111
f 2654/3359/3117 2653/3360/3118 2647/3355/3113 2648/3354/3112
f 2653/3360/3118 2651/3105/2863 2645/3104/2862 2647/3355/3113
f 2658/3361/3119 2662/3362/3120 2656/3357/3115 2652/3356/3114
f 2662/3362/3120 2661/3363/3121 2655/3358/3116 2656/3357/3115
f 2661/3363/3121 2660/3364/3122 2654/3359/3117 2655/3358/3116
f 2660/3364/3122 2659/3365/3123 2653/3360/3118 2654/3359/3117
f 2659/3365/3123 2657/3106/2864 2651/3105/2863 2653/3360/3118
f 2664/3366/3124 2668/3367/3125 2662/3362/3120 2658/3361/3119
f 2668/3367/3125 2667/3368/3126 2661/3363/3121 2662/3362/3120
f 2667/3368/3126 2666/3369/3127 2660/3364/3122 2661/3363/3121
f 2666/3369/3127 2665/3370/3128 2659/3365/3123 2660/3364/3122
f 2665/3370/3128 2663/3107/2865 2657/3106/2864 2659/3365/3123
f 2670/3371/3129 2674/3372/3130 2668/3367/3125 2664/3366/3124
f 2674/3372/3130 2673/3373/3131 2667/3368/3126 2668/3367/3125
f 2673/3373/3131 2672/3374/3132 2666/3369/3127 2667/3368/3126
f 2672/3374/3132 2671/3375/3133 2665/3370/3128 2666/3369/3127
f 2671/3375/3133 2669/3108/2866 2663/3107/2865 2665/3370/3128
f 2676/3376/3134 2680/3377/3135 2674/3372/3130 2670/3371/3129
f 2680/3377/3135 2679/3378/3136 2673/3373/3131 2674/3372/3130
f 2679/3378/3136 2678/3379/3137 2672/3374/3132 2673/3373/3131
f 2678/3379/3137 2677/3380/3138 2671/3375/3133 2672/3374/3132
f 2677/3380/3138 2675/3109/2867 2669/3108/2866 2671/3375/3133
f 2682/3381/3139 2686/3382/3140 2680/3377/3135 2676/3376/3134
f 2686/3382/3140 2685/3383/3141 2679/3378/3136 2680/3377/3135
f 2685/3383/3141 2684/3384/3142 2678/3379/3137 2679/3378/3136
f 2684/3384/3142 2683/3385/3143 2677/3380/3138 2678/3379/3137
f 2683/3385/3143 2681/3110/2868 2675/3109/2867 2677/3380/3138
f 2688/3386/3144 2692/3387/3145 2686/3382/3140 2682/3381/3139
f 2692/3387/3145 2691/3388/3146 2685/3383/3141 2686/3382/3140
f 2691/3388/3146 2690/3389/3147 2684/3384/3142 2685/3383/3141
f 2690/3389/3147 2689/3390/3148 2683/3385/3143 2684/3384/3142
f 2689/3390/3148 2687/3111/2869 2681/3110/2868 2683/3385/3143
f 2694/3391/3149 2698/3392/3150 2692/3387/3145 2688/3386/3144
f 2698/3392/3150 2697/3393/3151 2691/3388/3146 2692/3387/3145
f 2697/3393/3151 2696/3394/3152 2690/3389/3147 2691/3388/3146
f 2696/3394/3152 2695/3395/3153 2689/3390/3148 2690/3389/3147
f 2695/3395/3153 2693/3112/2870 2687/3111/2869 2689/3390/3148
f 2700/3396/3154 2704/3397/3155 2698/3392/3150 2694/3391/3149
f 2704/3397/3155 2703/3398/3156 2697/3393/3151 2698/3392/3150
f 2703/3398/3156 2702/3399/3157 2696/3394/3152 2697/3393/3151
f 2702/3399/3157 2701/3400/3158 2695/3395/3153 2696/3394/3152
f 2701/3400/3158 2699/3113/2871 2693/3112/2870 2695/3395/3153
f 2706/3401/3159 2710/3402/3160 2704/3397/3155 2700/3396/3154
f 2710/3402/3160 2709/3403/3161 2703/3398/3156 2704/3397/3155
f 2709/3403/3161 2708/3404/3162 2702/3399/3157 2703/3398/3156
f 2708/3404/3162 2707/3405/3163 2701/3400/3158 2702/3399/3157
f 2707/3405/3163 2705/3114/2872 2699/3113/2871 2701/3400/3158
f 2712/3406/3164 2716/3407/3165 2710/3402/3160 2706/3401/3159
f 2716/3407/3165 2715/3408/3166 2709/3403/3161 2710/3402/3160
f 2715/3408/3166 2714/3409/3167 2708/3404/3162 2709/3403/3161
f 2714/3409/3167 2713/3410/3168 2707/3405/3163 2708/3404/3162
f 2713/3410/3168 2711/3115/2873 2705/3114/2872 2707/3405/3163
f 2718/3411/3169 2722/3412/3170 2716/3407/3165 2712/3406/3164
f 2722/3412/3170 2721/3413/3171 2715/3408/3166 2716/3407/3165
f 2721/3413/3171 2720/3414/3172 2714/3409/3167 2715/3408/3166
f 2720/3414/3172 2719/3415/3173 2713/3410/3168 2714/3409/3167
f 2719/3415/3173 2717/3116/2874 2711/3115/2873 2713/3410/3168
f 2724/3416/3174 2728/3417/3175 2722/3412/3170 2718/3411/3169
f 2728/3417/3175 2727/3418/3176 2721/3413/3171 2722/3412/3170
f 2727/3418/3176 2726/3419/3177 2720/3414/3172 2721/3413/3171
f 2726/3419/3177 2725/3420/3178 2719/3415/3173 2720/3414/3172
f 2725/3420/3178 2723/3117/2875 2717/3116/2874 2719/3415/3173
f 2730/3421/3179 2734/3422/3180 2728/3417/3175 2724/3416/3174
f 2734/3422/3180 2733/3423/3181 2727/3418/3176 2728/3417/3175
f 2733/3423/3181 2732/3424/3182 2726/3419/3177 2727/3418/3176
f 2732/3424/3182 2731/3425/3183 2725/3420/3178 2726/3419/3177
f 2731/3425/3183 2729/3118/2876 2723/3117/2875 2725/3420/3178
f 2736/3426/3184 2740/3427/3185 2734/3422/3180 2730/3421/3179
f 2740/3427/3185 2739/3428/3186 2733/3423/3181 2734/3422/3180
f 2739/3428/3186 2738/3429/3187 2732/3424/3182 2733/3423/3181
f 2738/3429/3187 2737/3430/3188 2731/3425/3183 2732/3424/3182
f 2737/3430/3188 2735/3119/2877 2729/3118/2876 2731/3425/3183
f 2742/3431/3189 2746/3432/3190 2740/3427/3185 2736/3426/3184
f 2746/3432/3190 2745/3433/3191 2739/3428/3186 2740/3427/3185
f 2745/3433/3191 2744/3434/3192 2738/3429/3187 2739/3428/3186
f 2744/3434/3192 2743/3435/3193 2737/3430/3188 2738/3429/3187
f 2743/3435/3193 2741/3120/2878 2735/3119/2877 2737/3430/3188
f 2748/3436/3194 2752/3437/3195 2746/3432/3190 2742/3431/3189
f 2752/3437/3195 2751/3438/3196 2745/3433/3191 2746/3432/3190
f 2751/3438/3196 2750/3439/3197 2744/3434/3192 2745/3433/3191
f 2750/3439/3197 2749/3440/3198 2743/3435/3193 2744/3434/3192
f 2749/3440/3198 2747/3060/2818 2741/3120/2878 2743/3435/3193
f 2375/3124/2882 2377/3123/2881 2752/3437/3195 2748/3436/3194
f 2377/3123/2881 2378/3126/2884 2751/3438/3196 2752/3437/3195
f 2378/3126/2884 2379/3128/2886 2750/3439/3197 2751/3438/3196
f 2379/3128/2886 2380/3130/2888 2749/3440/3198 2750/3439/3197
f 2380/3130/2888 2376/3059/2817 2747/3060/2818 2749/3440/3198
f 2369/2437/2292 2305/2436/2291 2306/2454/2305 2376/3059/2817
f 2388/3136/2894 2730/3421/3179 2394/3141/2899
f 2598/3311/3069 2526/3251/3009 2604/3316/3074
f 2616/3326/3084 2508/3236/2994 2622/3331/3089
f 2418/3161/2919 2706/3401/3159 2424/3166/2924
f 2622/3331/3089 2502/3231/2989 2628/3336/3094
f 2424/3166/2924 2700/3396/3154 2430/3171/2929
f 2375/3124/2882 2388/3136/2894 2370/3121/2879
f 2604/3316/3074 2520/3246/3004 2610/3321/3079
f 2610/3321/3079 2514/3241/2999 2616/3326/3084
f 2448/3186/2944 2676/3376/3134 2454/3191/2949
f 2664/3366/3124 2460/3196/2954 2670/3371/3129
f 2466/3201/2959 2460/3196/2954 2664/3366/3124
f 2556/3441/3199 2568/3442/3199 2562/3443/3199
f 2544/3266/3024 2538/3261/3019 2586/3301/3059
f 2490/3221/2979 2634/3341/3099 2496/3226/2984
f 2580/3296/3054 2544/3266/3024 2586/3301/3059
f 2628/3336/3094 2496/3226/2984 2634/3341/3099
f 2658/3361/3119 2652/3356/3114 2472/3206/2964
f 2556/3276/3034 2574/3291/3049 2568/3286/3044
f 2580/3296/3054 2574/3291/3049 2550/3271/3029
f 2472/3206/2964 2652/3356/3114 2478/3211/2969
f 2676/3376/3134 2670/3371/3129 2454/3191/2949
f 2526/3251/3009 2520/3246/3004 2604/3316/3074
f 2472/3206/2964 2466/3201/2959 2658/3361/3119
f 2532/3256/3014 2526/3251/3009 2598/3311/3069
f 2430/3171/2929 2694/3391/3149 2436/3176/2934
f 2646/3351/3109 2478/3211/2969 2652/3356/3114
f 2520/3246/3004 2514/3241/2999 2610/3321/3079
f 2502/3231/2989 2496/3226/2984 2628/3336/3094
f 2682/3381/3139 2676/3376/3134 2448/3186/2944
f 2412/3156/2914 2712/3406/3164 2418/3161/2919
f 2688/3386/3144 2682/3381/3139 2442/3181/2939
f 2370/3121/2879 2388/3136/2894 2382/3131/2889
f 2694/3391/3149 2688/3386/3144 2436/3176/2934
f 2508/3236/2994 2502/3231/2989 2622/3331/3089
f 2700/3396/3154 2694/3391/3149 2430/3171/2929
f 2514/3241/2999 2508/3236/2994 2616/3326/3084
f 2706/3401/3159 2700/3396/3154 2424/3166/2924
f 2484/3216/2974 2478/3211/2969 2646/3351/3109
f 2712/3406/3164 2706/3401/3159 2418/3161/2919
f 2640/3346/3104 2634/3341/3099 2490/3221/2979
f 2718/3411/3169 2712/3406/3164 2406/3151/2909
f 2550/3271/3029 2544/3266/3024 2580/3296/3054
f 2724/3416/3174 2718/3411/3169 2400/3146/2904
f 2538/3261/3019 2532/3256/3014 2592/3306/3064
f 2730/3421/3179 2724/3416/3174 2394/3141/2899
f 2436/3176/2934 2688/3386/3144 2442/3181/2939
f 2736/3426/3184 2730/3421/3179 2388/3136/2894
f 2454/3191/2949 2670/3371/3129 2460/3196/2954
f 2394/3141/2899 2724/3416/3174 2400/3146/2904
f 2658/3361/3119 2466/3201/2959 2664/3366/3124
f 2550/3271/3029 2574/3291/3049 2556/3276/3034
f 2640/3346/3104 2484/3216/2974 2646/3351/3109
f 2736/3426/3184 2388/3136/2894 2375/3124/2882
f 2592/3306/3064 2532/3256/3014 2598/3311/3069
f 2375/3124/2882 2748/3436/3194 2736/3426/3184
f 2442/3181/2939 2682/3381/3139 2448/3186/2944
f 2400/3146/2904 2718/3411/3169 2406/3151/2909
f 2406/3151/2909 2712/3406/3164 2412/3156/2914
f 2586/3301/3059 2538/3261/3019 2592/3306/3064
f 2736/3426/3184 2748/3436/3194 2742/3431/3189
f 2490/3221/2979 2484/3216/2974 2640/3346/3104
f 3729/3444/3200 1438/2284/2145 1433/2290/2151 3726/3445/3201
f 3902/1940/1807 2778/1939/1806 2777/2357/2216 3717/3446/3202
f 3888/3447/3203 1703/1960/1827 1698/1966/1833 3885/3448/3204
f 3810/3449/3205 1573/2120/1983 1568/2126/1989 3807/3450/3206
f 3732/3451/3207 1443/2278/2139 1438/2284/2145 3729/3444/3200
f 3891/3452/3208 1708/1954/1821 1703/1960/1827 3888/3447/3203
f 3813/3453/3209 1578/2114/1977 1573/2120/1983 3810/3449/3205
f 3735/3454/3210 1448/2272/2133 1443/2278/2139 3732/3451/3207
f 3894/3455/3211 1713/1948/1815 1708/1954/1821 3891/3452/3208
f 3816/3456/3212 1583/2108/1971 1578/2114/1977 3813/3453/3209
f 3738/3457/3213 1453/2266/2127 1448/2272/2133 3735/3454/3210
f 3897/3458/3214 1718/1942/1809 1713/1948/1815 3894/3455/3211
f 3819/3459/3215 1588/2102/1965 1583/2108/1971 3816/3456/3212
f 3741/3460/3216 1458/2260/2121 1453/2266/2127 3738/3457/3213
f 3900/3461/3217 1723/1934/1801 1718/1942/1809 3897/3458/3214
f 3822/3462/3218 1593/2096/1959 1588/2102/1965 3819/3459/3215
f 3744/3463/3219 1463/2254/2115 1458/2260/2121 3741/3460/3216
f 3903/3464/3220 1728/1928/1795 1723/1934/1801 3900/3461/3217
f 3825/3465/3221 1598/2090/1953 1593/2096/1959 3822/3462/3218
f 3747/3466/3222 1468/2248/2109 1463/2254/2115 3744/3463/3219
f 3828/3467/3223 1603/2084/1947 1598/2090/1953 3825/3465/3221
f 3750/3468/3224 1473/2242/2103 1468/2248/2109 3747/3466/3222
f 3723/3469/3225 1428/2296/2157 1423/2302/2161 3720/3470/3226
f 3831/3471/3227 1608/2076/1941 1603/2084/1947 3828/3467/3223
f 3753/3472/3228 1478/2236/2097 1473/2242/2103 3750/3468/3224
f 3834/3473/3229 1613/2070/1935 1608/2076/1941 3831/3471/3227
f 3756/3474/3230 1483/2230/2091 1478/2236/2097 3753/3472/3228
f 3837/3475/3231 1618/2064/1929 1613/2070/1935 3834/3473/3229
f 3759/3476/3232 1488/2224/2085 1483/2230/2091 3756/3474/3230
f 3840/3477/3233 1623/2058/1923 1618/2064/1929 3837/3475/3231
f 3762/3478/3234 1493/2218/2079 1488/2224/2085 3759/3476/3232
f 3843/3479/3235 1628/2052/1917 1623/2058/1923 3840/3477/3233
f 3765/3480/3236 1498/2212/2073 1493/2218/2079 3762/3478/3234
f 3846/3481/3237 1633/2046/1911 1628/2052/1917 3843/3479/3235
f 3768/3482/3238 1503/2206/2067 1498/2212/2073 3765/3480/3236
f 3849/3483/3239 1638/2040/1905 1633/2046/1911 3846/3481/3237
f 3771/3484/3240 1508/2200/2061 1503/2206/2067 3768/3482/3238
f 3852/3485/3241 1643/2034/1899 1638/2040/1905 3849/3483/3239
f 3774/3486/3242 1513/2194/2055 1508/2200/2061 3771/3484/3240
f 3855/3487/3243 1648/2028/1893 1643/2034/1899 3852/3485/3241
f 3777/3488/3244 1518/2188/2049 1513/2194/2055 3774/3486/3242
f 3858/3489/3245 1653/2022/1887 1648/2028/1893 3855/3487/3243
f 3780/3490/3246 1523/2182/2043 1518/2188/2049 3777/3488/3244
f 3861/3491/3247 1658/2016/1881 1653/2022/1887 3858/3489/3245
f 3783/3492/3248 1528/2176/2037 1523/2182/2043 3780/3490/3246
f 3864/3493/3249 1663/2010/1875 1658/2016/1881 3861/3491/3247
f 3786/3494/3250 1533/2168/2031 1528/2176/2037 3783/3492/3248
f 3867/3495/3251 1668/2004/1869 1663/2010/1875 3864/3493/3249
f 3789/3496/3252 1538/2162/2025 1533/2168/2031 3786/3494/3250
f 3870/3497/3253 1673/1998/1863 1668/2004/1869 3867/3495/3251
f 3792/3498/3254 1543/2156/2019 1538/2162/2025 3789/3496/3252
f 3873/3499/3255 1678/1992/1857 1673/1998/1863 3870/3497/3253
f 3795/3500/3256 1548/2150/2013 1543/2156/2019 3792/3498/3254
f 3876/3501/3257 1683/1984/1851 1678/1992/1857 3873/3499/3255
f 3798/3502/3258 1553/2144/2007 1548/2150/2013 3795/3500/3256
f 3879/3503/3259 1688/1978/1845 1683/1984/1851 3876/3501/3257
f 3801/3504/3260 1558/2138/2001 1553/2144/2007 3798/3502/3258
f 3716/2307/2166 1414/1925/1792 1728/1928/1795 3903/3464/3220
f 3882/3505/3261 1693/1972/1839 1688/1978/1845 3879/3503/3259
f 3804/3506/3262 1563/2132/1995 1558/2138/2001 3801/3504/3260
f 3726/3445/3201 1433/2290/2151 1428/2296/2157 3723/3469/3225
f 3885/3448/3204 1698/1966/1833 1693/1972/1839 3882/3505/3261
f 3807/3450/3206 1568/2126/1989 1563/2132/1995 3804/3506/3262
f 3720/3470/3226 1423/2302/2161 1413/2306/2165 3714/2305/2164
f 1/598/571 10/158/139 2817/3507/3263 2820/3508/3264
f 11/591/564 1/598/571 2820/3508/3264 2822/3509/3265
f 16/586/559 11/591/564 2822/3509/3265 2824/3510/3266
f 21/579/552 16/586/559 2824/3510/3266 2826/3511/3267
f 26/572/545 21/579/552 2826/3511/3267 2828/3512/3268
f 31/565/538 26/572/545 2828/3512/3268 2830/3513/3269
f 36/556/531 31/565/538 2830/3513/3269 2832/3514/3270
f 41/549/524 36/556/531 2832/3514/3270 2834/3515/3271
f 46/542/517 41/549/524 2834/3515/3271 2836/3516/3272
f 51/535/510 46/542/517 2836/3516/3272 2838/3517/3273
f 56/528/503 51/535/510 2838/3517/3273 2840/3518/3274
f 61/521/496 56/528/503 2840/3518/3274 2842/3519/3275
f 66/514/489 61/521/496 2842/3519/3275 2844/3520/3276
f 71/507/482 66/514/489 2844/3520/3276 2846/3521/3277
f 76/500/475 71/507/482 2846/3521/3277 2848/3522/3278
f 81/493/468 76/500/475 2848/3522/3278 2850/3523/3279
f 86/486/461 81/493/468 2850/3523/3279 2852/3524/3280
f 91/479/454 86/486/461 2852/3524/3280 2854/3525/3281
f 96/472/447 91/479/454 2854/3525/3281 2856/3526/3282
f 101/465/440 96/472/447 2856/3526/3282 2858/3527/3283
f 106/458/433 101/465/440 2858/3527/3283 2860/3528/3284
f 111/449/426 106/458/433 2860/3528/3284 2862/3529/3285
f 116/442/419 111/449/426 2862/3529/3285 2864/3530/3286
f 121/435/412 116/442/419 2864/3530/3286 2866/3531/3287
f 126/428/405 121/435/412 2866/3531/3287 2868/3532/3288
f 131/421/398 126/428/405 2868/3532/3288 2870/3533/3289
f 136/414/391 131/421/398 2870/3533/3289 2872/3534/3290
f 141/407/384 136/414/391 2872/3534/3290 2874/3535/3291
f 146/400/377 141/407/384 2874/3535/3291 2876/3536/3292
f 151/393/370 146/400/377 2876/3536/3292 2878/3537/3293
f 156/386/363 151/393/370 2878/3537/3293 2880/3538/3294
f 161/379/356 156/386/363 2880/3538/3294 2882/3539/3295
f 166/372/349 161/379/356 2882/3539/3295 2884/3540/3296
f 171/365/342 166/372/349 2884/3540/3296 2886/3541/3297
f 176/356/335 171/365/342 2886/3541/3297 2888/3542/3298
f 181/349/328 176/356/335 2888/3542/3298 2890/3543/3299
f 186/342/321 181/349/328 2890/3543/3299 2892/3544/3300
f 191/335/314 186/342/321 2892/3544/3300 2894/3545/3301
f 196/328/307 191/335/314 2894/3545/3301 2896/3546/3302
f 201/321/300 196/328/307 2896/3546/3302 2898/3547/3303
f 206/314/293 201/321/300 2898/3547/3303 2900/3548/3304
f 211/307/286 206/314/293 2900/3548/3304 2902/3549/3305
f 216/300/279 211/307/286 2902/3549/3305 2904/3550/3306
f 221/293/272 216/300/279 2904/3550/3306 2906/3551/3307
f 226/286/265 221/293/272 2906/3551/3307 2908/3552/3308
f 231/279/258 226/286/265 2908/3552/3308 2910/3553/3309
f 236/272/251 231/279/258 2910/3553/3309 2912/3554/3310
f 241/265/244 236/272/251 2912/3554/3310 2914/3555/3311
f 246/258/237 241/265/244 2914/3555/3311 2916/3556/3312
f 251/251/230 246/258/237 2916/3556/3312 2918/3557/3313
f 256/244/223 251/251/230 2918/3557/3313 2920/3558/3314
f 261/237/216 256/244/223 2920/3558/3314 2922/3559/3315
f 266/230/209 261/237/216 2922/3559/3315 2924/3560/3316
f 271/223/202 266/230/209 2924/3560/3316 2926/3561/3317
f 276/216/195 271/223/202 2926/3561/3317 2928/3562/3318
f 281/207/188 276/216/195 2928/3562/3318 2930/3563/3319
f 286/200/181 281/207/188 2930/3563/3319 2932/3564/3320
f 291/193/174 286/200/181 2932/3564/3320 2934/3565/3321
f 296/186/167 291/193/174 2934/3565/3321 2936/3566/3322
f 301/179/160 296/186/167 2936/3566/3322 2938/3567/3323
f 306/172/153 301/179/160 2938/3567/3323 2940/3568/3324
f 311/163/144 306/172/153 2940/3568/3324 2942/3569/3325
f 316/157/138 311/163/144 2942/3569/3325 2944/3570/3326
f 10/158/139 316/157/138 2944/3570/3326 2817/3507/3263
f 2820/3508/3327 2817/3507/3328 2818/3571/3328 2819/3572/3329
f 2822/3509/3330 2820/3508/3327 2819/3572/3329 2821/3573/3331
f 2824/3510/3332 2822/3509/3330 2821/3573/3331 2823/3574/3333
f 2826/3511/3334 2824/3510/3332 2823/3574/3333 2825/3575/3335
f 2828/3512/3336 2826/3511/3334 2825/3575/3335 2827/3576/3337
f 2830/3513/3338 2828/3512/3336 2827/3576/3337 2829/3577/3339
f 2832/3514/3340 2830/3513/3338 2829/3577/3339 2831/3578/3341
f 2834/3515/3342 2832/3514/3340 2831/3578/3341 2833/3579/3343
f 2836/3516/3344 2834/3515/3342 2833/3579/3343 2835/3580/3345
f 2838/3517/3346 2836/3516/3344 2835/3580/3345 2837/3581/3347
f 2840/3518/3348 2838/3517/3346 2837/3581/3347 2839/3582/3349
f 2842/3519/3350 2840/3518/3348 2839/3582/3349 2841/3583/3351
f 2844/3520/3352 2842/3519/3350 2841/3583/3351 2843/3584/3353
f 2846/3521/3354 2844/3520/3352 2843/3584/3353 2845/3585/3355
f 2848/3522/3356 2846/3521/3354 2845/3585/3355 2847/3586/3356
f 2850/3523/3357 2848/3522/3356 2847/3586/3356 2849/3587/3357
f 2852/3524/3358 2850/3523/3357 2849/3587/3357 2851/3588/3359
f 2854/3525/3360 2852/3524/3358 2851/3588/3359 2853/3589/3361
f 2856/3526/3362 2854/3525/3360 2853/3589/3361 2855/3590/3363
f 2858/3527/3364 2856/3526/3362 2855/3590/3363 2857/3591/3365
f 2860/3528/3366 2858/3527/3364 2857/3591/3365 2859/3592/3367
f 2862/3529/3368 2860/3528/3366 2859/3592/3367 2861/3593/3369
f 2864/3530/3370 2862/3529/3368 2861/3593/3369 2863/3594/3371
f 2866/3531/3372 2864/3530/3370 2863/3594/3371 2865/3595/3373
f 2868/3532/3374 2866/3531/3372 2865/3595/3373 2867/3596/3375
f 2870/3533/3376 2868/3532/3374 2867/3596/3375 2869/3597/3377
f 2872/3534/3378 2870/3533/3376 2869/3597/3377 2871/3598/3378
f 2874/3535/3379 2872/3534/3378 2871/3598/3378 2873/3599/3380
f 2876/3536/3381 2874/3535/3379 2873/3599/3380 2875/3600/3382
f 2878/3537/3383 2876/3536/3381 2875/3600/3382 2877/3601/3384
f 2880/3538/3385 2878/3537/3383 2877/3601/3384 2879/3602/3386
f 2882/3539/3387 2880/3538/3385 2879/3602/3386 2881/3603/3387
f 2884/3540/3388 2882/3539/3387 2881/3603/3387 2883/3604/3389
f 2886/3541/3390 2884/3540/3388 2883/3604/3389 2885/3605/3391
f 2888/3542/3392 2886/3541/3390 2885/3605/3391 2887/3606/3393
f 2890/3543/3394 2888/3542/3392 2887/3606/3393 2889/3607/3395
f 2892/3544/3396 2890/3543/3394 2889/3607/3395 2891/3608/3397
f 2894/3545/3398 2892/3544/3396 2891/3608/3397 2893/3609/3399
f 2896/3546/3400 2894/3545/3398 2893/3609/3399 2895/3610/3401
f 2898/3547/3402 2896/3546/3400 2895/3610/3401 2897/3611/3403
f 2900/3548/3404 2898/3547/3402 2897/3611/3403 2899/3612/3405
f 2902/3549/3406 2900/3548/3404 2899/3612/3405 2901/3613/3407
f 2904/3550/3408 2902/3549/3406 2901/3613/3407 2903/3614/3409
f 2906/3551/3410 2904/3550/3408 2903/3614/3409 2905/3615/3411
f 2908/3552/3412 2906/3551/3410 2905/3615/3411 2907/3616/3413
f 2910/3553/3414 2908/3552/3412 2907/3616/3413 2909/3617/3415
f 2912/3554/3416 2910/3553/3414 2909/3617/3415 2911/3618/3417
f 2914/3555/3418 2912/3554/3416 2911/3618/3417 2913/3619/3418
f 2916/3556/3419 2914/3555/3418 2913/3619/3418 2915/3620/3419
f 2918/3557/3420 2916/3556/3419 2915/3620/3419 2917/3621/3421
f 2920/3558/3422 2918/3557/3420 2917/3621/3421 2919/3622/3423
f 2922/3559/3424 2920/3558/3422 2919/3622/3423 2921/3623/3425
f 2924/3560/3426 2922/3559/3424 2921/3623/3425 2923/3624/3427
f 2926/3561/3428 2924/3560/3426 2923/3624/3427 2925/3625/3428
f 2928/3562/3429 2926/3561/3428 2925/3625/3428 2927/3626/3430
f 2930/3563/3431 2928/3562/3429 2927/3626/3430 2929/3627/3432
f 2932/3564/3433 2930/3563/3431 2929/3627/3432 2931/3628/3434
f 2934/3565/3435 2932/3564/3433 2931/3628/3434 2933/3629/3436
f 2936/3566/3437 2934/3565/3435 2933/3629/3436 2935/3630/3438
f 2938/3567/3439 2936/3566/3437 2935/3630/3438 2937/3631/3440
f 2940/3568/3441 2938/3567/3439 2937/3631/3440 2939/3632/3442
f 2942/3569/3443 2940/3568/3441 2939/3632/3442 2941/3633/3444
f 2944/3570/3445 2942/3569/3443 2941/3633/3444 2943/3634/3446
f 2817/3507/3328 2944/3570/3445 2943/3634/3446 2818/3571/3328
f 2948/144/3447 2945/8/3448 2946/3635/3448 2947/3636/3449
f 2950/11/3450 2948/144/3447 2947/3636/3449 2949/3637/3451
f 2952/12/3452 2950/11/3450 2949/3637/3451 2951/3638/3453
f 2954/14/3454 2952/12/3452 2951/3638/3453 2953/3639/3455
f 2956/16/3456 2954/14/3454 2953/3639/3455 2955/3640/3457
f 2958/3641/3458 2956/3642/3456 2955/1806/3457 2957/1808/3459
f 2960/3643/3460 2958/3641/3458 2957/1808/3459 2959/1810/3461
f 2962/3644/3462 2960/3643/3460 2959/1810/3461 2961/1812/3463
f 2964/27/3464 2962/3645/3462 2961/3646/3463 2963/3647/3465
f 2966/28/3466 2964/27/3464 2963/3647/3465 2965/3648/3467
f 2968/30/3468 2966/28/3466 2965/3648/3467 2967/3649/3469
f 2970/32/3470 2968/30/3468 2967/3649/3469 2969/3650/3471
f 2972/34/3472 2970/32/3470 2969/3650/3471 2971/3651/3473
f 2974/36/3474 2972/34/3472 2971/3651/3473 2973/3652/3475
f 2976/38/3476 2974/36/3474 2973/3652/3475 2975/3653/3477
f 2978/40/3478 2976/38/3476 2975/3653/3477 2977/3654/3478
f 2980/42/3479 2978/40/3478 2977/3654/3478 2979/3655/3480
f 2982/44/3481 2980/42/3479 2979/3655/3480 2981/3656/3482
f 2984/46/3483 2982/44/3481 2981/3656/3482 2983/3657/3483
f 2986/48/3484 2984/46/3483 2983/3657/3483 2985/3658/3485
f 2988/50/3486 2986/48/3484 2985/3658/3485 2987/3659/3487
f 2990/52/3488 2988/50/3486 2987/3659/3487 2989/3660/3489
f 2992/3661/3490 2990/52/3488 2989/3660/3489 2991/3662/3491
f 2994/3663/3492 2992/3664/3490 2991/1842/3491 2993/1844/3493
f 2996/3665/3494 2994/3663/3492 2993/1844/3493 2995/1846/3495
f 2998/62/3496 2996/60/3494 2995/3666/3495 2997/3667/3497
f 3000/64/3498 2998/62/3496 2997/3667/3497 2999/3668/3499
f 3002/66/3500 3000/64/3498 2999/3668/3499 3001/3669/3501
f 3004/68/3502 3002/66/3500 3001/3669/3501 3003/3670/3503
f 3006/70/3504 3004/68/3502 3003/3670/3503 3005/3671/3505
f 3008/72/3506 3006/70/3504 3005/3671/3505 3007/3672/3507
f 3010/74/3508 3008/72/3506 3007/3672/3507 3009/3673/3508
f 3012/76/3509 3010/74/3508 3009/3673/3508 3011/3674/3510
f 3014/3675/3511 3012/3676/3509 3011/1862/3510 3013/1864/3512
f 3016/3677/3513 3014/3675/3511 3013/1864/3512 3015/1866/3514
f 3018/3678/3515 3016/3677/3513 3015/1866/3514 3017/1868/3516
f 3020/3679/3517 3018/3678/3515 3017/1868/3516 3019/1870/3518
f 3022/3680/3519 3020/3679/3517 3019/1870/3518 3021/1872/3520
f 3024/3681/3521 3022/3680/3519 3021/1872/3520 3023/1874/3522
f 3026/3682/3523 3024/3681/3521 3023/1874/3522 3025/1876/3524
f 3028/3683/3525 3026/3682/3523 3025/1876/3524 3027/1878/3526
f 3030/96/3527 3028/94/3525 3027/3684/3526 3029/3685/3528
f 3032/98/3529 3030/96/3527 3029/3685/3528 3031/3686/3530
f 3034/100/3531 3032/98/3529 3031/3686/3530 3033/3687/3531
f 3036/102/3532 3034/100/3531 3033/3687/3531 3035/3688/3532
f 3038/104/3533 3036/102/3532 3035/3688/3532 3037/3689/3534
f 3040/106/3535 3038/104/3533 3037/3689/3534 3039/3690/3536
f 3042/108/3537 3040/106/3535 3039/3690/3536 3041/3691/3537
f 3044/110/3538 3042/108/3537 3041/3691/3537 3043/3692/3539
f 3046/112/3540 3044/110/3538 3043/3692/3539 3045/3693/3541
f 3048/114/3542 3046/112/3540 3045/3693/3541 3047/3694/3542
f 3050/3695/3543 3048/3696/3542 3047/1898/3542 3049/1900/3543
f 3052/3697/3544 3050/3695/3543 3049/1900/3543 3051/1902/3545
f 3054/3698/3546 3052/3697/3544 3051/1902/3545 3053/1904/3547
f 3056/3699/3548 3054/3698/3546 3053/1904/3547 3055/1906/3549
f 3058/3700/3550 3056/3699/3548 3055/1906/3549 3057/1908/3551
f 3060/3701/3552 3058/3700/3550 3057/1908/3551 3059/1910/3553
f 3062/3702/3554 3060/3701/3552 3059/1910/3553 3061/1912/3555
f 3064/3703/3556 3062/3702/3554 3061/1912/3555 3063/1914/3557
f 3066/3704/3558 3064/3703/3556 3063/1914/3557 3065/1916/3559
f 3068/3705/3560 3066/3704/3558 3065/1916/3559 3067/1918/3561
f 3070/3706/3562 3068/3705/3560 3067/1918/3561 3069/1920/3563
f 3072/3707/3564 3070/3706/3562 3069/1920/3563 3071/1797/3565
f 2945/8/3448 3072/7/3564 3071/3708/3565 2946/3635/3448
f 2819/143/124 2818/5/5 2945/8/5 2948/144/125
f 3161/3709/3566 3151/3710/3567 3326/3711/3567 3517/3712/3566
f 3083/3713/3568 3084/3714/3569 3312/3715/3569 3315/3716/3568
f 3168/3717/3570 3169/3718/3571 3390/3719/3572 3385/3720/3570
f 3105/3721/3573 3104/3722/3574 3387/3723/3574 3392/3724/3575
f 3194/3725/3576 3195/3726/3577 3494/3727/3578 3489/3728/3579
f 3131/3729/3580 3130/3730/3581 3491/3731/3582 3496/3732/3583
f 3147/3733/3584 3158/3734/3585 3352/3735/3585 3307/3736/3584
f 3079/3737/3586 3080/3738/3587 3306/3739/3587 3347/3740/3588
f 3167/3741/3589 3168/3717/3570 3385/3720/3570 3381/3742/3590
f 3104/3722/3574 3103/3743/3591 3383/3744/3592 3387/3723/3574
f 3193/3745/3593 3194/3725/3576 3489/3728/3579 3485/3746/3594
f 3130/3730/3581 3129/3747/3595 3487/3748/3596 3491/3731/3582
f 3162/3749/3597 3161/3709/3566 3517/3712/3566 3519/3750/3597
f 3085/3751/3598 3082/3752/3599 3357/3753/3599 3313/3754/3598
f 3166/3755/3600 3167/3741/3589 3381/3742/3590 3377/3756/3600
f 3103/3743/3591 3102/3757/3601 3379/3758/3602 3383/3744/3592
f 3192/3759/3603 3193/3745/3593 3485/3746/3594 3481/3760/3604
f 3129/3747/3595 3128/3761/3605 3483/3762/3606 3487/3748/3596
f 3165/3763/3607 3166/3755/3600 3377/3756/3600 3373/3764/3608
f 3102/3757/3601 3101/3765/3609 3375/3766/3610 3379/3758/3602
f 3191/3767/3611 3192/3759/3603 3481/3760/3604 3477/3768/3612
f 3128/3761/3605 3127/3769/3613 3479/3770/3614 3483/3762/3606
f 3164/3771/3615 3165/3763/3607 3373/3764/3608 3369/3772/3616
f 3101/3765/3609 3100/3773/3617 3371/3774/3618 3375/3766/3610
f 3190/3775/3619 3191/3767/3611 3477/3768/3612 3473/3776/3620
f 3127/3769/3613 3126/3777/3621 3475/3778/3622 3479/3770/3614
f 3163/3779/3623 3164/3771/3615 3369/3772/3616 3365/3780/3624
f 3100/3773/3617 3099/3781/3625 3367/3782/3625 3371/3774/3618
f 3189/3783/3626 3190/3775/3619 3473/3776/3620 3469/3784/3626
f 3126/3777/3621 3125/3785/3627 3471/3786/3627 3475/3778/3622
f 3160/3787/3628 3163/3779/3623 3365/3780/3624 3361/3788/3628
f 3099/3781/3625 3098/3789/3629 3265/3790/3630 3367/3782/3625
f 3188/3791/3631 3189/3783/3626 3469/3784/3626 3465/3792/3631
f 3125/3785/3627 3124/3793/3632 3467/3794/3632 3471/3786/3627
f 3137/3795/3633 3160/3787/3628 3361/3788/3628 3267/3796/3634
f 3098/3789/3629 3097/3797/3635 3363/3798/3635 3265/3790/3630
f 3187/3799/3636 3188/3791/3631 3465/3792/3631 3461/3800/3636
f 3124/3793/3632 3123/3801/3637 3463/3802/3637 3467/3794/3632
f 3150/3803/3638 3137/3795/3633 3267/3796/3634 3319/3804/3638
f 3097/3797/3635 3096/3805/3639 3269/3806/3640 3363/3798/3635
f 3186/3807/3636 3187/3799/3636 3461/3800/3636 3457/3808/3636
f 3123/3801/3637 3122/3809/3641 3459/3810/3641 3463/3802/3637
f 3138/3811/3642 3150/3803/3638 3319/3804/3638 3271/3812/3642
f 3096/3805/3639 3095/3813/3643 3323/3814/3644 3269/3806/3640
f 3185/3815/3645 3186/3807/3636 3457/3808/3636 3453/3816/3645
f 3122/3809/3641 3121/3817/3646 3455/3818/3647 3459/3810/3641
f 3153/3819/3648 3138/3811/3642 3271/3812/3642 3329/3820/3648
f 3095/3813/3643 3094/3821/3649 3273/3822/3649 3323/3814/3644
f 3184/3823/3650 3185/3815/3645 3453/3816/3645 3449/3824/3650
f 3121/3817/3646 3120/3825/3651 3451/3826/3651 3455/3818/3647
f 3139/3827/3652 3153/3819/3648 3329/3820/3648 3275/3828/3652
f 3094/3821/3649 3093/3829/3653 3333/3830/3653 3273/3822/3649
f 3183/3831/3654 3184/3823/3650 3449/3824/3650 3445/3832/3654
f 3120/3825/3651 3119/3833/3655 3447/3834/3655 3451/3826/3651
f 3155/3835/3656 3139/3827/3652 3275/3828/3652 3337/3836/3656
f 3093/3829/3653 3092/3837/3657 3277/3838/3657 3333/3830/3653
f 3182/3839/3658 3183/3831/3654 3445/3832/3654 3441/3840/3658
f 3119/3833/3655 3118/3841/3659 3443/3842/3659 3447/3834/3655
f 3140/3843/3660 3155/3835/3656 3337/3836/3656 3279/3844/3660
f 3092/3837/3657 3091/3845/3661 3341/3846/3661 3277/3838/3657
f 3181/3847/3662 3182/3839/3658 3441/3840/3658 3437/3848/3662
f 3118/3841/3659 3117/3849/3663 3439/3850/3664 3443/3842/3659
f 3157/3851/3665 3140/3843/3660 3279/3844/3660 3345/3852/3665
f 3091/3845/3661 3090/3853/3666 3281/3854/3666 3341/3846/3661
f 3180/3855/3667 3181/3847/3662 3437/3848/3662 3433/3856/3668
f 3117/3849/3663 3116/3857/3669 3435/3858/3669 3439/3850/3664
f 3141/3859/3670 3157/3851/3665 3345/3852/3665 3283/3860/3670
f 3090/3853/3666 3089/3861/3671 3349/3862/3671 3281/3854/3666
f 3179/3863/3672 3180/3855/3667 3433/3856/3668 3429/3864/3672
f 3116/3857/3669 3115/3865/3673 3431/3866/3673 3435/3858/3669
f 3159/3867/3674 3141/3859/3670 3283/3860/3670 3353/3868/3674
f 3089/3861/3671 3088/3869/3675 3285/3870/3675 3349/3862/3671
f 3178/3871/3676 3179/3863/3672 3429/3864/3672 3425/3872/3677
f 3115/3865/3673 3114/3873/3678 3427/3874/3679 3431/3866/3673
f 3142/3875/3680 3159/3867/3674 3353/3868/3674 3287/3876/3680
f 3088/3869/3675 3087/3877/3681 3359/3878/3682 3285/3870/3675
f 3177/3879/3683 3178/3871/3676 3425/3872/3677 3421/3880/3684
f 3114/3873/3678 3113/3881/3685 3423/3882/3686 3427/3874/3679
f 3149/3883/3687 3142/3875/3680 3287/3876/3680 3317/3884/3687
f 3087/3877/3681 3086/3885/3688 3289/3886/3688 3359/3878/3682
f 3176/3887/3689 3177/3879/3683 3421/3880/3684 3417/3888/3690
f 3113/3881/3685 3112/3889/3691 3419/3890/3692 3423/3882/3686
f 3148/3891/3693 3147/3733/3584 3307/3736/3584 3309/3892/3693
f 3081/3893/3694 3083/3713/3568 3315/3716/3568 3355/3894/3694
f 3143/3895/3695 3149/3883/3687 3317/3884/3687 3291/3896/3695
f 3086/3885/3688 3073/3897/3696 3321/3898/3697 3289/3886/3688
f 3175/3899/3698 3176/3887/3689 3417/3888/3690 3413/3900/3699
f 3112/3889/3691 3111/3901/3700 3415/3902/3701 3419/3890/3692
f 3152/3903/3702 3143/3895/3695 3291/3896/3695 3327/3904/3703
f 3073/3897/3696 3074/3905/3704 3293/3906/3705 3321/3898/3697
f 3174/3907/3706 3175/3899/3698 3413/3900/3699 3409/3908/3706
f 3111/3901/3700 3110/3909/3707 3411/3910/3708 3415/3902/3701
f 3200/3911/3709 3162/3749/3597 3519/3750/3597 3513/3912/3709
f 3082/3752/3599 3136/3913/3710 3515/3914/3710 3357/3753/3599
f 3144/3915/3711 3152/3903/3702 3327/3904/3703 3295/3916/3712
f 3074/3905/3704 3075/3917/3713 3331/3918/3714 3293/3906/3705
f 3173/3919/3715 3174/3907/3706 3409/3908/3706 3405/3920/3715
f 3110/3909/3707 3109/3921/3716 3407/3922/3717 3411/3910/3708
f 3199/3923/3718 3200/3911/3709 3513/3912/3709 3509/3924/3718
f 3136/3913/3710 3135/3925/3719 3511/3926/3719 3515/3914/3710
f 3154/3927/3720 3144/3915/3711 3295/3916/3712 3335/3928/3721
f 3075/3917/3713 3076/3929/3722 3297/3930/3723 3331/3918/3714
f 3172/3931/3724 3173/3919/3715 3405/3920/3715 3401/3932/3724
f 3109/3921/3716 3108/3933/3725 3403/3934/3725 3407/3922/3717
f 3198/3935/3726 3199/3923/3718 3509/3924/3718 3505/3936/3726
f 3135/3925/3719 3134/3937/3727 3507/3938/3727 3511/3926/3719
f 3145/3939/3728 3154/3927/3720 3335/3928/3721 3299/3940/3729
f 3076/3929/3722 3077/3941/3730 3339/3942/3731 3297/3930/3723
f 3171/3943/3732 3172/3931/3724 3401/3932/3724 3397/3944/3732
f 3108/3933/3725 3107/3945/3733 3399/3946/3733 3403/3934/3725
f 3197/3947/3734 3198/3935/3726 3505/3936/3726 3501/3948/3734
f 3134/3937/3727 3133/3949/3735 3503/3950/3736 3507/3938/3727
f 3156/3951/3737 3145/3939/3728 3299/3940/3729 3343/3952/3737
f 3077/3941/3730 3078/3953/3738 3301/3954/3739 3339/3942/3731
f 3170/3955/3740 3171/3943/3732 3397/3944/3732 3393/3956/3740
f 3107/3945/3733 3106/3957/3741 3395/3958/3741 3399/3946/3733
f 3196/3959/3742 3197/3947/3734 3501/3948/3734 3497/3960/3742
f 3133/3949/3735 3132/3961/3743 3499/3962/3744 3503/3950/3736
f 3146/3963/3745 3156/3951/3737 3343/3952/3737 3303/3964/3745
f 3078/3953/3738 3079/3737/3586 3347/3740/3588 3301/3954/3739
f 3169/3718/3571 3170/3955/3740 3393/3956/3740 3390/3719/3572
f 3106/3957/3741 3105/3721/3573 3392/3724/3575 3395/3958/3741
f 3195/3726/3577 3196/3959/3742 3497/3960/3742 3494/3727/3578
f 3132/3961/3743 3131/3729/3580 3496/3732/3583 3499/3962/3744
f 3151/3710/3567 3148/3891/3693 3309/3892/3693 3326/3711/3567
f 3225/3965/619 3224/3966/3746 3311/3967/3747 3314/3968/3748
f 3158/3734/3585 3146/3963/3745 3303/3964/3745 3352/3735/3585
f 3222/3969/983 3221/3970/3749 3305/3971/3750 3356/3972/3751
f 3462/3973/3752 3466/3974/232 3252/3975/3753 3251/3976/1046
f 3263/3977/3754 3264/3978/3755 3516/3979/3756 3512/3980/3757
f 3362/3981/3758 3366/3982/3759 3227/3983/1026 3201/3984/3760
f 3237/3985/3761 3238/3986/3762 3412/3987/3763 3408/3988/3764
f 3203/3989/3765 3202/3990/3766 3364/3991/3767 3270/3992/3768
f 3218/3993/3769 3217/3994/3770 3298/3995/3771 3340/3996/3772
f 3215/3997/1150 3214/3998/3773 3322/3999/3774 3294/4000/3775
f 3520/4001/3776 3518/4002/565 3225/3965/619 3226/4003/3777
f 3458/4004/3778 3462/3973/3752 3251/3976/1046 3250/4005/1054
f 3238/4006/3762 3239/4007/3779 3416/4008/3780 3412/4009/3763
f 3410/4010/3781 3414/4011/3782 3239/4007/3779 3238/4006/3762
f 3292/4012/3783 3318/4013/3784 3213/4014/1130 3214/3998/3773
f 3338/4015/3785 3276/4016/3786 3206/4017/1074 3207/4018/3787
f 3239/4007/3779 3240/4019/3788 3420/4020/3789 3416/4008/3780
f 3514/4021/3790 3520/4001/3776 3226/4003/3777 3264/3978/3755
f 3216/4022/1162 3215/3997/1150 3294/4000/3775 3332/4023/3791
f 3454/4024/3792 3458/4004/3778 3250/4005/1054 3249/4025/1062
f 3308/4026/3793 3351/4027/3794 3221/3970/3749 3222/3969/983
f 3344/4028/3795 3300/4029/3796 3218/4030/3769 3219/4031/3797
f 3240/4019/3788 3241/4032/3798 3424/4033/3799 3420/4020/3789
f 3205/4034/3800 3204/4035/3801 3324/4036/3802 3274/4037/3803
f 3288/4038/3804 3354/4039/3805 3211/4040/1114 3212/4041/1122
f 3406/4042/3806 3410/4043/3781 3238/3986/3762 3237/3985/3761
f 3241/4032/3798 3242/4044/3807 3428/4045/3808 3424/4033/3799
f 3226/4003/3777 3225/3965/619 3314/3968/3748 3358/4046/3809
f 3450/4047/3810 3454/4024/3792 3249/4025/1062 3248/4048/1070
f 3214/3998/3773 3213/4014/1130 3290/4049/3811 3322/3999/3774
f 3510/4050/3812 3514/4021/3790 3264/3978/3755 3263/3977/3754
f 3242/4044/3807 3243/4051/3813 3432/4052/3814 3428/4045/3808
f 3389/4053/3815 3394/4054/357 3234/4055/1202 3233/4056/3816
f 3346/4057/3817 3280/4058/3818 3208/4059/3819 3209/4060/1098
f 3284/4061/3820 3346/4057/3817 3209/4060/1098 3210/4062/1106
f 3217/3994/3770 3216/4022/1162 3332/4023/3791 3298/3995/3771
f 3243/4051/3813 3244/4063/3821 3436/4064/3822 3432/4052/3814
f 3493/4065/3823 3498/4066/3824 3260/4067/3825 3259/4068/3826
f 3446/4069/3827 3450/4047/3810 3248/4048/1070 3247/4070/1078
f 3212/4041/1122 3211/4040/1114 3286/4071/3828 3360/4072/3829
f 3402/4073/3830 3406/4042/3806 3237/3985/3761 3236/4074/1178
f 3244/4063/3821 3245/4075/3831 3440/4076/3832 3436/4064/3822
f 3310/4077/3833 3308/4026/3793 3222/3969/983 3223/4078/3834
f 3207/4018/3787 3206/4017/1074 3334/4079/3835 3278/4080/3836
f 3280/4058/3818 3338/4015/3785 3207/4018/3787 3208/4059/3819
f 3506/4081/3837 3510/4050/3812 3263/3977/3754 3262/4082/1182
f 3245/4075/3831 3246/4083/3838 3444/4084/3839 3440/4076/3832
f 3386/4085/3840 3389/4053/3815 3233/4056/3816 3232/4086/3841
f 3442/4087/3842 3446/4069/3827 3247/4070/1078 3246/4083/3838
f 3210/4062/1106 3209/4060/1098 3282/4088/3843 3350/4089/3844
f 3351/4027/3794 3304/4090/3845 3220/4091/3846 3221/3970/3749
f 3246/4083/3838 3247/4070/1078 3448/4092/3847 3444/4084/3839
f 3490/4093/3848 3493/4094/3823 3259/4095/3826 3258/4096/3849
f 3354/4039/3805 3284/4061/3820 3210/4062/1106 3211/4040/1114
f 3276/4016/3786 3330/4097/3850 3205/4034/3800 3206/4017/1074
f 3398/4098/3851 3402/4073/3830 3236/4074/1178 3235/4099/3852
f 3247/4070/1078 3248/4048/1070 3452/4100/3853 3448/4092/3847
f 3223/4078/3834 3222/3969/983 3356/3972/3751 3316/4101/3854
f 3438/4102/3855 3442/4087/3842 3246/4083/3838 3245/4075/3831
f 3208/4059/3819 3207/4018/3787 3278/4080/3836 3342/4103/3856
f 3502/4104/3857 3506/4081/3837 3262/4082/1182 3261/4105/3858
f 3248/4048/1070 3249/4025/1062 3456/4106/3859 3452/4100/3853
f 3382/4107/3860 3386/4085/3840 3232/4086/3841 3231/4108/3861
f 3209/4060/1098 3208/4059/3819 3342/4103/3856 3282/4088/3843
f 3272/4109/3862 3320/4110/3863 3203/3989/3765 3204/4035/3801
f 3219/4031/3797 3218/4030/3769 3340/4111/3772 3302/4112/3864
f 3249/4025/1062 3250/4005/1054 3460/4113/3865 3456/4106/3859
f 3486/4114/3866 3490/4093/3848 3258/4096/3849 3257/4115/3867
f 3434/4116/3868 3438/4102/3855 3245/4075/3831 3244/4063/3821
f 3206/4017/1074 3205/4034/3800 3274/4037/3803 3334/4079/3835
f 3394/4054/357 3398/4098/3851 3235/4099/3852 3234/4055/1202
f 3250/4005/1054 3251/3976/1046 3464/4117/3869 3460/4113/3865
f 3378/4118/3870 3382/4107/3860 3231/4108/3861 3230/4119/3871
f 3318/4013/3784 3288/4038/3804 3212/4041/1122 3213/4014/1130
f 3268/4120/3872 3362/3981/3758 3201/3984/3760 3202/4121/3766
f 3498/4066/3824 3502/4104/3857 3261/4105/3858 3260/4067/3825
f 3251/3976/1046 3252/3975/3753 3468/4122/3873 3464/4117/3869
f 3482/4123/3874 3486/4114/3866 3257/4115/3867 3256/4124/1006
f 3430/4125/3875 3434/4116/3868 3244/4063/3821 3243/4051/3813
f 3204/4035/3801 3203/3989/3765 3270/3992/3768 3324/4036/3802
f 3084/3714/3569 3085/3751/3598 3313/3754/3598 3312/3715/3569
f 3252/3975/3753 3253/4126/1030 3472/4127/3876 3468/4122/3873
f 3374/4128/3877 3378/4118/3870 3230/4119/3871 3229/4129/3878
f 3211/4040/1114 3210/4062/1106 3350/4089/3844 3286/4071/3828
f 3366/3982/3759 3370/4130/3879 3228/4131/3880 3227/3983/1026
f 3080/3738/3587 3081/3893/3694 3355/3894/3694 3306/3739/3587
f 3253/4126/1030 3254/4132/3881 3476/4133/3882 3472/4127/3876
f 3478/4134/3883 3482/4123/3874 3256/4124/1006 3255/4135/3884
f 3426/4136/3885 3430/4125/3875 3243/4051/3813 3242/4044/3807
f 3227/3983/1026 3228/4131/3880 3372/4137/3886 3368/4138/3887
f 3254/4132/3881 3255/4135/3884 3480/4139/3888 3476/4133/3882
f 3370/4130/3879 3374/4128/3877 3229/4129/3878 3228/4131/3880
f 3304/4090/3845 3344/4028/3795 3219/4031/3797 3220/4091/3846
f 3328/4140/3889 3292/4012/3783 3214/3998/3773 3215/3997/1150
f 3228/4131/3880 3229/4129/3878 3376/4141/3890 3372/4137/3886
f 3224/3966/3746 3223/4078/3834 3316/4101/3854 3311/3967/3747
f 3255/4135/3884 3256/4124/1006 3484/4142/3891 3480/4139/3888
f 3474/4143/3892 3478/4134/3883 3255/4135/3884 3254/4132/3881
f 3259/4068/3826 3260/4067/3825 3500/4144/3893 3495/4145/3894
f 3422/4146/3895 3426/4136/3885 3242/4044/3807 3241/4032/3798
f 3229/4129/3878 3230/4119/3871 3380/4147/3896 3376/4141/3890
f 3233/4056/3816 3234/4055/1202 3396/4148/3897 3391/4149/3898
f 3256/4124/1006 3257/4115/3867 3488/4150/3899 3484/4142/3891
f 3320/4110/3863 3268/4151/3872 3202/3990/3766 3203/3989/3765
f 3221/3970/3749 3220/4091/3846 3348/4152/3900 3305/3971/3750
f 3518/4002/565 3325/4153/3901 3224/3966/3746 3225/3965/619
f 3230/4119/3871 3231/4108/3861 3384/4154/3902 3380/4147/3896
f 3260/4067/3825 3261/4105/3858 3504/4155/3903 3500/4144/3893
f 3470/4156/3904 3474/4143/3892 3254/4132/3881 3253/4126/1030
f 3234/4055/1202 3235/4099/3852 3400/4157/3905 3396/4148/3897
f 3213/4014/1130 3212/4041/1122 3360/4072/3829 3290/4049/3811
f 3257/4115/3867 3258/4096/3849 3492/4158/3906 3488/4150/3899
f 3300/4029/3796 3336/4159/3907 3217/4160/3770 3218/4030/3769
f 3231/4108/3861 3232/4086/3841 3388/4161/3908 3384/4154/3902
f 3201/3984/3760 3227/3983/1026 3368/4138/3887 3266/4162/3909
f 3261/4105/3858 3262/4082/1182 3508/4163/3910 3504/4155/3903
f 3418/4164/3911 3422/4146/3895 3241/4032/3798 3240/4019/3788
f 3325/4153/3901 3310/4077/3833 3223/4078/3834 3224/3966/3746
f 3235/4099/3852 3236/4074/1178 3404/4165/3912 3400/4157/3905
f 3258/4096/3849 3259/4095/3826 3495/4166/3894 3492/4158/3906
f 3466/3974/232 3470/4156/3904 3253/4126/1030 3252/3975/3753
f 3220/4091/3846 3219/4031/3797 3302/4112/3864 3348/4152/3900
f 3336/4167/3907 3296/4168/3913 3216/4022/1162 3217/3994/3770
f 3232/4086/3841 3233/4056/3816 3391/4149/3898 3388/4161/3908
f 3262/4082/1182 3263/3977/3754 3512/3980/3757 3508/4163/3910
f 3264/3978/3755 3226/4003/3777 3358/4046/3809 3516/3979/3756
f 3330/4097/3850 3272/4109/3862 3204/4035/3801 3205/4034/3800
f 3236/4074/1178 3237/3985/3761 3408/3988/3764 3404/4165/3912
f 3414/4011/3782 3418/4164/3911 3240/4019/3788 3239/4007/3779
f 3296/4168/3913 3328/4140/3889 3215/3997/1150 3216/4022/1162
f 3312/3715/3914 3313/3754/3915 3314/4169/3916 3311/4170/3917
f 3392/3724/3918 3387/3723/3919 3388/4171/3920 3391/4172/3921
f 3496/3732/3922 3491/3731/3923 3492/4173/3924 3495/4174/3925
f 3306/4175/3926 3355/4176/3927 3356/3972/3928 3305/3971/3929
f 3387/3723/3919 3383/3744/3930 3384/4177/3931 3388/4171/3920
f 3491/3731/3923 3487/3748/3932 3488/4178/3933 3492/4173/3924
f 3313/3754/3915 3357/3753/3934 3358/4179/3935 3314/4169/3916
f 3383/3744/3930 3379/3758/3936 3380/4180/3937 3384/4177/3931
f 3487/3748/3932 3483/3762/3938 3484/4181/3939 3488/4178/3933
f 3379/3758/3936 3375/3766/3940 3376/4182/3941 3380/4180/3937
f 3483/3762/3938 3479/3770/3942 3480/4183/3943 3484/4181/3939
f 3375/3766/3940 3371/3774/3944 3372/4184/3945 3376/4182/3941
f 3479/3770/3942 3475/3778/3946 3476/4185/3947 3480/4183/3943
f 3371/3774/3944 3367/3782/3948 3368/4186/3949 3372/4184/3945
f 3475/3778/3946 3471/3786/3950 3472/4187/3951 3476/4185/3947
f 3367/3782/3948 3265/3790/3952 3266/4188/3953 3368/4186/3949
f 3471/3786/3950 3467/3794/3954 3468/4189/3955 3472/4187/3951
f 3265/3790/3952 3363/3798/3956 3364/4190/3957 3266/4188/3953
f 3467/3794/3954 3463/3802/3958 3464/4191/3959 3468/4189/3955
f 3363/3798/3956 3269/3806/3960 3270/4192/3961 3364/4190/3957
f 3463/3802/3958 3459/3810/3962 3460/4193/3963 3464/4191/3959
f 3269/3806/3960 3323/3814/3964 3324/4194/3965 3270/4192/3961
f 3459/3810/3962 3455/3818/3966 3456/4195/3967 3460/4193/3963
f 3323/3814/3964 3273/3822/3968 3274/4196/3969 3324/4194/3965
f 3455/3818/3966 3451/3826/3970 3452/4197/3971 3456/4195/3967
f 3273/3822/3968 3333/3830/3972 3334/4198/3973 3274/4196/3969
f 3451/3826/3970 3447/3834/3974 3448/4199/3975 3452/4197/3971
f 3333/3830/3972 3277/3838/3976 3278/4200/3977 3334/4198/3973
f 3447/3834/3974 3443/3842/3978 3444/4201/3979 3448/4199/3975
f 3277/3838/3976 3341/3846/3980 3342/4202/3981 3278/4200/3977
f 3443/3842/3978 3439/3850/3982 3440/4203/3983 3444/4201/3979
f 3341/3846/3980 3281/3854/3984 3282/4204/3985 3342/4202/3981
f 3439/3850/3982 3435/3858/3986 3436/4205/3987 3440/4203/3983
f 3281/3854/3984 3349/3862/3988 3350/4206/3989 3282/4204/3985
f 3435/3858/3986 3431/3866/3990 3432/4207/3991 3436/4205/3987
f 3349/3862/3988 3285/3870/3992 3286/4208/3993 3350/4206/3989
f 3431/3866/3990 3427/3874/3994 3428/4209/3995 3432/4207/3991
f 3285/3870/3992 3359/3878/3996 3360/4210/3997 3286/4208/3993
f 3427/3874/3994 3423/3882/3998 3424/4211/3999 3428/4209/3995
f 3359/3878/3996 3289/3886/4000 3290/4212/4001 3360/4210/3997
f 3423/3882/3998 3419/3890/4002 3420/4213/4003 3424/4211/3999
f 3355/4176/3927 3315/4214/4004 3316/4101/4005 3356/3972/3928
f 3289/3886/4000 3321/3898/4006 3322/4215/4007 3290/4212/4001
f 3419/3890/4002 3415/3902/4008 3416/4216/4009 3420/4213/4003
f 3321/3898/4006 3293/3906/4010 3294/4217/4011 3322/4215/4007
f 3415/3902/4008 3411/3910/4012 3412/4218/4013 3416/4216/4009
f 3357/3753/3934 3515/3914/4014 3516/4219/4015 3358/4179/3935
f 3293/3906/4010 3331/3918/4016 3332/4220/4017 3294/4217/4011
f 3411/3910/4012 3407/3922/4018 3408/4221/4019 3412/4218/4013
f 3515/3914/4014 3511/3926/4020 3512/4222/4021 3516/4219/4015
f 3331/3918/4016 3297/3930/4022 3298/4223/4023 3332/4220/4017
f 3407/3922/4018 3403/3934/4024 3404/4224/4025 3408/4221/4019
f 3511/3926/4020 3507/3938/4026 3508/4225/4027 3512/4222/4021
f 3297/3930/4022 3339/3942/4028 3340/4226/4029 3298/4223/4023
f 3403/3934/4024 3399/3946/4030 3400/4227/4031 3404/4224/4025
f 3507/3938/4026 3503/3950/4032 3504/4228/4033 3508/4225/4027
f 3339/3942/4028 3301/3954/4034 3302/4229/4035 3340/4226/4029
f 3399/3946/4030 3395/3958/4036 3396/4230/4037 3400/4227/4031
f 3503/3950/4032 3499/3962/4038 3500/4231/4039 3504/4228/4033
f 3301/3954/4034 3347/3740/4040 3348/4232/4041 3302/4229/4035
f 3395/3958/4036 3392/3724/3918 3391/4172/3921 3396/4230/4037
f 3499/3962/4038 3496/3732/3922 3495/4174/3925 3500/4231/4039
f 3315/4214/4004 3312/4233/3914 3311/3967/3917 3316/4101/4005
f 3347/3740/4040 3306/3739/3926 3305/4234/3929 3348/4232/4041
f 3304/4235/4042 3351/4236/4043 3352/3735/4044 3303/3964/4045
f 3310/4237/4046 3325/4238/4047 3326/3711/4048 3309/3892/4049
f 3498/4239/4050 3493/4240/4051 3494/3727/4052 3497/3960/4053
f 3394/4241/4054 3389/4242/4055 3390/3719/4056 3393/3956/4057
f 3344/4243/4058 3304/4235/4042 3303/3964/4045 3343/3952/4059
f 3502/4244/4060 3498/4239/4050 3497/3960/4053 3501/3948/4061
f 3398/4245/4062 3394/4241/4054 3393/3956/4057 3397/3944/4063
f 3300/4246/4064 3344/4243/4058 3343/3952/4059 3299/3940/4065
f 3506/4247/4066 3502/4244/4060 3501/3948/4061 3505/3936/4067
f 3402/4248/4068 3398/4245/4062 3397/3944/4063 3401/3932/4069
f 3336/4167/4070 3300/4249/4064 3299/4250/4065 3335/4251/4071
f 3510/4252/4072 3506/4247/4066 3505/3936/4067 3509/3924/4073
f 3406/4253/4074 3402/4248/4068 3401/3932/4069 3405/3920/4075
f 3296/4168/4076 3336/4167/4070 3335/4251/4071 3295/4254/4077
f 3514/4255/4078 3510/4252/4072 3509/3924/4073 3513/3912/4079
f 3410/4256/4080 3406/4253/4074 3405/3920/4075 3409/3908/4081
f 3328/4140/4082 3296/4168/4076 3295/4254/4077 3327/4257/4083
f 3520/4258/4084 3514/4255/4078 3513/3912/4079 3519/3750/4085
f 3414/4259/4086 3410/4256/4080 3409/3908/4081 3413/3900/4087
f 3292/4012/4088 3328/4140/4082 3327/4257/4083 3291/4260/4089
f 3418/4261/4090 3414/4259/4086 3413/3900/4087 3417/3888/4091
f 3318/4013/4092 3292/4012/4088 3291/4260/4089 3317/4262/4093
f 3308/4263/4094 3310/4237/4046 3309/3892/4049 3307/3736/4095
f 3422/4146/4096 3418/4164/4090 3417/4264/4091 3421/4265/4097
f 3288/4038/4098 3318/4013/4092 3317/4262/4093 3287/4266/4099
f 3426/4136/4100 3422/4146/4096 3421/4265/4097 3425/4267/4101
f 3354/4039/4102 3288/4038/4098 3287/4266/4099 3353/4268/4103
f 3430/4125/4104 3426/4136/4100 3425/4267/4101 3429/4269/4105
f 3284/4061/4106 3354/4039/4102 3353/4268/4103 3283/4270/4107
f 3434/4116/4108 3430/4125/4104 3429/4269/4105 3433/4271/4109
f 3346/4057/4110 3284/4061/4106 3283/4270/4107 3345/4272/4111
f 3438/4102/4112 3434/4116/4108 3433/4271/4109 3437/4273/4113
f 3280/4058/4114 3346/4057/4110 3345/4272/4111 3279/4274/4114
f 3442/4087/4115 3438/4102/4112 3437/4273/4113 3441/4275/4116
f 3338/4015/4117 3280/4058/4114 3279/4274/4114 3337/4276/4118
f 3446/4069/4119 3442/4087/4115 3441/4275/4116 3445/4277/4120
f 3276/4016/4121 3338/4015/4117 3337/4276/4118 3275/4278/4122
f 3450/4047/4123 3446/4069/4119 3445/4277/4120 3449/4279/4124
f 3330/4097/4125 3276/4016/4121 3275/4278/4122 3329/4280/4126
f 3454/4024/4127 3450/4047/4123 3449/4279/4124 3453/4281/4127
f 3272/4109/4128 3330/4097/4125 3329/4280/4126 3271/4282/4129
f 3458/4004/4130 3454/4024/4127 3453/4281/4127 3457/4283/4131
f 3320/4110/4132 3272/4109/4128 3271/4282/4129 3319/4284/4133
f 3462/3973/4134 3458/4004/4130 3457/4283/4131 3461/4285/4135
f 3268/4151/4136 3320/4110/4132 3319/4284/4133 3267/4286/4137
f 3466/3974/4138 3462/3973/4134 3461/4285/4135 3465/4287/4139
f 3362/4288/4140 3268/4151/4136 3267/4286/4137 3361/4289/4141
f 3470/4156/4142 3466/3974/4138 3465/4287/4139 3469/4290/4143
f 3366/4291/4144 3362/4288/4140 3361/4289/4141 3365/4292/4145
f 3474/4143/4146 3470/4156/4142 3469/4290/4143 3473/4293/4147
f 3370/4130/4148 3366/3982/4144 3365/4294/4145 3369/4295/4149
f 3478/4134/4150 3474/4143/4146 3473/4293/4147 3477/4296/4151
f 3374/4128/4152 3370/4130/4148 3369/4295/4149 3373/4297/4153
f 3482/4298/4154 3478/4299/4150 3477/3768/4151 3481/3760/4155
f 3378/4118/4156 3374/4128/4152 3373/4297/4153 3377/4300/4157
f 3486/4301/4158 3482/4298/4154 3481/3760/4155 3485/3746/4159
f 3382/4107/4160 3378/4118/4156 3377/4300/4157 3381/4302/4161
f 3518/4303/4162 3520/4258/4084 3519/3750/4085 3517/3712/4163
f 3490/4304/4164 3486/4301/4158 3485/3746/4159 3489/3728/4165
f 3386/4085/4166 3382/4107/4160 3381/4302/4161 3385/4305/4167
f 3351/4236/4043 3308/4263/4094 3307/3736/4095 3352/3735/4044
f 3493/4240/4051 3490/4304/4164 3489/3728/4165 3494/3727/4052
f 3389/4053/4055 3386/4085/4166 3385/4305/4167 3390/4306/4056
f 3325/4238/4047 3518/4303/4162 3517/3712/4163 3326/3711/4048
f 3202/4121/3766 3201/3984/3760 3266/4162/3909 3364/4307/3767
f 3522/599/4168 3524/592/4169 3526/4308/4170 3523/4309/4171
f 3523/4310/4171 3526/4311/4170 3525/1790/4172 3521/1732/4173
f 3528/145/4174 3522/599/4168 3523/4309/4171 3529/4312/4175
f 3529/4313/4175 3523/4310/4171 3521/1732/4173 3527/1731/4176
f 3531/146/4177 3528/145/4174 3529/4312/4175 3532/4314/4178
f 3532/4315/4178 3529/4313/4175 3527/1731/4176 3530/1755/4179
f 3534/580/4180 3531/146/4177 3532/4314/4178 3535/4316/4181
f 3535/4317/4181 3532/4315/4178 3530/1755/4179 3533/1730/4182
f 3537/573/4183 3534/580/4180 3535/4316/4181 3538/4318/4184
f 3538/4319/4184 3535/4317/4181 3533/1730/4182 3536/1729/4185
f 3540/566/4186 3537/573/4183 3538/4318/4184 3541/4320/4187
f 3541/4321/4187 3538/4319/4184 3536/1729/4185 3539/1737/4188
f 3543/557/4189 3540/566/4186 3541/4320/4187 3544/4322/4190
f 3544/4323/4190 3541/4321/4187 3539/1737/4188 3542/1740/4191
f 3546/558/4192 3543/557/4189 3544/4322/4190 3547/4324/4193
f 3547/4325/4193 3544/4323/4190 3542/1740/4191 3545/1743/4194
f 3549/4326/4195 3546/558/4192 3547/4324/4193 3550/4327/4196
f 3550/4328/4196 3547/4325/4193 3545/1743/4194 3548/1746/4197
f 3552/536/4198 3549/543/4195 3550/4329/4196 3553/4330/4199
f 3553/4331/4199 3550/4328/4196 3548/1746/4197 3551/1749/4200
f 3555/529/4201 3552/536/4198 3553/4330/4199 3556/4332/4202
f 3556/4333/4202 3553/4331/4199 3551/1749/4200 3554/1752/4203
f 3558/522/4204 3555/529/4201 3556/4332/4202 3559/4334/4205
f 3559/4335/4205 3556/4333/4202 3554/1752/4203 3557/1754/4206
f 3561/515/4207 3558/522/4204 3559/4334/4205 3562/4336/4208
f 3562/4337/4208 3559/4335/4205 3557/1754/4206 3560/1757/4209
f 3564/508/4210 3561/515/4207 3562/4336/4208 3565/4338/4211
f 3565/4339/4211 3562/4337/4208 3560/1757/4209 3563/1759/4212
f 3567/501/4213 3564/508/4210 3565/4338/4211 3568/4340/4214
f 3568/4341/4214 3565/4339/4211 3563/1759/4212 3566/1761/4215
f 3570/494/4216 3567/501/4213 3568/4340/4214 3571/4342/4217
f 3571/4343/4217 3568/4341/4214 3566/1761/4215 3569/1763/4218
f 3573/487/4219 3570/494/4216 3571/4342/4217 3574/4344/4220
f 3574/4345/4220 3571/4343/4217 3569/1763/4218 3572/1765/4221
f 3576/480/4222 3573/487/4219 3574/4344/4220 3577/4346/4223
f 3577/4347/4223 3574/4345/4220 3572/1765/4221 3575/1767/4224
f 3579/473/4225 3576/480/4222 3577/4346/4223 3580/4348/4226
f 3580/4349/4226 3577/4347/4223 3575/1767/4224 3578/1769/4227
f 3582/466/4228 3579/473/4225 3580/4348/4226 3583/4350/4229
f 3583/4351/4229 3580/4349/4226 3578/1769/4227 3581/1771/4230
f 3585/459/4231 3582/466/4228 3583/4350/4229 3586/4352/4232
f 3586/4353/4232 3583/4351/4229 3581/1771/4230 3584/1773/4233
f 3588/450/4234 3585/459/4231 3586/4352/4232 3589/4354/4235
f 3589/4355/4235 3586/4353/4232 3584/1773/4233 3587/1775/4236
f 3591/443/4237 3588/4356/4234 3589/4357/4235 3592/4358/4238
f 3592/4359/4238 3589/4355/4235 3587/1775/4236 3590/1777/4239
f 3594/436/4240 3591/443/4237 3592/4358/4238 3595/4360/4241
f 3595/4361/4241 3592/4359/4238 3590/1777/4239 3593/1779/4242
f 3597/429/4243 3594/436/4240 3595/4360/4241 3598/4362/4244
f 3598/4363/4244 3595/4361/4241 3593/1779/4242 3596/1781/4245
f 3600/422/4246 3597/429/4243 3598/4362/4244 3601/4364/4247
f 3601/4365/4247 3598/4363/4244 3596/1781/4245 3599/1783/4248
f 3603/415/4249 3600/422/4246 3601/4364/4247 3604/4366/4250
f 3604/4367/4250 3601/4365/4247 3599/1783/4248 3602/1785/4251
f 3606/408/4252 3603/415/4249 3604/4366/4250 3607/4368/4253
f 3607/4369/4253 3604/4367/4250 3602/1785/4251 3605/1787/4254
f 3609/401/4255 3606/408/4252 3607/4368/4253 3610/4370/4256
f 3610/4371/4256 3607/4369/4253 3605/1787/4254 3608/1789/4257
f 3612/394/4258 3609/401/4255 3610/4370/4256 3613/4372/4259
f 3613/4373/4259 3610/4371/4256 3608/1789/4257 3611/1792/4260
f 3615/387/4261 3612/394/4258 3613/4372/4259 3616/4374/4262
f 3616/4375/4262 3613/4373/4259 3611/1792/4260 3614/1736/4263
f 3618/380/4264 3615/387/4261 3616/4374/4262 3619/4376/4265
f 3619/4377/4265 3616/4375/4262 3614/1736/4263 3617/1735/4266
f 3621/373/4267 3618/380/4264 3619/4376/4265 3622/4378/4268
f 3622/4379/4268 3619/4377/4265 3617/1735/4266 3620/1739/4269
f 3624/366/4270 3621/373/4267 3622/4378/4268 3625/4380/4271
f 3625/4381/4271 3622/4379/4268 3620/1739/4269 3623/1742/4272
f 3627/357/4273 3624/366/4270 3625/4380/4271 3628/4382/4274
f 3628/4383/4274 3625/4381/4271 3623/1742/4272 3626/1745/4275
f 3630/358/4276 3627/357/4273 3628/4382/4274 3631/4384/4277
f 3631/4385/4277 3628/4383/4274 3626/1745/4275 3629/1748/4278
f 3633/343/4279 3630/350/4276 3631/4386/4277 3634/4387/4280
f 3634/4388/4280 3631/4385/4277 3629/1748/4278 3632/1751/4281
f 3636/336/4282 3633/343/4279 3634/4387/4280 3637/4389/4283
f 3637/4390/4283 3634/4388/4280 3632/1751/4281 3635/1753/4284
f 3639/329/4285 3636/336/4282 3637/4389/4283 3640/4391/4286
f 3640/4392/4286 3637/4390/4283 3635/1753/4284 3638/1756/4287
f 3642/322/4288 3639/329/4285 3640/4391/4286 3643/4393/4289
f 3643/4394/4289 3640/4392/4286 3638/1756/4287 3641/1758/4290
f 3645/315/4291 3642/322/4288 3643/4393/4289 3646/4395/4292
f 3646/4396/4292 3643/4394/4289 3641/1758/4290 3644/1760/4293
f 3648/308/4294 3645/315/4291 3646/4395/4292 3649/4397/4295
f 3649/4398/4295 3646/4396/4292 3644/1760/4293 3647/1762/4296
f 3651/301/4297 3648/308/4294 3649/4397/4295 3652/4399/4298
f 3652/4400/4298 3649/4398/4295 3647/1762/4296 3650/1764/4299
f 3654/294/4300 3651/301/4297 3652/4399/4298 3655/4401/4301
f 3655/4402/4301 3652/4400/4298 3650/1764/4299 3653/1766/4302
f 3657/287/4303 3654/294/4300 3655/4401/4301 3658/4403/4304
f 3658/4404/4304 3655/4402/4301 3653/1766/4302 3656/1768/4305
f 3660/280/4306 3657/287/4303 3658/4403/4304 3661/4405/4307
f 3661/4406/4307 3658/4404/4304 3656/1768/4305 3659/1770/4308
f 3663/273/4309 3660/280/4306 3661/4405/4307 3664/4407/4310
f 3664/4408/4310 3661/4406/4307 3659/1770/4308 3662/1772/4311
f 3666/266/4312 3663/273/4309 3664/4407/4310 3667/4409/4313
f 3667/4410/4313 3664/4408/4310 3662/1772/4311 3665/1774/4314
f 3669/259/4315 3666/266/4312 3667/4409/4313 3670/4411/4316
f 3670/4412/4316 3667/4410/4313 3665/1774/4314 3668/1776/4317
f 3672/252/4318 3669/259/4315 3670/4411/4316 3673/4413/4319
f 3673/4414/4319 3670/4412/4316 3668/1776/4317 3671/1778/4320
f 3675/245/4321 3672/252/4318 3673/4413/4319 3676/4415/4322
f 3676/4416/4322 3673/4414/4319 3671/1778/4320 3674/1780/4323
f 3678/238/4324 3675/245/4321 3676/4415/4322 3679/4417/4325
f 3679/4418/4325 3676/4416/4322 3674/1780/4323 3677/1782/4326
f 3681/231/4327 3678/238/4324 3679/4417/4325 3682/4419/4328
f 3682/4420/4328 3679/4418/4325 3677/1782/4326 3680/1784/4329
f 3684/224/4330 3681/231/4327 3682/4419/4328 3685/4421/4331
f 3685/4422/4331 3682/4420/4328 3680/1784/4329 3683/1786/4332
f 3687/217/4333 3684/224/4330 3685/4421/4331 3688/4423/4334
f 3688/4424/4334 3685/4422/4331 3683/1786/4332 3686/1788/4335
f 3690/208/4336 3687/217/4333 3688/4423/4334 3691/4425/4337
f 3691/4426/4337 3688/4424/4334 3686/1788/4335 3689/1791/4338
f 3693/209/4339 3690/208/4336 3691/4425/4337 3694/4427/4340
f 3694/4428/4340 3691/4426/4337 3689/1791/4338 3692/1734/4341
f 3696/194/4342 3693/201/4339 3694/4429/4340 3697/4430/4343
f 3697/4431/4343 3694/4428/4340 3692/1734/4341 3695/1733/4344
f 3699/187/4345 3696/194/4342 3697/4430/4343 3700/4432/4346
f 3700/4433/4346 3697/4431/4343 3695/1733/4344 3698/1738/4347
f 3702/180/4348 3699/187/4345 3700/4432/4346 3703/4434/4349
f 3703/4435/4349 3700/4433/4346 3698/1738/4347 3701/1741/4350
f 3705/173/4351 3702/180/4348 3703/4434/4349 3706/4436/4352
f 3706/4437/4352 3703/4435/4349 3701/1741/4350 3704/1744/4353
f 3708/164/4354 3705/173/4351 3706/4436/4352 3709/4438/4355
f 3709/4439/4355 3706/4437/4352 3704/1744/4353 3707/1747/4356
f 3711/165/4357 3708/164/4354 3709/4438/4355 3712/4440/4358
f 3712/4441/4358 3709/4439/4355 3707/1747/4356 3710/1750/4359
f 3524/592/4169 3711/165/4357 3712/4440/4358 3526/4308/4170
f 3526/4311/4170 3712/4441/4358 3710/1750/4359 3525/1790/4172
f 3524/592/565 3522/599/572 1359/600/573 1369/593/566
f 3714/2305/4360 3716/2307/4361 3718/4442/4362 3715/4443/4363
f 3715/4444/4363 3718/4445/4362 3717/3446/4364 3713/2311/4365
f 3720/3470/4366 3714/2305/4360 3715/4443/4363 3721/4446/4367
f 3721/4447/4367 3715/4444/4363 3713/2311/4365 3719/1921/4368
f 3723/3469/4369 3720/3470/4366 3721/4446/4367 3724/4448/4370
f 3724/4449/4370 3721/4447/4367 3719/1921/4368 3722/1924/4371
f 3726/3445/4372 3723/3469/4369 3724/4448/4370 3727/4450/4373
f 3727/4451/4373 3724/4449/4370 3722/1924/4371 3725/2300/4374
f 3729/3444/4375 3726/3445/4372 3727/4450/4373 3730/4452/4376
f 3730/4453/4376 3727/4451/4373 3725/2300/4374 3728/4454/4377
f 3732/3451/4378 3729/3444/4375 3730/4452/4376 3733/4455/4379
f 3733/4456/4379 3730/4457/4376 3728/2287/4377 3731/2281/4380
f 3735/3454/4381 3732/3451/4378 3733/4455/4379 3736/4458/4382
f 3736/4459/4382 3733/4456/4379 3731/2281/4380 3734/2275/4383
f 3738/3457/4384 3735/3454/4381 3736/4458/4382 3739/4460/4385
f 3739/4461/4385 3736/4459/4382 3734/2275/4383 3737/2269/4386
f 3741/3460/4387 3738/3457/4384 3739/4460/4385 3742/4462/4388
f 3742/4463/4388 3739/4461/4385 3737/2269/4386 3740/2263/4389
f 3744/3463/4390 3741/3460/4387 3742/4462/4388 3745/4464/4391
f 3745/4465/4391 3742/4463/4388 3740/2263/4389 3743/2257/4392
f 3747/3466/4393 3744/3463/4390 3745/4464/4391 3748/4466/4394
f 3748/4467/4394 3745/4465/4391 3743/2257/4392 3746/2251/4395
f 3750/3468/4396 3747/3466/4393 3748/4466/4394 3751/4468/4397
f 3751/4469/4397 3748/4467/4394 3746/2251/4395 3749/2245/4398
f 3753/3472/4399 3750/3468/4396 3751/4468/4397 3754/4470/4400
f 3754/4471/4400 3751/4469/4397 3749/2245/4398 3752/2239/4401
f 3756/3474/4402 3753/3472/4399 3754/4470/4400 3757/4472/4403
f 3757/4473/4403 3754/4471/4400 3752/2239/4401 3755/2233/4404
f 3759/3476/4405 3756/3474/4402 3757/4472/4403 3760/4474/4406
f 3760/4475/4406 3757/4473/4403 3755/2233/4404 3758/2227/4407
f 3762/3478/4408 3759/3476/4405 3760/4474/4406 3763/4476/4409
f 3763/4477/4409 3760/4475/4406 3758/2227/4407 3761/2221/4410
f 3765/3480/4411 3762/3478/4408 3763/4476/4409 3766/4478/4412
f 3766/4479/4412 3763/4477/4409 3761/2221/4410 3764/2215/4413
f 3768/3482/4414 3765/3480/4411 3766/4478/4412 3769/4480/4415
f 3769/4481/4415 3766/4479/4412 3764/2215/4413 3767/2209/4416
f 3771/3484/4417 3768/3482/4414 3769/4480/4415 3772/4482/4418
f 3772/4483/4418 3769/4481/4415 3767/2209/4416 3770/2203/4419
f 3774/3486/4420 3771/3484/4417 3772/4482/4418 3775/4484/4421
f 3775/4485/4421 3772/4483/4418 3770/2203/4419 3773/2197/4422
f 3777/3488/4423 3774/3486/4420 3775/4484/4421 3778/4486/4424
f 3778/4487/4424 3775/4485/4421 3773/2197/4422 3776/2191/4425
f 3780/3490/4426 3777/3488/4423 3778/4486/4424 3781/4488/4427
f 3781/4488/4427 3778/4486/4424 3776/4489/4425 3779/4490/4428
f 3783/3492/4429 3780/3490/4426 3781/4488/4427 3784/4491/4430
f 3784/4491/4430 3781/4488/4427 3779/4490/4428 3782/4492/4431
f 3786/3494/4432 3783/3492/4429 3784/4491/4430 3787/4493/4433
f 3787/4493/4433 3784/4491/4430 3782/4492/4431 3785/4494/4434
f 3789/3496/4435 3786/3494/4432 3787/4493/4433 3790/4495/4436
f 3790/4495/4436 3787/4493/4433 3785/4494/4434 3788/4496/4437
f 3792/3498/4438 3789/3496/4435 3790/4495/4436 3793/4497/4439
f 3793/4497/4439 3790/4495/4436 3788/4496/4437 3791/4498/4440
f 3795/3500/4441 3792/3498/4438 3793/4497/4439 3796/4499/4442
f 3796/4500/4442 3793/4501/4439 3791/2159/4440 3794/2153/4443
f 3798/3502/4444 3795/3500/4441 3796/4499/4442 3799/4502/4445
f 3799/4503/4445 3796/4500/4442 3794/2153/4443 3797/2147/4446
f 3801/3504/4447 3798/3502/4444 3799/4502/4445 3802/4504/4448
f 3802/4505/4448 3799/4503/4445 3797/2147/4446 3800/2141/4449
f 3804/3506/4450 3801/3504/4447 3802/4504/4448 3805/4506/4451
f 3805/4507/4451 3802/4505/4448 3800/2141/4449 3803/2135/4452
f 3807/3450/4453 3804/3506/4450 3805/4506/4451 3808/4508/4454
f 3808/4509/4454 3805/4507/4451 3803/2135/4452 3806/2129/4455
f 3810/3449/4456 3807/3450/4453 3808/4508/4454 3811/4510/4457
f 3811/4511/4457 3808/4509/4454 3806/2129/4455 3809/2123/4458
f 3813/3453/4459 3810/3449/4456 3811/4510/4457 3814/4512/4460
f 3814/4513/4460 3811/4511/4457 3809/2123/4458 3812/2117/4461
f 3816/3456/4462 3813/3453/4459 3814/4512/4460 3817/4514/4463
f 3817/4515/4463 3814/4513/4460 3812/2117/4461 3815/2111/4464
f 3819/3459/4465 3816/3456/4462 3817/4514/4463 3820/4516/4466
f 3820/4517/4466 3817/4515/4463 3815/2111/4464 3818/2105/4467
f 3822/3462/4468 3819/3459/4465 3820/4516/4466 3823/4518/4469
f 3823/4519/4469 3820/4517/4466 3818/2105/4467 3821/2099/4470
f 3825/3465/4471 3822/3462/4468 3823/4518/4469 3826/4520/4472
f 3826/4521/4472 3823/4519/4469 3821/2099/4470 3824/2093/4473
f 3828/3467/4474 3825/3465/4471 3826/4520/4472 3829/4522/4475
f 3829/4523/4475 3826/4521/4472 3824/2093/4473 3827/2087/4476
f 3831/3471/4477 3828/3467/4474 3829/4522/4475 3832/4524/4478
f 3832/4525/4478 3829/4523/4475 3827/2087/4476 3830/2079/4479
f 3834/3473/4480 3831/3471/4477 3832/4524/4478 3835/4526/4481
f 3835/4527/4481 3832/4525/4478 3830/2079/4479 3833/2082/4482
f 3837/3475/4483 3834/3473/4480 3835/4526/4481 3838/4528/4484
f 3838/4529/4484 3835/4530/4481 3833/2073/4482 3836/2067/4485
f 3840/3477/4486 3837/3475/4483 3838/4528/4484 3841/4531/4487
f 3841/4532/4487 3838/4529/4484 3836/2067/4485 3839/2061/4488
f 3843/3479/4489 3840/3477/4486 3841/4531/4487 3844/4533/4490
f 3844/4534/4490 3841/4532/4487 3839/2061/4488 3842/2055/4491
f 3846/3481/4492 3843/3479/4489 3844/4533/4490 3847/4535/4493
f 3847/4536/4493 3844/4534/4490 3842/2055/4491 3845/2049/4494
f 3849/3483/4495 3846/3481/4492 3847/4535/4493 3850/4537/4496
f 3850/4538/4496 3847/4536/4493 3845/2049/4494 3848/2043/4497
f 3852/3485/4498 3849/3483/4495 3850/4537/4496 3853/4539/4499
f 3853/4540/4499 3850/4538/4496 3848/2043/4497 3851/2037/4500
f 3855/3487/4501 3852/3485/4498 3853/4539/4499 3856/4541/4502
f 3856/4542/4502 3853/4540/4499 3851/2037/4500 3854/2031/4503
f 3858/3489/4504 3855/3487/4501 3856/4541/4502 3859/4543/4505
f 3859/4544/4505 3856/4542/4502 3854/2031/4503 3857/2025/4506
f 3861/3491/4507 3858/3489/4504 3859/4543/4505 3862/4545/4508
f 3862/4546/4508 3859/4544/4505 3857/2025/4506 3860/2019/4509
f 3864/3493/4510 3861/3491/4507 3862/4545/4508 3865/4547/4511
f 3865/4548/4511 3862/4546/4508 3860/2019/4509 3863/2013/4512
f 3867/3495/4513 3864/3493/4510 3865/4547/4511 3868/4549/4514
f 3868/4550/4514 3865/4548/4511 3863/2013/4512 3866/2007/4515
f 3870/3497/4516 3867/3495/4513 3868/4549/4514 3871/4551/4517
f 3871/4552/4517 3868/4550/4514 3866/2007/4515 3869/2001/4518
f 3873/3499/4519 3870/3497/4516 3871/4551/4517 3874/4553/4520
f 3874/4554/4520 3871/4552/4517 3869/2001/4518 3872/1995/4521
f 3876/3501/4522 3873/3499/4519 3874/4553/4520 3877/4555/4523
f 3877/4556/4523 3874/4554/4520 3872/1995/4521 3875/1987/4524
f 3879/3503/4525 3876/3501/4522 3877/4555/4523 3880/4557/4526
f 3880/4558/4526 3877/4556/4523 3875/1987/4524 3878/1990/4527
f 3882/3505/4528 3879/3503/4525 3880/4557/4526 3883/4559/4529
f 3883/4560/4529 3880/4558/4526 3878/1990/4527 3881/4561/4530
f 3885/3448/4531 3882/3505/4528 3883/4559/4529 3886/4562/4532
f 3886/4563/4532 3883/4564/4529 3881/1975/4530 3884/1969/4533
f 3888/3447/4534 3885/3448/4531 3886/4562/4532 3889/4565/4535
f 3889/4566/4535 3886/4563/4532 3884/1969/4533 3887/1963/4536
f 3891/3452/4537 3888/3447/4534 3889/4565/4535 3892/4567/4538
f 3892/4568/4538 3889/4566/4535 3887/1963/4536 3890/1957/4539
f 3894/3455/4540 3891/3452/4537 3892/4567/4538 3895/4569/4541
f 3895/4570/4541 3892/4568/4538 3890/1957/4539 3893/1951/4542
f 3897/3458/4543 3894/3455/4540 3895/4569/4541 3898/4571/4544
f 3898/4572/4544 3895/4570/4541 3893/1951/4542 3896/1945/4545
f 3900/3461/4546 3897/3458/4543 3898/4571/4544 3901/4573/4547
f 3901/4574/4547 3898/4572/4544 3896/1945/4545 3899/1937/4548
f 3903/3464/4549 3900/3461/4546 3901/4573/4547 3904/4575/4550
f 3904/4576/4550 3901/4574/4547 3899/1937/4548 3902/1940/4551
f 3716/2307/4361 3903/3464/4549 3904/4575/4550 3718/4442/4362
f 3718/4445/4362 3904/4576/4550 3902/1940/4551 3717/3446/4364
f 3717/3446/3202 2777/2357/2216 2767/2312/2171 3713/2311/2170
